trajectory_id,seed,condition,task_id,dialog_trajectory,mechanism_trace,db_match,exact_mutation,agent_cost_usd,user_simulator_cost_usd,episode_wall_seconds,dialog_sha256,mechanism_sha256
seed_976301_C0_NATIVE_task_000,976301,C0_NATIVE,0,dialog_trajectories/seed_976301/C0_NATIVE/task_000.json,mechanism_traces/seed_976301/C0_NATIVE/task_000.json,0,0,0.00657598,0.009873999999999999,38.42837466701167,bf50179b3167a79e10d1e5bc19715b519d8eb0b351fba3c7aaa2a7c83181dcd1,fe13d4f84c75808d4982cc36a9cc3771451448ee5c88d16afe7fdbb2c804a84b
seed_976301_C0_NATIVE_task_001,976301,C0_NATIVE,1,dialog_trajectories/seed_976301/C0_NATIVE/task_001.json,mechanism_traces/seed_976301/C0_NATIVE/task_001.json,1,1,0.0062941,0.010634,37.35356970800785,6aa90ea0b2c43b124bb810b2b1a176df01d142f9ea2741a330665b9cca127942,bb9c9232c53960104afa57e14b6297567bdf643687e80c4cdba1199b2da29288
seed_976301_C0_NATIVE_task_002,976301,C0_NATIVE,2,dialog_trajectories/seed_976301/C0_NATIVE/task_002.json,mechanism_traces/seed_976301/C0_NATIVE/task_002.json,1,1,0.00927984,0.022148,47.72881320799934,838066d1e997a259228ddf03cfb3f777ce9d7518958f4a950bf36b7974d9b3da,b724c0ac2c114863f647b85fe9ef14b080e4f5223f8b8b47d40949723e15c547
seed_976301_C0_NATIVE_task_003,976301,C0_NATIVE,3,dialog_trajectories/seed_976301/C0_NATIVE/task_003.json,mechanism_traces/seed_976301/C0_NATIVE/task_003.json,1,1,0.00928462,0.011902,48.01405708299717,0f543d4efcde435097904c06f3c80fb506f0d730aab9177cdba734d47d2265f6,21d0be1ba354c21a617444178be5f194d786db491e85c37ed9d5d1994ea2812f
seed_976301_C0_NATIVE_task_004,976301,C0_NATIVE,4,dialog_trajectories/seed_976301/C0_NATIVE/task_004.json,mechanism_traces/seed_976301/C0_NATIVE/task_004.json,1,1,0.0071604600000000004,0.01213,35.31166291600675,3d021783a5cca301203130172808c990e294459db72dba181072f37a0bce44cc,19c59182aab34847aa77bfc24924282056663e19c036e8b8ad1897361e4c135c
seed_976301_C0_NATIVE_task_005,976301,C0_NATIVE,5,dialog_trajectories/seed_976301/C0_NATIVE/task_005.json,mechanism_traces/seed_976301/C0_NATIVE/task_005.json,1,1,0.007600399999999999,0.015761999999999998,38.2179754999961,32ba4e9e1e5493ed48bb75c472a5c90dac2e9e0b54401eefe7ddb5b2e47f5e99,998a3b2b3f128c2f5d6c0a611c67450c17fd1409fd874f412547cb2b41e2fd95
seed_976301_C0_NATIVE_task_006,976301,C0_NATIVE,6,dialog_trajectories/seed_976301/C0_NATIVE/task_006.json,mechanism_traces/seed_976301/C0_NATIVE/task_006.json,1,1,0.00807857,0.018535999999999997,165.54400995900505,3c4df2f4bdf9c4a6bcba599c967418a34f48b4139833b1c7219f2087f149b748,63b7193b1dea87a1fc5e133b2ad8a6f533d6502a2122c623dea9a2bf00a73238
seed_976301_C0_NATIVE_task_007,976301,C0_NATIVE,7,dialog_trajectories/seed_976301/C0_NATIVE/task_007.json,mechanism_traces/seed_976301/C0_NATIVE/task_007.json,0,0,0.009634470000000001,0.01883,57.29957716699573,ec0e8bf3466e37f864c8de8cd0ea338afff581d39758be0021a9360b947563c8,43ac916dbeaac7f90d921df378c73917ef140f1174ff10cc6bacd71643fa2844
seed_976301_C0_NATIVE_task_008,976301,C0_NATIVE,8,dialog_trajectories/seed_976301/C0_NATIVE/task_008.json,mechanism_traces/seed_976301/C0_NATIVE/task_008.json,1,1,0.0073564400000000005,0.015691999999999998,44.37711883400334,3118dcf8abda2e7e0c514e73e8578f83dd738e8585499ecf96b8dc1ed853339e,321b29cef9358aa0ee574779a1bf3f9b4828415a53f51efaee9cae2df5df27ae
seed_976301_C0_NATIVE_task_009,976301,C0_NATIVE,9,dialog_trajectories/seed_976301/C0_NATIVE/task_009.json,mechanism_traces/seed_976301/C0_NATIVE/task_009.json,1,1,0.011335740000000002,0.020306,56.885834291009814,7cf70b6b3c51c70b2b42f29b77604b5aba0c32dec11bf76dc2f0eb0b7d227a8a,d4814d75f4db26d80509d7c293916f469f56fa06478bdb080de25b03e518af08
seed_976301_C0_NATIVE_task_010,976301,C0_NATIVE,10,dialog_trajectories/seed_976301/C0_NATIVE/task_010.json,mechanism_traces/seed_976301/C0_NATIVE/task_010.json,1,1,0.0025631300000000003,0.008615999999999999,19.082284332995187,f0fef96808da458c604b3165215aa435c1516aeb12aa68a4fb75b0a32e1a885e,95a11edbeb2677fcb84291c0c16f6d0926a7ee61304da2141865220bd49e15e9
seed_976301_C0_NATIVE_task_011,976301,C0_NATIVE,11,dialog_trajectories/seed_976301/C0_NATIVE/task_011.json,mechanism_traces/seed_976301/C0_NATIVE/task_011.json,1,1,0.00523874,0.011835999999999998,33.04256199998781,6377adfb657ffe93355833a883addfbf3d67e49b62ab35c5ebac812d0c7e65b8,b0167fd4bdc726aefdf61e88ad98d20eb878ba08d7a93afbe2b5cdb3022f2385
seed_976301_C0_NATIVE_task_012,976301,C0_NATIVE,12,dialog_trajectories/seed_976301/C0_NATIVE/task_012.json,mechanism_traces/seed_976301/C0_NATIVE/task_012.json,1,1,0.00544887,0.012242,36.992147750002914,db3d8c3a4b3e698d1bba92152b658f5894518cd4cb82201bf4f3762583695b9e,6630149c3480c49c326bb97789ceb107758d4eb567971cdae7ba430691d29bf7
seed_976301_C0_NATIVE_task_013,976301,C0_NATIVE,13,dialog_trajectories/seed_976301/C0_NATIVE/task_013.json,mechanism_traces/seed_976301/C0_NATIVE/task_013.json,1,1,0.00481115,0.013238,30.2968786249985,c73c983fde375fcc01d8e48ad1980a270f944f85c03e239b5be8a44c36d8a26a,cebcc67b355dcfcadebe2b17fc4d6e1a643287899b5ad40529ff211862ae06cd
seed_976301_C0_NATIVE_task_014,976301,C0_NATIVE,14,dialog_trajectories/seed_976301/C0_NATIVE/task_014.json,mechanism_traces/seed_976301/C0_NATIVE/task_014.json,0,0,0.0048324100000000005,0.01458,33.704595250004786,20c4f8db0f5fbd4f5173af60962087aeead10deff6cd2e581c951b9f2d5b3b50,0f2a32f84470378ec38645612bfa10b5d08721aa1d4907f2c828d94dc0106250
seed_976301_C0_NATIVE_task_015,976301,C0_NATIVE,15,dialog_trajectories/seed_976301/C0_NATIVE/task_015.json,mechanism_traces/seed_976301/C0_NATIVE/task_015.json,1,1,0.00668002,0.014442,35.705844917014474,d3a1eaa55cd92ef7b1ca5c59ed6830e690433ceb00112925f5a1b68f9aa0164b,10bd04e1f7c439fd46dd79a9f32836940d6431568cfc978e87d3e4a45bd2d790
seed_976301_C0_NATIVE_task_016,976301,C0_NATIVE,16,dialog_trajectories/seed_976301/C0_NATIVE/task_016.json,mechanism_traces/seed_976301/C0_NATIVE/task_016.json,1,1,0.00727155,0.009446,34.227646332990844,a52c95a86d1c19086614f70528972f75d33bce0e3784f1b1b0db18163a60d624,c11d0a0fa0acebf73e650a933391038c35946045b3b1f5e34b8eb6de317ee894
seed_976301_C0_NATIVE_task_017,976301,C0_NATIVE,17,dialog_trajectories/seed_976301/C0_NATIVE/task_017.json,mechanism_traces/seed_976301/C0_NATIVE/task_017.json,1,1,0.0028853600000000004,0.009331999999999998,20.27477249999356,437a35c085cc6fb8bb591a1e0b39ac7fb66d5c9a952878f5aa5e620746f91616,fffad7034304d03a95ff8f6644b835875f5bd895879a87ee8a0a8b13cab9ad3d
seed_976301_C0_NATIVE_task_018,976301,C0_NATIVE,18,dialog_trajectories/seed_976301/C0_NATIVE/task_018.json,mechanism_traces/seed_976301/C0_NATIVE/task_018.json,1,1,0.006218590000000001,0.015533999999999997,43.79071387500153,02257ce50ca01c476dec538b0be817177d2962ba1e4c73836843789d4b509fca,7a636f34253bf549fa9b34fd3b50301f279da1b0650f0207664a1ca4dc1c165d
seed_976301_C0_NATIVE_task_019,976301,C0_NATIVE,19,dialog_trajectories/seed_976301/C0_NATIVE/task_019.json,mechanism_traces/seed_976301/C0_NATIVE/task_019.json,1,1,0.009110360000000001,0.010678,50.50802829200984,85fb2f1bcf02432403263ba2928bcfdb3e2dee593bf990e965fd726b5c272de9,58d1dce9a04209ec6750d8edb9490e86358e8aace352dc4a783f6b1cc0bfd2cf
seed_976301_C0_NATIVE_task_020,976301,C0_NATIVE,20,dialog_trajectories/seed_976301/C0_NATIVE/task_020.json,mechanism_traces/seed_976301/C0_NATIVE/task_020.json,0,0,0.00930928,0.012745999999999999,52.21520570901339,3e013540372acae65904631b82e9069fd9744370979133313f527823d4e0e33e,3f0179401852faeaab5292c95227ff27037c91972e15611112991a40e0c98a04
seed_976301_C0_NATIVE_task_021,976301,C0_NATIVE,21,dialog_trajectories/seed_976301/C0_NATIVE/task_021.json,mechanism_traces/seed_976301/C0_NATIVE/task_021.json,1,1,0.010908020000000001,0.012686000000000001,55.2935765000002,d3dc107b60dadd77bf068062add6c569e6d3baa1d511b0b8d2b29f9064ae4a1c,6606ac0b781b09f7cbaade4dc180b97d6e52c24132f3eb81e2f70aeb858296b7
seed_976301_C0_NATIVE_task_022,976301,C0_NATIVE,22,dialog_trajectories/seed_976301/C0_NATIVE/task_022.json,mechanism_traces/seed_976301/C0_NATIVE/task_022.json,1,1,0.0062377000000000005,0.014285999999999998,31.643123540998204,cd808167098fe3936852ea5b5870985f0a2dae5c47cd03664834f184a1392471,11206eda1a6aa01835d2c670fc6b18c223fba358655f02ee292f38343539fe44
seed_976301_C0_NATIVE_task_023,976301,C0_NATIVE,23,dialog_trajectories/seed_976301/C0_NATIVE/task_023.json,mechanism_traces/seed_976301/C0_NATIVE/task_023.json,1,1,0.009849479999999999,0.012811999999999999,46.91954941599397,30dfaaf3961a8ea1134952a4ff7d3ca2829e9c9ec3b07ec3347dee6f66405029,fd4d4970a50aff1ef30f0475f031b7ea8323b51f9c8a7b6e26e2ca052632781d
seed_976301_C0_NATIVE_task_024,976301,C0_NATIVE,24,dialog_trajectories/seed_976301/C0_NATIVE/task_024.json,mechanism_traces/seed_976301/C0_NATIVE/task_024.json,1,1,0.004487130000000001,0.010181999999999998,25.45029487501597,4d71742a99c5e3d78fc471003026c4d8ea579f70375837be220bbb0590e2df05,315e022f8512726f8608e0440c734da065f81dfcfedb90f7c799a12052668d3e
seed_976301_C0_NATIVE_task_025,976301,C0_NATIVE,25,dialog_trajectories/seed_976301/C0_NATIVE/task_025.json,mechanism_traces/seed_976301/C0_NATIVE/task_025.json,0,0,0.006078890000000001,0.010922,33.98026199999731,3e5c0c342ebcf2c055fb8baac5fb14982d9f1c17c8692cd7710c141af7593f51,c4762a4d79131f1dcd8141c4718688721e3d2c40d6c9f82cc3e521507f6f4f6f
seed_976301_C0_NATIVE_task_026,976301,C0_NATIVE,26,dialog_trajectories/seed_976301/C0_NATIVE/task_026.json,mechanism_traces/seed_976301/C0_NATIVE/task_026.json,1,1,0.0048867400000000005,0.011431999999999998,29.7853674999933,f73fceabe19a78e139aed97dc9f4caa71fc264e32a5e4912b498d53467f74cb8,7ca489de964c09a7383f96940f808c45665adddc7fe8b149abc656f416a45f2f
seed_976301_C0_NATIVE_task_027,976301,C0_NATIVE,27,dialog_trajectories/seed_976301/C0_NATIVE/task_027.json,mechanism_traces/seed_976301/C0_NATIVE/task_027.json,1,1,0.00639579,0.009358,29.598256458994,1324ea6b7467c21007b1cd8bfcf54ae9337bdbf7576879f6e307933b6177187b,1f5048a7955febc271ddd55bb4f9426a122c57d85c73a977bffcfd4789152909
seed_976301_C0_NATIVE_task_028,976301,C0_NATIVE,28,dialog_trajectories/seed_976301/C0_NATIVE/task_028.json,mechanism_traces/seed_976301/C0_NATIVE/task_028.json,1,1,0.011241689999999999,0.026401999999999995,59.770974000013666,78ce7a6fa04504784a0de70c53eb0cf7867aa51d247889fc97056b3b49e0f765,53b3d3ce773833b37f55968352e336ad51803621e3f6f58507b945b439cbce57
seed_976301_C0_NATIVE_task_029,976301,C0_NATIVE,29,dialog_trajectories/seed_976301/C0_NATIVE/task_029.json,mechanism_traces/seed_976301/C0_NATIVE/task_029.json,1,1,0.009154180000000001,0.009804,52.293604875012534,257db062314b1e1bec45a2f190f09ffc06f3c7cb7258b5ed8226bc6c57d55932,16219412d003457efdbd140b83ecc285dab83eac67943701f98563b2403c5be6
seed_976301_C0_NATIVE_task_030,976301,C0_NATIVE,30,dialog_trajectories/seed_976301/C0_NATIVE/task_030.json,mechanism_traces/seed_976301/C0_NATIVE/task_030.json,1,1,0.00956262,0.026434,50.93499145901296,2c35c805b35a5a53fe5a5556b36fb205025f54c67ba57afa4708fd28e643ad86,84c75c36ae84fb0e908c3327b9404434144fc02fb683d01f69349143cb81d19a
seed_976301_C0_NATIVE_task_031,976301,C0_NATIVE,31,dialog_trajectories/seed_976301/C0_NATIVE/task_031.json,mechanism_traces/seed_976301/C0_NATIVE/task_031.json,0,0,0.00476955,0.009654,28.099747625004966,b9bc1e4f177e0902a1b0f8201cdb700db5bfcdd491c0bed768aee21c8b6d30ee,2c465a0fb30ccf1c9076ba63e864eca9bced88564773739957b4ea0f27a4d787
seed_976301_C0_NATIVE_task_032,976301,C0_NATIVE,32,dialog_trajectories/seed_976301/C0_NATIVE/task_032.json,mechanism_traces/seed_976301/C0_NATIVE/task_032.json,1,1,0.007990500000000001,0.019784,42.234460334002506,5d06d0534010e87b8f39a02879414c02158cfed479a1f52c60bce2453cd66226,0c997901ee982ea3afca1fb60198b333da11f54d96244b43985fffcb104b6ba0
seed_976301_C0_NATIVE_task_033,976301,C0_NATIVE,33,dialog_trajectories/seed_976301/C0_NATIVE/task_033.json,mechanism_traces/seed_976301/C0_NATIVE/task_033.json,1,1,0.00534695,0.017259999999999998,35.24793250000221,295dcc64214f5a373ba8c40328e2ac0faabff1836ebd2d38e37292fe725239cf,32840aed6e8c04f65072c5242dc9ed96e71a8223ebbe3494c739ec0e7b0e97bd
seed_976301_C0_NATIVE_task_034,976301,C0_NATIVE,34,dialog_trajectories/seed_976301/C0_NATIVE/task_034.json,mechanism_traces/seed_976301/C0_NATIVE/task_034.json,0,0,0.0056862499999999995,0.013725999999999999,34.79315216600662,a4dc979f1518b3fe39e37cf7141d4ece89b11ddae7589b874a2474519b90e005,3a6eb53436f10cfe932b7d60ba5b06466ef9e55a57e79a90fe1f669ddbd8ce0f
seed_976301_C0_NATIVE_task_035,976301,C0_NATIVE,35,dialog_trajectories/seed_976301/C0_NATIVE/task_035.json,mechanism_traces/seed_976301/C0_NATIVE/task_035.json,1,1,0.00810482,0.014488000000000001,41.79298412500066,b50d4db0bd020b6f494259c778983493d745028860fff2f153ccbc840f96e405,0f5f44ee7e5c1d3d2c774e12ffe8f7a0209c52df8265a3370c42784c871ff917
seed_976301_C0_NATIVE_task_036,976301,C0_NATIVE,36,dialog_trajectories/seed_976301/C0_NATIVE/task_036.json,mechanism_traces/seed_976301/C0_NATIVE/task_036.json,1,1,0.010593489999999999,0.021917999999999997,67.19315508300497,d50e3fb39a210b73801ae22b6d2ad0a26710831591bca2791479f8d5dd854f76,da2b946e3a5c3965815845c27a34a2caa792ff4892c49150df34d31355cbe0fd
seed_976301_C0_NATIVE_task_038,976301,C0_NATIVE,38,dialog_trajectories/seed_976301/C0_NATIVE/task_038.json,mechanism_traces/seed_976301/C0_NATIVE/task_038.json,0,0,0.0074621900000000005,0.014891999999999999,60.58105862500088,fd4e906a37478df7aa16436f0bab8284994d57b0c6dff6a5c7148836b507879f,8f0b45ea53ea48fbbc8c7fb3ab5f24233b11661bbcdc0b78646dbb51396332ea
seed_976301_C0_NATIVE_task_039,976301,C0_NATIVE,39,dialog_trajectories/seed_976301/C0_NATIVE/task_039.json,mechanism_traces/seed_976301/C0_NATIVE/task_039.json,0,0,0.0062917500000000005,0.020306,38.87575974999345,8c9ec66d2a7d44210a5394e81b620e3e0377661b06db8382624a405efbb3ca82,076f3b82511cc480ace9ff64879e33454f4faeb87edee839bc66bf15ea13e26d
seed_976301_C0_NATIVE_task_040,976301,C0_NATIVE,40,dialog_trajectories/seed_976301/C0_NATIVE/task_040.json,mechanism_traces/seed_976301/C0_NATIVE/task_040.json,1,1,0.00290706,0.008483999999999998,18.47365929200896,05c1938afbc0e5f95a8f717ea1f89db0ad324d1a74901c01956b162a38614434,8221d56f147ffad3f966683e222bded68f3c91cb15a3496d7dae22d530a4cfb4
seed_976301_C0_NATIVE_task_042,976301,C0_NATIVE,42,dialog_trajectories/seed_976301/C0_NATIVE/task_042.json,mechanism_traces/seed_976301/C0_NATIVE/task_042.json,0,0,0.007982280000000001,0.014258,48.82352499999979,6be7f96b1f1612b539ffc98395639a7e45802923cf1d4d51161af4f4556c81b5,05c51e0cbec1dcd12686b4fc8187af864ca6471a9371105a4a8f9cd4a9288f7c
seed_976301_C0_NATIVE_task_043,976301,C0_NATIVE,43,dialog_trajectories/seed_976301/C0_NATIVE/task_043.json,mechanism_traces/seed_976301/C0_NATIVE/task_043.json,0,0,0.00623375,0.020761999999999996,37.84886312500748,5fc9c9b28654bcdf8503f2e67c2589f08c81eddaa79725aa988c1350ab313996,6b7582528aae741cbae60cd2cb24ee402080efafe5c7939b9e9af5651d51d417
seed_976301_C0_NATIVE_task_045,976301,C0_NATIVE,45,dialog_trajectories/seed_976301/C0_NATIVE/task_045.json,mechanism_traces/seed_976301/C0_NATIVE/task_045.json,0,0,0.00602628,0.00886,44.33345679199556,acd4ab172e968b91e28018c850c42751c609601c09d325825318213eff2b3a7c,26eff20c7af06f6d5795bc85891322b72ffc5fece65ca733c2f8864db74b9829
seed_976301_C0_NATIVE_task_049,976301,C0_NATIVE,49,dialog_trajectories/seed_976301/C0_NATIVE/task_049.json,mechanism_traces/seed_976301/C0_NATIVE/task_049.json,0,0,0.0056928000000000005,0.0092,36.61723829100083,caccdd8a30e2985e05c0d415be55f6cba9429bf5f79fa3388890789b2db51f5c,1ef5c626d75535bcdec6238967528dba990f8d65820bf5c92b44ca76e2debb21
seed_976301_C0_NATIVE_task_050,976301,C0_NATIVE,50,dialog_trajectories/seed_976301/C0_NATIVE/task_050.json,mechanism_traces/seed_976301/C0_NATIVE/task_050.json,1,1,0.00227196,0.006036,12.768874458997743,add9d8ee1f8f7d35d35113a637dc46e6839f9d247fca8092909bde1366cac464,2ad21578ff0a6f2f77debae65d59e6e5505abfef27c523eb2cbde25a9d6e2a10
seed_976301_C0_NATIVE_task_051,976301,C0_NATIVE,51,dialog_trajectories/seed_976301/C0_NATIVE/task_051.json,mechanism_traces/seed_976301/C0_NATIVE/task_051.json,1,1,0.0044691999999999996,0.01137,33.400656249999884,41f242a4ff77145916e2db574187fc647177fe3dffabd4bd0544969f5af4bc0d,a56c3b182311304d75395cb66870511961d60fb37c7a3604f4b6b629f3459dc3
seed_976301_C0_NATIVE_task_053,976301,C0_NATIVE,53,dialog_trajectories/seed_976301/C0_NATIVE/task_053.json,mechanism_traces/seed_976301/C0_NATIVE/task_053.json,1,1,0.00653204,0.015411999999999999,33.535305582990986,3b90297b6d7406e8acd747c63ed3f25a8bff5cb815af106455ef76d85b1040eb,a47f8f1a0904a5b2d58e768963d0f6310ecb5a5cbf086e0fe901b32a43594601
seed_976301_C0_NATIVE_task_054,976301,C0_NATIVE,54,dialog_trajectories/seed_976301/C0_NATIVE/task_054.json,mechanism_traces/seed_976301/C0_NATIVE/task_054.json,1,1,0.01004877,0.012983999999999999,51.42022854197421,4d7a5ea13ea5e8156c8789a9b914852c5c7e3ca2031204b91d82552c6196a3e9,bc06031d2ad1f361dc844be27bb2509863d852d9bd1d2d7d5079effbf4e9d79a
seed_976301_C0_NATIVE_task_055,976301,C0_NATIVE,55,dialog_trajectories/seed_976301/C0_NATIVE/task_055.json,mechanism_traces/seed_976301/C0_NATIVE/task_055.json,1,1,0.00751491,0.015952,40.28733654199459,8d571af2db32f3c51da08fc7bf8381aec8b4da129284d40151ca62dd2e55a25f,07ad8b0e92ee5aed5f172c2c821a63a3f66e2ec7ea809b67efafc011c330ec03
seed_976301_C0_NATIVE_task_056,976301,C0_NATIVE,56,dialog_trajectories/seed_976301/C0_NATIVE/task_056.json,mechanism_traces/seed_976301/C0_NATIVE/task_056.json,1,1,0.00629517,0.012870000000000001,37.013236208003946,3f99ad20f42d2392b553998de9d5f26732fbb98ec3a4eeacb230433545ac280b,8d80b0d771e8544b58397cf1f2c68e7340181943fd78b53041f9e9bb4712750d
seed_976301_C0_NATIVE_task_059,976301,C0_NATIVE,59,dialog_trajectories/seed_976301/C0_NATIVE/task_059.json,mechanism_traces/seed_976301/C0_NATIVE/task_059.json,0,0,0.0043771800000000005,0.01187,25.678457792004338,20e09f1f3a7c6cbc20601a2e7f6bb2a45020d92102f2c827862e5477f404a61f,27399dbcdfc588ce8d7bc4bcf39855d5f483d04c34325052a703b8f7b4be757d
seed_976301_C0_NATIVE_task_060,976301,C0_NATIVE,60,dialog_trajectories/seed_976301/C0_NATIVE/task_060.json,mechanism_traces/seed_976301/C0_NATIVE/task_060.json,1,1,0.004086480000000001,0.00917,21.58411187499587,c37218a34b140a02c9149bdb79e46e32fa95cbfd06eb91e680a6ec6f9ebde23a,8058e1afdfe0202f3ba02ce0392e08da992dab3ea4021e130cd1a41c863af0f1
seed_976301_C0_NATIVE_task_061,976301,C0_NATIVE,61,dialog_trajectories/seed_976301/C0_NATIVE/task_061.json,mechanism_traces/seed_976301/C0_NATIVE/task_061.json,1,1,0.00502718,0.008506,162.13870445798966,ea10ef405307a0288e3d52f1a99f1b559300054603903a080f5e51ac39cd626c,c1cd0e01ec98b4a5faace338ad9bc2a4ffa93baf1dae55390cdc9856642190e3
seed_976301_C0_NATIVE_task_062,976301,C0_NATIVE,62,dialog_trajectories/seed_976301/C0_NATIVE/task_062.json,mechanism_traces/seed_976301/C0_NATIVE/task_062.json,1,1,0.006628330000000001,0.013151999999999999,39.08735304100264,01fcf63ce81d607bd9999c8ae52f200836f7f44e11ab94af209b738da8b77a58,8e2fb05aaba4661d60f32d968af257b57013e33307956f441df1a1cb812598ca
seed_976301_C0_NATIVE_task_064,976301,C0_NATIVE,64,dialog_trajectories/seed_976301/C0_NATIVE/task_064.json,mechanism_traces/seed_976301/C0_NATIVE/task_064.json,1,0,0.00718458,0.016292,49.032327417007764,8ae35a2a72c4e02bc587ccbc78df2431e98996c990c71df200beeeb9dd55a3ea,ba3e0610095afe6dba04cfda4bfa145214b8cf9203cae13bca6c7179450a9470
seed_976301_C0_NATIVE_task_065,976301,C0_NATIVE,65,dialog_trajectories/seed_976301/C0_NATIVE/task_065.json,mechanism_traces/seed_976301/C0_NATIVE/task_065.json,1,1,0.00333133,0.00886,19.80751583300298,ae9cad090bf2ede30cb91f512f6c2674735db2a6e214e651d4df497baea305fd,6f4c8de618a73d238c5a62c739b057602c670eeb6666e56415086beb6a65385d
seed_976301_C0_NATIVE_task_068,976301,C0_NATIVE,68,dialog_trajectories/seed_976301/C0_NATIVE/task_068.json,mechanism_traces/seed_976301/C0_NATIVE/task_068.json,1,1,0.00193792,0.0053100000000000005,11.232126542003243,dd04f598f0425c6af344aa011e3a9bdf0b865a063fb2bc882aba8943b710b131,14c1f2ddadbd10538eaa83cfe6441db1a9582e594e2185a44beaa19fa8dcf8ce
seed_976301_C0_NATIVE_task_070,976301,C0_NATIVE,70,dialog_trajectories/seed_976301/C0_NATIVE/task_070.json,mechanism_traces/seed_976301/C0_NATIVE/task_070.json,0,0,0.00293713,0.006972,20.465565875012544,442641db981c1c8c06a9e6ff2ebecb75fd7a70cbc7ebf472cb8fdead3833177e,6a4104ec5daedb416a4dfe0feb442cd2850e2937eb1f125ca098a589c082a756
seed_976301_C0_NATIVE_task_071,976301,C0_NATIVE,71,dialog_trajectories/seed_976301/C0_NATIVE/task_071.json,mechanism_traces/seed_976301/C0_NATIVE/task_071.json,0,0,0.0085056,0.019595999999999995,44.54444854200119,47b53b0f3c0746d20bcc20d950156795ceeeb27f8f009806e23588985b5fd085,64a79f59379a12260cccdd6b262df89b95dd560b5e5938356b0f26fdcdbd2095
seed_976301_C0_NATIVE_task_073,976301,C0_NATIVE,73,dialog_trajectories/seed_976301/C0_NATIVE/task_073.json,mechanism_traces/seed_976301/C0_NATIVE/task_073.json,1,1,0.00303358,0.006445999999999999,24.28519208400394,eff1c6e086efe2700d147d77f5d83437856580039485e1c44518cf081273a49b,11d4d4ba4560076ebabdde96633cbd4e00ffdfa67f3416fa9e59f152880c7fd0
seed_976301_C0_NATIVE_task_074,976301,C0_NATIVE,74,dialog_trajectories/seed_976301/C0_NATIVE/task_074.json,mechanism_traces/seed_976301/C0_NATIVE/task_074.json,1,1,0.008284399999999999,0.01364,40.93707508299849,fd80f74670d52938d4ff0318a0585e9233d492f285eb304b8af6b3e8fe16c734,56cd508b7b1fc438ce1238cb38b985ed8300d4222615527773ac18dd2b0e97eb
seed_976301_C0_NATIVE_task_075,976301,C0_NATIVE,75,dialog_trajectories/seed_976301/C0_NATIVE/task_075.json,mechanism_traces/seed_976301/C0_NATIVE/task_075.json,1,1,0.0041940200000000006,0.008568,21.368364665977424,065fcd3a8b5d662ac7ca5afa0b0eca4c8b21fe101afc1656d0d46a7588752408,8ab7a0604940ddef73b21fbcfe4b9a342117586bec5a06db570210e26f699e56
seed_976301_C0_NATIVE_task_077,976301,C0_NATIVE,77,dialog_trajectories/seed_976301/C0_NATIVE/task_077.json,mechanism_traces/seed_976301/C0_NATIVE/task_077.json,1,1,0.0034690400000000005,0.006446,22.678584374996717,10b101339d116d99228b3638c39d017b774824f616a45d6b6527bb0f52d31154,8cadc0bac42e7ec8884a324207bdb0e153bb071715b0d09c85e98c709f505a36
seed_976301_C0_NATIVE_task_079,976301,C0_NATIVE,79,dialog_trajectories/seed_976301/C0_NATIVE/task_079.json,mechanism_traces/seed_976301/C0_NATIVE/task_079.json,0,0,0.008601619999999999,0.012232,45.07347554199805,1673b09a047e4d799d3243dba6203cbb8216f869fda4d3254559061b09f4ec5c,162eea0e0ce488171416dc4ec38412f3e1ffba1e8a47d254bde40770264befc2
seed_976301_C0_NATIVE_task_080,976301,C0_NATIVE,80,dialog_trajectories/seed_976301/C0_NATIVE/task_080.json,mechanism_traces/seed_976301/C0_NATIVE/task_080.json,1,1,0.0075569,0.016621999999999998,41.65906425000867,64128374716e497bf1aafee85f7b1743f19d8a2b4edc982150a0f65662cbb58a,408be98e7d8cdeb8eceff9972f4e9626e6924bfe03899fb9916545b8d3903fcb
seed_976301_C0_NATIVE_task_086,976301,C0_NATIVE,86,dialog_trajectories/seed_976301/C0_NATIVE/task_086.json,mechanism_traces/seed_976301/C0_NATIVE/task_086.json,1,1,0.01060005,0.012192,57.6639387079922,b7fa50af0cbfd20bfa1f336d614eb09289263ff48f220cbadb2a8f08d03438ea,33a00ebdfc64fac08c4025430ed6bf9164585d280c1643288af68160de652456
seed_976301_C0_NATIVE_task_087,976301,C0_NATIVE,87,dialog_trajectories/seed_976301/C0_NATIVE/task_087.json,mechanism_traces/seed_976301/C0_NATIVE/task_087.json,0,0,0.00687721,0.011359999999999999,41.00564200000372,1b86e2cba7cd65bc0f4237b74cbd61ec1b98bbe697749fd5b52a9df50c5f4358,88b9d1e133d0cab25d901024f57df6b2b68529747458d6f924abba863aaf0905
seed_976301_C0_NATIVE_task_090,976301,C0_NATIVE,90,dialog_trajectories/seed_976301/C0_NATIVE/task_090.json,mechanism_traces/seed_976301/C0_NATIVE/task_090.json,0,0,0.00457625,0.010694,25.942778500000713,8b09c47c5dbddee5efc11486b9d8142e0a9d45c23bf08deb240389f465c7658f,ca19c422b55b1700171b3630d9d2c4ada84239ccb5de9373cd50e2645e7a2827
seed_976301_C0_NATIVE_task_091,976301,C0_NATIVE,91,dialog_trajectories/seed_976301/C0_NATIVE/task_091.json,mechanism_traces/seed_976301/C0_NATIVE/task_091.json,1,1,0.01017326,0.021655999999999998,63.1330053749989,a8cd0e33d5321ebdf2ca57d6effd6ffc55e05d8ff1a30b77501908e84138e284,ca8c8ac39d60e1db27b5358413de4d0e522dbc212f72ca93cb003d057a5ad62e
seed_976301_C0_NATIVE_task_094,976301,C0_NATIVE,94,dialog_trajectories/seed_976301/C0_NATIVE/task_094.json,mechanism_traces/seed_976301/C0_NATIVE/task_094.json,1,1,0.006558919999999999,0.010023999999999998,39.09955900000932,6edafeafa9d91f290e625f87fda6574c5147704f8a1ab55924bbff20679b4fcc,9db44a0d19b722f66e3d7d21dd311eb411db0c5b0aea0d863f7376b9325d3e89
seed_976301_C0_NATIVE_task_095,976301,C0_NATIVE,95,dialog_trajectories/seed_976301/C0_NATIVE/task_095.json,mechanism_traces/seed_976301/C0_NATIVE/task_095.json,1,1,0.01042057,0.016791999999999998,54.48852308400092,a75b8fd5923c0f3a95480e668ef5d5ad1fe5e1f7790067838d1314decc9c8ee3,190a2d939cbc7c908cf4cbc2bb2ed117fc19c8897cb0b4e3c9ea1f6fc7ad4df3
seed_976301_C0_NATIVE_task_097,976301,C0_NATIVE,97,dialog_trajectories/seed_976301/C0_NATIVE/task_097.json,mechanism_traces/seed_976301/C0_NATIVE/task_097.json,0,0,0.0050586,0.014903999999999999,32.49376129200391,7ddf0ef749911e481792682555e68a2aadc745d4f3c54f73c89988975936f4a8,ba99857417d9333429eec5f7706d71a856dff9534c29346fa0cfc86b0ad1d413
seed_976301_C0_NATIVE_task_099,976301,C0_NATIVE,99,dialog_trajectories/seed_976301/C0_NATIVE/task_099.json,mechanism_traces/seed_976301/C0_NATIVE/task_099.json,0,0,0.0029632,0.009047999999999999,18.321294084002147,2551fc6fa5f4285ba3e6adc1af5818046bf617dba091223f872b794cea693820,f35fb8e354b5d1dea29b7426970bcd8b41f85e34b79164f125c4f391fe1b9c06
seed_976301_C0_NATIVE_task_100,976301,C0_NATIVE,100,dialog_trajectories/seed_976301/C0_NATIVE/task_100.json,mechanism_traces/seed_976301/C0_NATIVE/task_100.json,0,0,0.00844767,0.008536,43.59202224999899,89518109ecd32d4c7fa64cf84437517cf47bf5d3a14eefad5e5179dabf678c77,e361abab33e50d792bf09a6cc77249a141c66c9ef7937ca9ec8c8f5eb8c6733d
seed_976301_C0_NATIVE_task_101,976301,C0_NATIVE,101,dialog_trajectories/seed_976301/C0_NATIVE/task_101.json,mechanism_traces/seed_976301/C0_NATIVE/task_101.json,1,1,0.011115009999999998,0.015844,59.92402016700362,bf5f73730345d8aed458528f108e4c0a1e5e20c44af90fb93c2074e2cc842328,4f2b85c2cd1f88d225c0dab1adf154e326c23db474326ebd44b8e992164d6522
seed_976301_C0_NATIVE_task_102,976301,C0_NATIVE,102,dialog_trajectories/seed_976301/C0_NATIVE/task_102.json,mechanism_traces/seed_976301/C0_NATIVE/task_102.json,1,1,0.01146752,0.012707999999999999,60.83616983299726,d178b8f73095009399d7ba3c84b5f4f31ff6ce3ac8bfb117a42a63098d8448a8,bdb54052e524b585b2c026dad09077fd09212f0af35d3bb58ef371477aefa557
seed_976301_C0_NATIVE_task_105,976301,C0_NATIVE,105,dialog_trajectories/seed_976301/C0_NATIVE/task_105.json,mechanism_traces/seed_976301/C0_NATIVE/task_105.json,1,0,0.00730139,0.012977999999999998,40.91433329199208,e81fa84d44692ff60540c5cd0305b1792373bcbf1d60ef699e8f4708089dfa77,d38d97d987fa1feeddd641abb47efc85050a79d844e9f025ee98f4c5889dcf98
seed_976301_C0_NATIVE_task_108,976301,C0_NATIVE,108,dialog_trajectories/seed_976301/C0_NATIVE/task_108.json,mechanism_traces/seed_976301/C0_NATIVE/task_108.json,0,0,0.006138920000000003,0.018434,38.018561667006,a972d2efca6113ed66432b392b22c5faeb04c234215f64149cf91498468d329b,bcdec1e6003ff3382b605b0a79e43a41e9dfb86866c875481f051c7796723d91
seed_976301_C0_NATIVE_task_111,976301,C0_NATIVE,111,dialog_trajectories/seed_976301/C0_NATIVE/task_111.json,mechanism_traces/seed_976301/C0_NATIVE/task_111.json,0,0,0.01164841,0.018196,61.94106762499723,2a4bc2fedf6db36474605f73eac9f70dc0651b219e833860b9db8251c67b1533,81e98fe71a7ad4d6b3d9c4f2e05339d1ea00a3cb86c58f8607007ca000ddc4f3
seed_976301_C0_NATIVE_task_113,976301,C0_NATIVE,113,dialog_trajectories/seed_976301/C0_NATIVE/task_113.json,mechanism_traces/seed_976301/C0_NATIVE/task_113.json,1,1,0.0043634699999999995,0.00743,26.913051707990235,f94ed3bb5081004dddb2dcd338cf2bc068993f949f688f0b15dc33be32adb950,ad6baf508038b48ac6c0f12a8758e64ea890c5c45050268cd551eff91e8695a5
seed_976301_C1_SEMANTIC_SUPPORT_task_000,976301,C1_SEMANTIC_SUPPORT,0,dialog_trajectories/seed_976301/C1_SEMANTIC_SUPPORT/task_000.json,mechanism_traces/seed_976301/C1_SEMANTIC_SUPPORT/task_000.json,0,0,0.01053159,0.016698,58.978581250004936,7c3b2c51a015e6063d7782c16f8e4b3bb2cbd03bc23706a06afc42ab7e616836,b765d7d0e60deb2c2b564692e7725ba6fe9fb05ec40221ad01a95236d9ed0836
seed_976301_C1_SEMANTIC_SUPPORT_task_001,976301,C1_SEMANTIC_SUPPORT,1,dialog_trajectories/seed_976301/C1_SEMANTIC_SUPPORT/task_001.json,mechanism_traces/seed_976301/C1_SEMANTIC_SUPPORT/task_001.json,0,0,0.00684253,0.009323999999999999,56.12649887497537,0e9d5df8208c97c97126cdaecf05313900069e7f6a6f7ecece5cc3cce9fb8f63,747977562c7700b0fe8955f0245a47ff589d7b25c12bdea5433cfd70c12078ec
seed_976301_C1_SEMANTIC_SUPPORT_task_002,976301,C1_SEMANTIC_SUPPORT,2,dialog_trajectories/seed_976301/C1_SEMANTIC_SUPPORT/task_002.json,mechanism_traces/seed_976301/C1_SEMANTIC_SUPPORT/task_002.json,1,1,0.011777940000000002,0.017203999999999997,65.39819725000416,33dcc0277d9add54500181ce2221e00b3c4c747983312f89be8a0ab0620398da,055a2a5aa0205febbb1ed2a19bf661fdc50c5204f8d267979b05d09f59950249
seed_976301_C1_SEMANTIC_SUPPORT_task_003,976301,C1_SEMANTIC_SUPPORT,3,dialog_trajectories/seed_976301/C1_SEMANTIC_SUPPORT/task_003.json,mechanism_traces/seed_976301/C1_SEMANTIC_SUPPORT/task_003.json,1,1,0.009497489999999999,0.012306,50.457931250013644,5f0db7193dd951407424f6d8038afb8b7c9b009b0f4570713c30af71b3f295af,26ab5ce9d97e6b8b4da0dc9e041ae4df128f9ecbfd73b9cb9e644c34759e7e72
seed_976301_C1_SEMANTIC_SUPPORT_task_004,976301,C1_SEMANTIC_SUPPORT,4,dialog_trajectories/seed_976301/C1_SEMANTIC_SUPPORT/task_004.json,mechanism_traces/seed_976301/C1_SEMANTIC_SUPPORT/task_004.json,1,1,0.01459151,0.014363999999999998,64.35992945797625,93e1b103150e2c55cdf5f4db44d726ec60884744b11bb6983e4870361fc382af,ad812680a6798e6336395f21b3eada7cf67db78211155c4c0b3b344be5c9600d
seed_976301_C1_SEMANTIC_SUPPORT_task_005,976301,C1_SEMANTIC_SUPPORT,5,dialog_trajectories/seed_976301/C1_SEMANTIC_SUPPORT/task_005.json,mechanism_traces/seed_976301/C1_SEMANTIC_SUPPORT/task_005.json,0,0,0.0111743,0.012947999999999998,58.71923729199625,bde57da2d08d861b3f15ef39ef78b280f617a0e3d3a080b9f3a5a2fdd5a6aab0,5bb7f39e3caa9f63b825b3efc86c9d179654a23f1cea5c9db1f9251a9c3871d2
seed_976301_C1_SEMANTIC_SUPPORT_task_006,976301,C1_SEMANTIC_SUPPORT,6,dialog_trajectories/seed_976301/C1_SEMANTIC_SUPPORT/task_006.json,mechanism_traces/seed_976301/C1_SEMANTIC_SUPPORT/task_006.json,1,1,0.010275240000000001,0.020883999999999996,61.3492554169934,40da2958fa6557fb403c339a455a0ef549bce8c24baba11776fb95c52e245c87,1caad5367cc70f454e61f4acefd5f1e5c0cd75c50e4ef12fe10b7e6501d8ac73
seed_976301_C1_SEMANTIC_SUPPORT_task_007,976301,C1_SEMANTIC_SUPPORT,7,dialog_trajectories/seed_976301/C1_SEMANTIC_SUPPORT/task_007.json,mechanism_traces/seed_976301/C1_SEMANTIC_SUPPORT/task_007.json,0,0,0.00916515,0.014225999999999999,52.56351791601628,eb1c492c311a193685057d93c67def3278730f70cb5dae4e307b8987d86faaa1,33835b2a2b97e89312e52ddfb9f65c4912d20cbefb161d7dff8769a6f5303102
seed_976301_C1_SEMANTIC_SUPPORT_task_008,976301,C1_SEMANTIC_SUPPORT,8,dialog_trajectories/seed_976301/C1_SEMANTIC_SUPPORT/task_008.json,mechanism_traces/seed_976301/C1_SEMANTIC_SUPPORT/task_008.json,1,1,0.012527670000000001,0.014135999999999998,56.35553641599836,1302849fe163a780a7aff8a246cf4fd260ecba4cf1212902c2cd6f5671adaa44,b819b920dda594560cb0a9a44f290533b7318164b6176205057cec489f908eec
seed_976301_C1_SEMANTIC_SUPPORT_task_009,976301,C1_SEMANTIC_SUPPORT,9,dialog_trajectories/seed_976301/C1_SEMANTIC_SUPPORT/task_009.json,mechanism_traces/seed_976301/C1_SEMANTIC_SUPPORT/task_009.json,1,1,0.010236630000000002,0.01049,41.778602124992176,5d0521eaa37e1ce2532dda926b0d07ff97ffa84ace0df53b910cab4bc6747d38,2597a4b1e00bc3fc393eadcf349574a9132ec74128a4f6b7d1fe8f0eba42efed
seed_976301_C1_SEMANTIC_SUPPORT_task_010,976301,C1_SEMANTIC_SUPPORT,10,dialog_trajectories/seed_976301/C1_SEMANTIC_SUPPORT/task_010.json,mechanism_traces/seed_976301/C1_SEMANTIC_SUPPORT/task_010.json,1,1,0.00954939,0.015168000000000001,52.07783929101424,fe80530148aa25a70d9d8bd9219dd395afecbafb0e88eee035d63ced0d179c8f,33a73a2d030e6129928c8e1b880a1df73e8f24414c6f8425054c1ef483e79b91
seed_976301_C1_SEMANTIC_SUPPORT_task_011,976301,C1_SEMANTIC_SUPPORT,11,dialog_trajectories/seed_976301/C1_SEMANTIC_SUPPORT/task_011.json,mechanism_traces/seed_976301/C1_SEMANTIC_SUPPORT/task_011.json,1,1,0.007581619999999999,0.012202000000000001,43.43804787500994,a27c8c2ee18f930996dd9d195160b160ecda9c2d6c97acaf85634fca46f6daee,c1c9d00a888670893e8d0741c82516027d00cc58567473137388882812eeaad2
seed_976301_C1_SEMANTIC_SUPPORT_task_012,976301,C1_SEMANTIC_SUPPORT,12,dialog_trajectories/seed_976301/C1_SEMANTIC_SUPPORT/task_012.json,mechanism_traces/seed_976301/C1_SEMANTIC_SUPPORT/task_012.json,1,1,0.00429805,0.0075840000000000005,26.23759995799628,3692ab4d9c08de6f5a1c816c5dd6415182fe6fbee60be5a94ef2ce5f60240a2d,b6b9bd4b2029592d9021343b3269a9c985a7742adb883af3d2669eaca3a5c830
seed_976301_C1_SEMANTIC_SUPPORT_task_013,976301,C1_SEMANTIC_SUPPORT,13,dialog_trajectories/seed_976301/C1_SEMANTIC_SUPPORT/task_013.json,mechanism_traces/seed_976301/C1_SEMANTIC_SUPPORT/task_013.json,1,1,0.0094254,0.014625999999999997,48.73046545799298,fdce5f0e4bc5445ddd6d57e525da9063d1fda3a028df4370fca0e6757f55d137,ffe24cdd26047175ad14d309e149c9369dd1f4cb85b1e641fd9739f17eb4503c
seed_976301_C1_SEMANTIC_SUPPORT_task_014,976301,C1_SEMANTIC_SUPPORT,14,dialog_trajectories/seed_976301/C1_SEMANTIC_SUPPORT/task_014.json,mechanism_traces/seed_976301/C1_SEMANTIC_SUPPORT/task_014.json,0,0,0.006436390000000001,0.012022,35.05747629198595,2beba9c18b47e071e8cae175c28a1fd218289cd00906828c48213f55a54a899e,79dc95e30bdf0feb7dfb9a235603b384f3874e52ea4487cb0d2df79db028aca0
seed_976301_C1_SEMANTIC_SUPPORT_task_015,976301,C1_SEMANTIC_SUPPORT,15,dialog_trajectories/seed_976301/C1_SEMANTIC_SUPPORT/task_015.json,mechanism_traces/seed_976301/C1_SEMANTIC_SUPPORT/task_015.json,1,1,0.0110227,0.01566,57.641012125008274,3b5f8f1a86603c1642385ff32c0cdb26623c4f2cad5eac6ac39e716d7c123bf2,08acdb9c9310884951a91df7d43344258fe6c97e63f29546b0fd8390a5e4de06
seed_976301_C1_SEMANTIC_SUPPORT_task_016,976301,C1_SEMANTIC_SUPPORT,16,dialog_trajectories/seed_976301/C1_SEMANTIC_SUPPORT/task_016.json,mechanism_traces/seed_976301/C1_SEMANTIC_SUPPORT/task_016.json,1,1,0.00902239,0.010782,35.18867241599946,f4b0ad722895c604c7298f7bb79c821805a37aefb1267d47ce9ee1bf2b036988,da2b760f554f43f253b24a257ff7e1c538a2ffa0f35b15c171d4dd88b01c3c4d
seed_976301_C1_SEMANTIC_SUPPORT_task_017,976301,C1_SEMANTIC_SUPPORT,17,dialog_trajectories/seed_976301/C1_SEMANTIC_SUPPORT/task_017.json,mechanism_traces/seed_976301/C1_SEMANTIC_SUPPORT/task_017.json,1,1,0.0034688500000000003,0.006529999999999999,16.91461133399571,a67dde99df720659c579e6f431b4c1aa67f88706163b7bf9a7f78eb1ed6955af,356895c55d8c4a64362ac2ff395e2f330f7739ac739495337982858bddedf079
seed_976301_C1_SEMANTIC_SUPPORT_task_018,976301,C1_SEMANTIC_SUPPORT,18,dialog_trajectories/seed_976301/C1_SEMANTIC_SUPPORT/task_018.json,mechanism_traces/seed_976301/C1_SEMANTIC_SUPPORT/task_018.json,1,1,0.009231260000000002,0.011954,48.890917208002065,a5b47de68d5896efdb024e27df95bc4e9a6f2ffc0ee6e438bd8b741df93a521d,4b8b3731cc971b33f6366f7400a77326022325cf3a7432ab804cedc6b6553372
seed_976301_C1_SEMANTIC_SUPPORT_task_019,976301,C1_SEMANTIC_SUPPORT,19,dialog_trajectories/seed_976301/C1_SEMANTIC_SUPPORT/task_019.json,mechanism_traces/seed_976301/C1_SEMANTIC_SUPPORT/task_019.json,1,1,0.00995061,0.013845999999999999,49.0018537909782,e67f47b2eb53081c16bed559bbf91eb8148ed925da1313109a37713838204437,f5fc25256327ff20df954bd10f6eb9a3008fa014662efba772676bb27321a4d2
seed_976301_C1_SEMANTIC_SUPPORT_task_020,976301,C1_SEMANTIC_SUPPORT,20,dialog_trajectories/seed_976301/C1_SEMANTIC_SUPPORT/task_020.json,mechanism_traces/seed_976301/C1_SEMANTIC_SUPPORT/task_020.json,1,1,0.00917095,0.012208000000000002,41.60359079099726,d87edf1576a2c9a63d8038dc8af00812cb26eb26ac0dbff9c594d79f87eb378b,28e0f0c671d312e9f07b8b03f382fd089d83f8b759cc2d81112269e78d24ab54
seed_976301_C1_SEMANTIC_SUPPORT_task_021,976301,C1_SEMANTIC_SUPPORT,21,dialog_trajectories/seed_976301/C1_SEMANTIC_SUPPORT/task_021.json,mechanism_traces/seed_976301/C1_SEMANTIC_SUPPORT/task_021.json,1,1,0.012082080000000002,0.011434,59.05829008301953,aeab371f463dff1a6c99ae53de4d94328310dec9a9179c94f69094724578d6c5,ac1c0023e01b6565e62427b2fe276af2ddb3979173ee1244cb94b1bcd80fc6f0
seed_976301_C1_SEMANTIC_SUPPORT_task_022,976301,C1_SEMANTIC_SUPPORT,22,dialog_trajectories/seed_976301/C1_SEMANTIC_SUPPORT/task_022.json,mechanism_traces/seed_976301/C1_SEMANTIC_SUPPORT/task_022.json,1,1,0.010643050000000001,0.013870000000000002,45.80568983298144,8c20dc9e034997e37d91a8f2844e2887654a53e2c41e5a9aa398fddc8ab9b504,0d8efb6a794a701a400b2b1af97b7b931085d5196e7a545f68dc3e82e358c33c
seed_976301_C1_SEMANTIC_SUPPORT_task_023,976301,C1_SEMANTIC_SUPPORT,23,dialog_trajectories/seed_976301/C1_SEMANTIC_SUPPORT/task_023.json,mechanism_traces/seed_976301/C1_SEMANTIC_SUPPORT/task_023.json,1,1,0.019313259999999995,0.023613999999999996,91.90461966700968,6c943960d327eb6e2d12127fa5f3aeeb0447aaac82351424c1d6c34334c36f4a,2c06099d23ddede13f1dd0e03aafe857fd9e578b300ec22fa4fe246605bbdc22
seed_976301_C1_SEMANTIC_SUPPORT_task_024,976301,C1_SEMANTIC_SUPPORT,24,dialog_trajectories/seed_976301/C1_SEMANTIC_SUPPORT/task_024.json,mechanism_traces/seed_976301/C1_SEMANTIC_SUPPORT/task_024.json,1,1,0.00351096,0.011859999999999999,21.872306750010466,47a7fd97592afe860fdd22f3a8b5e469c48eaa860b0f9410697865a3fc6d4698,e3b00ff200a093d8c15a2b03c65e28c812d2c195e39866bdf018ac63eaae721e
seed_976301_C1_SEMANTIC_SUPPORT_task_025,976301,C1_SEMANTIC_SUPPORT,25,dialog_trajectories/seed_976301/C1_SEMANTIC_SUPPORT/task_025.json,mechanism_traces/seed_976301/C1_SEMANTIC_SUPPORT/task_025.json,1,1,0.0065486,0.007946,34.63330916600535,f36b54873804791eba45d616402e3df18ebc52e8bbe6a85f6ab5648aa552432e,36b11fdd01e4144065daf664b27fbc9d9d420958e88078600a48588787476e4e
seed_976301_C1_SEMANTIC_SUPPORT_task_026,976301,C1_SEMANTIC_SUPPORT,26,dialog_trajectories/seed_976301/C1_SEMANTIC_SUPPORT/task_026.json,mechanism_traces/seed_976301/C1_SEMANTIC_SUPPORT/task_026.json,1,1,0.0059932000000000015,0.00894,30.266246790997684,9ca2c81c62861d8a383f1b45fa76a701acd3a3e614c57c516e7d0d2bfab6e0c9,5fac7c140ec1eda7a1114f49145ddbb7ff8f3a333430c5d809e29821347c6f30
seed_976301_C1_SEMANTIC_SUPPORT_task_027,976301,C1_SEMANTIC_SUPPORT,27,dialog_trajectories/seed_976301/C1_SEMANTIC_SUPPORT/task_027.json,mechanism_traces/seed_976301/C1_SEMANTIC_SUPPORT/task_027.json,1,1,0.01280706,0.011996,50.65184741700068,07f784aa21f8afdce9792394575a062f874faf1912e0482b5f7f161a793dfaac,f664449a2cf56e92e9c02646d17c73e9c6ab9789864f7bbf6bd0774ae7c6efc6
seed_976301_C1_SEMANTIC_SUPPORT_task_028,976301,C1_SEMANTIC_SUPPORT,28,dialog_trajectories/seed_976301/C1_SEMANTIC_SUPPORT/task_028.json,mechanism_traces/seed_976301/C1_SEMANTIC_SUPPORT/task_028.json,1,1,0.012534920000000003,0.016843999999999998,57.181566458020825,7a4f2ac456ac7f8fdbfa500eb9a52315a75acfc37b1d521986aaac150bfdf96f,bbeb0bab84ff6e4a52419eded084e69eba885e4f963c4cae70949d0e3a7f3649
seed_976301_C1_SEMANTIC_SUPPORT_task_029,976301,C1_SEMANTIC_SUPPORT,29,dialog_trajectories/seed_976301/C1_SEMANTIC_SUPPORT/task_029.json,mechanism_traces/seed_976301/C1_SEMANTIC_SUPPORT/task_029.json,1,1,0.01199862,0.008034,54.53554425001494,90799e4ef3904a21d42bef6fbf4d83d3773c4fe73c943f3be25ccd94fd93b84f,44fd6e30f0e49f432d35bf9626e3be6d526c917843c47895546e03999f90f588
seed_976301_C1_SEMANTIC_SUPPORT_task_030,976301,C1_SEMANTIC_SUPPORT,30,dialog_trajectories/seed_976301/C1_SEMANTIC_SUPPORT/task_030.json,mechanism_traces/seed_976301/C1_SEMANTIC_SUPPORT/task_030.json,1,1,0.015955280000000002,0.02062,68.89476008398924,dd9408b2133fa15c1333aa8ea8fcee4862e61d84838eae68d2dfbc621314a1af,df9c3aa0184e462ededdec1b651c41ac085eb3bdcfa5fac15efd35c2e72e1c43
seed_976301_C1_SEMANTIC_SUPPORT_task_031,976301,C1_SEMANTIC_SUPPORT,31,dialog_trajectories/seed_976301/C1_SEMANTIC_SUPPORT/task_031.json,mechanism_traces/seed_976301/C1_SEMANTIC_SUPPORT/task_031.json,0,0,0.01584935,0.024245999999999997,77.33939666702645,087c1107bea1ed775c7ed26ec9167224af5a14fdae7c4a3aa6221a27f5e2e439,5fb54bb5eefce814f02d267bac571d053531646c5aa5b370d1d14b9380d91c35
seed_976301_C1_SEMANTIC_SUPPORT_task_032,976301,C1_SEMANTIC_SUPPORT,32,dialog_trajectories/seed_976301/C1_SEMANTIC_SUPPORT/task_032.json,mechanism_traces/seed_976301/C1_SEMANTIC_SUPPORT/task_032.json,0,0,0.014407170000000002,0.023607999999999997,72.76709654199658,a94f2053c3556b3d81aafbb9f80fe85fa0f7b7e1838f6d162f0cb99c14bdb173,ffe6679bc19ff8b8c5289669b10652e444ba3e45d51a0ab5c776332497c6e8df
seed_976301_C1_SEMANTIC_SUPPORT_task_033,976301,C1_SEMANTIC_SUPPORT,33,dialog_trajectories/seed_976301/C1_SEMANTIC_SUPPORT/task_033.json,mechanism_traces/seed_976301/C1_SEMANTIC_SUPPORT/task_033.json,1,1,0.00882384,0.015456000000000001,35.41006899999047,1162665114c11f216f886cd2cd6ccea9eedf528f1e3af93e3f15986e1085e61b,71532a4a9ce2c8cf06ad8490c70e5e27a5ba9c726c242dc7aee50d13f2c307ef
seed_976301_C1_SEMANTIC_SUPPORT_task_034,976301,C1_SEMANTIC_SUPPORT,34,dialog_trajectories/seed_976301/C1_SEMANTIC_SUPPORT/task_034.json,mechanism_traces/seed_976301/C1_SEMANTIC_SUPPORT/task_034.json,1,1,0.01291851,0.024828000000000003,64.69439262500964,233888f7e2378dda90db063e420097538fcd90bac6d25c49252d01d0eeedd3be,e8f76d2eb0c8cb6c8dff64efdadeba1cca88c6deeaa6538f2fd11ef32941cbe5
seed_976301_C1_SEMANTIC_SUPPORT_task_035,976301,C1_SEMANTIC_SUPPORT,35,dialog_trajectories/seed_976301/C1_SEMANTIC_SUPPORT/task_035.json,mechanism_traces/seed_976301/C1_SEMANTIC_SUPPORT/task_035.json,1,1,0.02016296,0.01528,87.83804558299016,964cb23635cdc6012f977fead8abc669cd3c808b08c88346b66ab3a9cedbed2e,61762fb362eca374cdaaf6f3f66438f634f8d544e27a92809dfdd9ad6d23bfbf
seed_976301_C1_SEMANTIC_SUPPORT_task_036,976301,C1_SEMANTIC_SUPPORT,36,dialog_trajectories/seed_976301/C1_SEMANTIC_SUPPORT/task_036.json,mechanism_traces/seed_976301/C1_SEMANTIC_SUPPORT/task_036.json,1,1,0.014582920000000001,0.015162,72.56950366600358,18f87cd4d92d82f12814a5a327071918499069bd0d30ea7b53a8d1d6cd7e25d7,852b45c8c678541dfa7d50b36b5cc2aed68dba0988a99d8dd41761785ced3b56
seed_976301_C1_SEMANTIC_SUPPORT_task_038,976301,C1_SEMANTIC_SUPPORT,38,dialog_trajectories/seed_976301/C1_SEMANTIC_SUPPORT/task_038.json,mechanism_traces/seed_976301/C1_SEMANTIC_SUPPORT/task_038.json,0,0,0.011815299999999999,0.0184,56.16723733401159,b997fa1102c75bdc1dd2e9f0644a3fa50365f673493c301a501ec58ed78305df,3926304a8f88ebdf6641270b7dcdd739df0fc754246333b66aa24e3581535687
seed_976301_C1_SEMANTIC_SUPPORT_task_039,976301,C1_SEMANTIC_SUPPORT,39,dialog_trajectories/seed_976301/C1_SEMANTIC_SUPPORT/task_039.json,mechanism_traces/seed_976301/C1_SEMANTIC_SUPPORT/task_039.json,0,0,0.00882703,0.014546,48.25324633400305,5134a40b0557b990a42dbf0932a768b4b41ffa888618eec380ce97132b504161,01697f4c070c625db52e5b8f6d7df558e904c5bb30365c76b05b03840539ddb3
seed_976301_C1_SEMANTIC_SUPPORT_task_040,976301,C1_SEMANTIC_SUPPORT,40,dialog_trajectories/seed_976301/C1_SEMANTIC_SUPPORT/task_040.json,mechanism_traces/seed_976301/C1_SEMANTIC_SUPPORT/task_040.json,1,1,0.00547436,0.01189,30.237438916999963,16f2c0e9c3f22ab5feda4c1c30de9f0a46b03ca826836d4328fa001e24f0046a,e14799126779b2e82f8a853f3cf7a07d404852084f823f632b599d25aff21a5b
seed_976301_C1_SEMANTIC_SUPPORT_task_042,976301,C1_SEMANTIC_SUPPORT,42,dialog_trajectories/seed_976301/C1_SEMANTIC_SUPPORT/task_042.json,mechanism_traces/seed_976301/C1_SEMANTIC_SUPPORT/task_042.json,0,0,0.014876130000000001,0.015342000000000001,60.07278345800296,ef95639423a0c7d1959efa6667cb71651dbc12b3af36a84475c0e279abdfe776,1124e691c3f115640a2636d96f36006d55f83bd7f28feac7108aabd95c25e433
seed_976301_C1_SEMANTIC_SUPPORT_task_043,976301,C1_SEMANTIC_SUPPORT,43,dialog_trajectories/seed_976301/C1_SEMANTIC_SUPPORT/task_043.json,mechanism_traces/seed_976301/C1_SEMANTIC_SUPPORT/task_043.json,1,1,0.00832943,0.012812,41.720320082997205,b3c8b0f168efff46a76b080a23340956d5d3eff0a048b7927fea6a0bc19614de,64442f31df80a2b34dacf953629b49812afef2ce34dad33f2365c0dd7a08ec42
seed_976301_C1_SEMANTIC_SUPPORT_task_045,976301,C1_SEMANTIC_SUPPORT,45,dialog_trajectories/seed_976301/C1_SEMANTIC_SUPPORT/task_045.json,mechanism_traces/seed_976301/C1_SEMANTIC_SUPPORT/task_045.json,1,1,0.01038914,0.018329999999999996,52.426767709010164,fec0a2a11c03d5eaeb2cb1f7b86395289f2b0d2f9bc6d514399e6d5919c36bdf,7b849caba915b5932eda7817916fac0511e89ef96926a7a47203e503bbb6f58e
seed_976301_C1_SEMANTIC_SUPPORT_task_049,976301,C1_SEMANTIC_SUPPORT,49,dialog_trajectories/seed_976301/C1_SEMANTIC_SUPPORT/task_049.json,mechanism_traces/seed_976301/C1_SEMANTIC_SUPPORT/task_049.json,1,1,0.01101833,0.019816,66.53028404100041,45309510b12e04626ae8b46d33a066d085ad69f0ae24d03ba5ca7566894ffe22,7f6927530be7b9621e561a1e72ef69c468a1dda02569a488cf90f2e38bb0de42
seed_976301_C1_SEMANTIC_SUPPORT_task_050,976301,C1_SEMANTIC_SUPPORT,50,dialog_trajectories/seed_976301/C1_SEMANTIC_SUPPORT/task_050.json,mechanism_traces/seed_976301/C1_SEMANTIC_SUPPORT/task_050.json,1,1,0.0032803900000000006,0.008302,23.435575041003176,c7d8fb1f0f6bf88cdf066af7e84e9554afe7149250a256cac8e0917d66e8fb78,ecc03a8c05c48f10794694a1071fe745e9b04fb2cd97080cdc034865bd700e58
seed_976301_C1_SEMANTIC_SUPPORT_task_051,976301,C1_SEMANTIC_SUPPORT,51,dialog_trajectories/seed_976301/C1_SEMANTIC_SUPPORT/task_051.json,mechanism_traces/seed_976301/C1_SEMANTIC_SUPPORT/task_051.json,1,1,0.008939630000000002,0.014367999999999999,49.10128537499986,fb5ff7f461bc51997f4ebeb00331c4003eca2325a0f35747ceec1ce285783bdb,9ce5ee2b4cc24401f5f69c9fbfd93f1c60ea1c7e9ba6f2eb342605253a48e0ff
seed_976301_C1_SEMANTIC_SUPPORT_task_053,976301,C1_SEMANTIC_SUPPORT,53,dialog_trajectories/seed_976301/C1_SEMANTIC_SUPPORT/task_053.json,mechanism_traces/seed_976301/C1_SEMANTIC_SUPPORT/task_053.json,1,1,0.00895712,0.014568000000000001,58.88983537499735,ab4afeab3e53e454f710535176989ef231f3cdc34b0243c62e198f6b82a6cbbb,e8b966d6166aea106dcebf740831180138f973c9fed51a9bbee78427af05b21f
seed_976301_C1_SEMANTIC_SUPPORT_task_054,976301,C1_SEMANTIC_SUPPORT,54,dialog_trajectories/seed_976301/C1_SEMANTIC_SUPPORT/task_054.json,mechanism_traces/seed_976301/C1_SEMANTIC_SUPPORT/task_054.json,1,1,0.014779460000000001,0.010683999999999999,55.59604449998005,e00f8af07b9bd1c43f6d308d7aff3809bfe27823409963202f8bddfd1ce3a0c3,0c8bd36df78385c34b74f7560785b51913c726d33c317baa53d2c78d075ad383
seed_976301_C1_SEMANTIC_SUPPORT_task_055,976301,C1_SEMANTIC_SUPPORT,55,dialog_trajectories/seed_976301/C1_SEMANTIC_SUPPORT/task_055.json,mechanism_traces/seed_976301/C1_SEMANTIC_SUPPORT/task_055.json,1,1,0.021808670000000002,0.028569999999999998,112.38704366699676,f8bae44318ea169dbd2fe4105d1a699abd66c02cd5493e5aa6d2e866c85b2775,f958f3beb874fbc24ac8b2be89ed3398650db81e49c6247b4d0676a9047634dd
seed_976301_C1_SEMANTIC_SUPPORT_task_056,976301,C1_SEMANTIC_SUPPORT,56,dialog_trajectories/seed_976301/C1_SEMANTIC_SUPPORT/task_056.json,mechanism_traces/seed_976301/C1_SEMANTIC_SUPPORT/task_056.json,1,1,0.00793365,0.01078,38.80937641700439,639a108a53c14e15a06f8b161a827ffd6dfac75b24b6bbd959a0287f770fa06e,8e098e1919b6d1ff7df5df3b0ff8458b37772658756d32403d1ed414f8596339
seed_976301_C1_SEMANTIC_SUPPORT_task_059,976301,C1_SEMANTIC_SUPPORT,59,dialog_trajectories/seed_976301/C1_SEMANTIC_SUPPORT/task_059.json,mechanism_traces/seed_976301/C1_SEMANTIC_SUPPORT/task_059.json,1,1,0.00931992,0.012844,49.945198792003794,b9a7dd50e7fc6affd57dd50166376ccd99d3162753ae7c33bdf0461605613bbf,17469dfce93df3ddb6041c0edd5987a4da9addc8593eed872c04d96e07de6f79
seed_976301_C1_SEMANTIC_SUPPORT_task_060,976301,C1_SEMANTIC_SUPPORT,60,dialog_trajectories/seed_976301/C1_SEMANTIC_SUPPORT/task_060.json,mechanism_traces/seed_976301/C1_SEMANTIC_SUPPORT/task_060.json,0,0,0.00570923,0.008029999999999999,28.816524792011478,55191c2580d6c47f7fc8f05ab18e01d4a943c76cf2a81210bc2f3169bdf331e8,bc4eda050521971926cebb53024044910e87a522ebbd1bd728358d5e52b1e3fb
seed_976301_C1_SEMANTIC_SUPPORT_task_061,976301,C1_SEMANTIC_SUPPORT,61,dialog_trajectories/seed_976301/C1_SEMANTIC_SUPPORT/task_061.json,mechanism_traces/seed_976301/C1_SEMANTIC_SUPPORT/task_061.json,1,1,0.0076110299999999995,0.008483999999999998,32.96125366700289,1e2adbeb3a5a979d94441d10bfd7c62306ff0980b33d3f88c1f098edbb59c883,d640c43c09fe3fafffd463cabb0a87608e730fcaf97586f5757170faaec09480
seed_976301_C1_SEMANTIC_SUPPORT_task_062,976301,C1_SEMANTIC_SUPPORT,62,dialog_trajectories/seed_976301/C1_SEMANTIC_SUPPORT/task_062.json,mechanism_traces/seed_976301/C1_SEMANTIC_SUPPORT/task_062.json,1,1,0.008322870000000001,0.01578,47.189389916005894,a457874d5dc7ae39c41dc39b4cef8960d730c2b7f520872c8f0fe612ac1e65f2,cd2d30cae775d5401d904a4706eca348156e4646daa12817930eac350eea28f2
seed_976301_C1_SEMANTIC_SUPPORT_task_064,976301,C1_SEMANTIC_SUPPORT,64,dialog_trajectories/seed_976301/C1_SEMANTIC_SUPPORT/task_064.json,mechanism_traces/seed_976301/C1_SEMANTIC_SUPPORT/task_064.json,0,0,0.012827530000000004,0.019178,62.47792137500073,42a7a8a584792ebff5df793e9ce8693f60dee585168cbaad300ba627b7adbfbd,79f0fed4794c418142133a53c8c12c2c51d82a343ecfd41eb836b6722bc2077a
seed_976301_C1_SEMANTIC_SUPPORT_task_065,976301,C1_SEMANTIC_SUPPORT,65,dialog_trajectories/seed_976301/C1_SEMANTIC_SUPPORT/task_065.json,mechanism_traces/seed_976301/C1_SEMANTIC_SUPPORT/task_065.json,1,1,0.00403346,0.010747999999999999,23.847595874991384,baaceaf930b8a2b685a0f7f773a6ca50e85a5d0c85c58dc36b46f68f4349b272,532c42b5b9f68dc7ebd3a4f34ebc327fc8e9dc60dd802e052c674fba5a7fa84e
seed_976301_C1_SEMANTIC_SUPPORT_task_068,976301,C1_SEMANTIC_SUPPORT,68,dialog_trajectories/seed_976301/C1_SEMANTIC_SUPPORT/task_068.json,mechanism_traces/seed_976301/C1_SEMANTIC_SUPPORT/task_068.json,1,1,0.0024967500000000003,0.006836,17.999340583002777,b0e48cecaa98fde178fe5ad30558df654892fd1c2fab87af1c3bd44205a79296,612716bfda3b067bfaf71ca5c6960cc76d95495d55cef0ce5f599b5e3aa9253c
seed_976301_C1_SEMANTIC_SUPPORT_task_070,976301,C1_SEMANTIC_SUPPORT,70,dialog_trajectories/seed_976301/C1_SEMANTIC_SUPPORT/task_070.json,mechanism_traces/seed_976301/C1_SEMANTIC_SUPPORT/task_070.json,1,1,0.006145889999999999,0.009637999999999999,32.81589595800324,a761883d44b110c3109d36027adfd7e585591376a57f72d8b8643f788d601b5e,9000bee3cda95db4c6acdb0ef0894a351b4e3d6fa14b3342f41a17de9112418a
seed_976301_C1_SEMANTIC_SUPPORT_task_071,976301,C1_SEMANTIC_SUPPORT,71,dialog_trajectories/seed_976301/C1_SEMANTIC_SUPPORT/task_071.json,mechanism_traces/seed_976301/C1_SEMANTIC_SUPPORT/task_071.json,0,0,0.014854199999999998,0.015702,68.70432012499077,592fe824268dde370d38dde9f0cb5dc465b9c4707b6d06c947e575d7788c1c91,bfaa237a519bc8327ff2e3ebc5911a4f2273b7533f683b80e97eeed4390e14b7
seed_976301_C1_SEMANTIC_SUPPORT_task_073,976301,C1_SEMANTIC_SUPPORT,73,dialog_trajectories/seed_976301/C1_SEMANTIC_SUPPORT/task_073.json,mechanism_traces/seed_976301/C1_SEMANTIC_SUPPORT/task_073.json,1,1,0.007301300000000001,0.012772,39.90134683299402,23ae71ae09ce3b7437e3322a9d8ee5d7a9c96d9662295743631d48107769a142,ea62e36c4790f98ebb0af204ac60672cb0b2b2dfdbb88b16cf0d4b2d1a8e6ffc
seed_976301_C1_SEMANTIC_SUPPORT_task_074,976301,C1_SEMANTIC_SUPPORT,74,dialog_trajectories/seed_976301/C1_SEMANTIC_SUPPORT/task_074.json,mechanism_traces/seed_976301/C1_SEMANTIC_SUPPORT/task_074.json,0,0,0.0071203099999999995,0.012943999999999999,34.026098583999556,2b8a770400da96722e29456b76a1fa85f7af4a66ff4f0fcaa199f3444e63151e,cad493904f6f937441844825c081a72cecccee4176ea3ebc95e7607308a5687e
seed_976301_C1_SEMANTIC_SUPPORT_task_075,976301,C1_SEMANTIC_SUPPORT,75,dialog_trajectories/seed_976301/C1_SEMANTIC_SUPPORT/task_075.json,mechanism_traces/seed_976301/C1_SEMANTIC_SUPPORT/task_075.json,1,1,0.00588556,0.009626,32.466236082982505,3e438af1d3a8645afd411f5d0d4a38186afff0b558832157d01e3310265df3da,b6761614bffe54706be52d97d81c751924540801167c15363df5ebfb9597a612
seed_976301_C1_SEMANTIC_SUPPORT_task_077,976301,C1_SEMANTIC_SUPPORT,77,dialog_trajectories/seed_976301/C1_SEMANTIC_SUPPORT/task_077.json,mechanism_traces/seed_976301/C1_SEMANTIC_SUPPORT/task_077.json,1,1,0.00596332,0.009086,34.983950624999125,2d650d3cfee640261998b4f6d3ccfc0ce057531a9dea2234c00f10eced7eea6d,3a71ae0fad50806e881ac986153569d93715beb84e664dc5cd9cef6fe9623dc0
seed_976301_C1_SEMANTIC_SUPPORT_task_079,976301,C1_SEMANTIC_SUPPORT,79,dialog_trajectories/seed_976301/C1_SEMANTIC_SUPPORT/task_079.json,mechanism_traces/seed_976301/C1_SEMANTIC_SUPPORT/task_079.json,1,1,0.01406898,0.014648,66.25851470799535,447010fa23da8e35519aa536881b2027e86970898c4329a0dabd05ca57deb7ed,cc785d2ac9937217691b8e631c696da48c8ba5a548a445fce39a1f64157ed13e
seed_976301_C1_SEMANTIC_SUPPORT_task_080,976301,C1_SEMANTIC_SUPPORT,80,dialog_trajectories/seed_976301/C1_SEMANTIC_SUPPORT/task_080.json,mechanism_traces/seed_976301/C1_SEMANTIC_SUPPORT/task_080.json,0,0,0.013361549999999998,0.025792,71.37635983299697,0b98c6067e2650ea3f15e826e622e6380042c91d9259e6c1f26c882cb707cb2e,8e47725cada9d3852caaa90915cd4f94e59cb29cbd4cc4f44f1b0fe5364bb0bf
seed_976301_C1_SEMANTIC_SUPPORT_task_086,976301,C1_SEMANTIC_SUPPORT,86,dialog_trajectories/seed_976301/C1_SEMANTIC_SUPPORT/task_086.json,mechanism_traces/seed_976301/C1_SEMANTIC_SUPPORT/task_086.json,1,1,0.01530916,0.016315999999999997,73.28226766700391,6cedccafbea96909a08e09474cad25ea24bad0c628f09df4ebb7fc3443669108,e817b0e177005a6078a35159b8e848b52c0faf22f3d69d5fafeeeba3b45c970c
seed_976301_C1_SEMANTIC_SUPPORT_task_087,976301,C1_SEMANTIC_SUPPORT,87,dialog_trajectories/seed_976301/C1_SEMANTIC_SUPPORT/task_087.json,mechanism_traces/seed_976301/C1_SEMANTIC_SUPPORT/task_087.json,1,1,0.01567646,0.014432,65.05321166699287,1ec0bc96915935278694acfbb56c7f9376e64cd95473f8f13a1442d91eb3be61,d45ad7f1d64c28e04e75407e289e798c5831d26613ace8d8f603b13ecc0fc622
seed_976301_C1_SEMANTIC_SUPPORT_task_090,976301,C1_SEMANTIC_SUPPORT,90,dialog_trajectories/seed_976301/C1_SEMANTIC_SUPPORT/task_090.json,mechanism_traces/seed_976301/C1_SEMANTIC_SUPPORT/task_090.json,1,1,0.00858809,0.011198,35.78996058300254,a6474ee55de03134f5c676caf54f9a80f6a327aad6ae416f049c1a9a9f28c633,f60b5bd21ced37bfc9c28d293c06f28c6d69006f7d114c7eafa9f8afcdc5efd0
seed_976301_C1_SEMANTIC_SUPPORT_task_091,976301,C1_SEMANTIC_SUPPORT,91,dialog_trajectories/seed_976301/C1_SEMANTIC_SUPPORT/task_091.json,mechanism_traces/seed_976301/C1_SEMANTIC_SUPPORT/task_091.json,1,1,0.012764270000000001,0.01441,62.60776412500127,62482fb9c3638d489fd93846d32d00595e8beac2d30a09c49676b949c8882a62,87520b00c7c8871ad48b97f16c862ba001961336bf4eb61c693da99cfc43f155
seed_976301_C1_SEMANTIC_SUPPORT_task_094,976301,C1_SEMANTIC_SUPPORT,94,dialog_trajectories/seed_976301/C1_SEMANTIC_SUPPORT/task_094.json,mechanism_traces/seed_976301/C1_SEMANTIC_SUPPORT/task_094.json,1,1,0.00915958,0.010888,53.0689505420014,c9951d52ace890bcbcda080b04c14a5386d3199d99dfefb024d5cd4f44df3318,f6541e430e0520dbfb6f494aa01412f32374125f27fa223795932c0bcde93d04
seed_976301_C1_SEMANTIC_SUPPORT_task_095,976301,C1_SEMANTIC_SUPPORT,95,dialog_trajectories/seed_976301/C1_SEMANTIC_SUPPORT/task_095.json,mechanism_traces/seed_976301/C1_SEMANTIC_SUPPORT/task_095.json,0,0,0.012597300000000002,0.017284,74.51235312499921,3c2532530adb444ae93a926b4e36a6ea1e5098f32d3df3a670c0d8b06b1defce,188c4737ce08c685132fd1b31d90e7c0501f9a5445349399acd15e4fa0d650ab
seed_976301_C1_SEMANTIC_SUPPORT_task_097,976301,C1_SEMANTIC_SUPPORT,97,dialog_trajectories/seed_976301/C1_SEMANTIC_SUPPORT/task_097.json,mechanism_traces/seed_976301/C1_SEMANTIC_SUPPORT/task_097.json,1,1,0.00933381,0.008658,45.99653799999214,af4fb2c84e92d45cdecf285222834ba0196ff6ef95a503d5e235681fa0848035,db492e514062510eed1895bd8ce103ebac2e008f08a5ba9cfc4a887357fee36b
seed_976301_C1_SEMANTIC_SUPPORT_task_099,976301,C1_SEMANTIC_SUPPORT,99,dialog_trajectories/seed_976301/C1_SEMANTIC_SUPPORT/task_099.json,mechanism_traces/seed_976301/C1_SEMANTIC_SUPPORT/task_099.json,0,0,0.007267030000000001,0.009822000000000001,38.74937133300409,0ca7578cf162f59fcedb4559190912635090c6f8fef8391654782dd06a36fa87,ecd91c134f659fb4b00c0912fbd643a5320475d0653e6cffbc97808291fcc54b
seed_976301_C1_SEMANTIC_SUPPORT_task_100,976301,C1_SEMANTIC_SUPPORT,100,dialog_trajectories/seed_976301/C1_SEMANTIC_SUPPORT/task_100.json,mechanism_traces/seed_976301/C1_SEMANTIC_SUPPORT/task_100.json,1,1,0.01514857,0.012724,103.89799770800164,daefc8b264bfd2b36d3e169c50542d169b12244bf815cf0a8ec5aecbbd743685,24cc0ef9db9622392bf580a7ed35538202b4c0f00c8ff61cbca627a305efca62
seed_976301_C1_SEMANTIC_SUPPORT_task_101,976301,C1_SEMANTIC_SUPPORT,101,dialog_trajectories/seed_976301/C1_SEMANTIC_SUPPORT/task_101.json,mechanism_traces/seed_976301/C1_SEMANTIC_SUPPORT/task_101.json,1,1,0.017600519999999998,0.01535,73.86339262500405,087b1ae3f96d0108f44809bc80985870a3ca956827137fcb6e6b9cbd5868ef2b,ae65e2b4d717f99f680477b0358b8683b875f876b1eff76a37035ea89486b5d2
seed_976301_C1_SEMANTIC_SUPPORT_task_102,976301,C1_SEMANTIC_SUPPORT,102,dialog_trajectories/seed_976301/C1_SEMANTIC_SUPPORT/task_102.json,mechanism_traces/seed_976301/C1_SEMANTIC_SUPPORT/task_102.json,1,1,0.01657921,0.008714,72.24130362500728,81f4d37b6e5024093e804d2d87612977df7b6480bdd8472c3062c857e32f509c,2c2cf6dd32f6e08b4cbbf24f220e949551b132b548ffcab7917b76af66541717
seed_976301_C1_SEMANTIC_SUPPORT_task_105,976301,C1_SEMANTIC_SUPPORT,105,dialog_trajectories/seed_976301/C1_SEMANTIC_SUPPORT/task_105.json,mechanism_traces/seed_976301/C1_SEMANTIC_SUPPORT/task_105.json,1,0,0.01216309,0.014282,66.9418812910153,bc52289093397dfc9cb2aa2224e0e01ae49962253d1b40f345b8f3ee6f2d6b8e,74013175d942b8904351cb78e4a248fc7e3ef7e25dc58bcda6e3273faed97487
seed_976301_C1_SEMANTIC_SUPPORT_task_108,976301,C1_SEMANTIC_SUPPORT,108,dialog_trajectories/seed_976301/C1_SEMANTIC_SUPPORT/task_108.json,mechanism_traces/seed_976301/C1_SEMANTIC_SUPPORT/task_108.json,1,1,0.0085372,0.011502,38.15721662499709,c7291db24ff13d6bf49ab4f7de8cee6574078accbe1d1c7273ceb4322a3bd4b4,938fbd357858369c7c70be6391a5b208c6568c625d6d88e0ab83d6fe0e75f16d
seed_976301_C1_SEMANTIC_SUPPORT_task_111,976301,C1_SEMANTIC_SUPPORT,111,dialog_trajectories/seed_976301/C1_SEMANTIC_SUPPORT/task_111.json,mechanism_traces/seed_976301/C1_SEMANTIC_SUPPORT/task_111.json,1,1,0.02422527,0.021127999999999997,100.0541797090118,fd77a4991876237e946735d99e7ca4feee3807b90cf862d5051e9c46eaa70461,4d235519897a84397027b1f27c69d7a557c620aba953ed14d223f274ca1877d2
seed_976301_C1_SEMANTIC_SUPPORT_task_113,976301,C1_SEMANTIC_SUPPORT,113,dialog_trajectories/seed_976301/C1_SEMANTIC_SUPPORT/task_113.json,mechanism_traces/seed_976301/C1_SEMANTIC_SUPPORT/task_113.json,1,1,0.00524892,0.005566,25.38810387501144,4103509a4fddd5f9e6a87d0d687a3baea6ab25709a9a56367bae506cb3e83009,39d53c34a5e0a2f91c1ac52f804bce9fa881ee0ace6d44cebc756c043807b4e6
seed_976301_C2_PREWRITE_CONTROL_task_000,976301,C2_PREWRITE_CONTROL,0,dialog_trajectories/seed_976301/C2_PREWRITE_CONTROL/task_000.json,mechanism_traces/seed_976301/C2_PREWRITE_CONTROL/task_000.json,1,1,0.00727497,0.008775999999999999,38.91181512500043,7480e142953fc352e5e32d258bbc4594ec3d7a2f7c67512363ae3f59151f970c,7a6d1bf26490a113b5125fa4cd067c15965c46e9db5e43c928fc4cbe2382a4ad
seed_976301_C2_PREWRITE_CONTROL_task_001,976301,C2_PREWRITE_CONTROL,1,dialog_trajectories/seed_976301/C2_PREWRITE_CONTROL/task_001.json,mechanism_traces/seed_976301/C2_PREWRITE_CONTROL/task_001.json,1,1,0.006989080000000001,0.00996,34.73240208401694,86bc1536957186023adfeb5e9cf88bf7fbb0721f98b73b10a546766a141046a1,f244055cd829d3c6e3b3c4f2a682974b82b7f86dbb9c3d13aa7f0bf0e0281cc6
seed_976301_C2_PREWRITE_CONTROL_task_002,976301,C2_PREWRITE_CONTROL,2,dialog_trajectories/seed_976301/C2_PREWRITE_CONTROL/task_002.json,mechanism_traces/seed_976301/C2_PREWRITE_CONTROL/task_002.json,0,0,0.00800523,0.019224,45.2777492919995,78a41188f846fd8ef8ac2152622384c9ba7b20bad55d0c99618cbbdf1e13632e,efbc29c78e03503814e88fc416e7e8bd1a6293afac90b6b4af692bbe89f83307
seed_976301_C2_PREWRITE_CONTROL_task_003,976301,C2_PREWRITE_CONTROL,3,dialog_trajectories/seed_976301/C2_PREWRITE_CONTROL/task_003.json,mechanism_traces/seed_976301/C2_PREWRITE_CONTROL/task_003.json,1,1,0.01021294,0.014201999999999998,55.97907075000694,1870b2033ac7b3c8c8da8a11dbce87146d31114701c75df31819afefef76b04c,aea9950fe10a2e475e5f26e923c5ddbfd42b069bad302966476e195a08912a0d
seed_976301_C2_PREWRITE_CONTROL_task_004,976301,C2_PREWRITE_CONTROL,4,dialog_trajectories/seed_976301/C2_PREWRITE_CONTROL/task_004.json,mechanism_traces/seed_976301/C2_PREWRITE_CONTROL/task_004.json,1,1,0.00800083,0.007658,35.43807108301553,abd075dfed8d380dc9ae82467652c34624423a17559376c755443696508548d3,34ee6aa6c252ae3be7045cb2c4c8fd953519e87b9b9b719100ce424f8710e165
seed_976301_C2_PREWRITE_CONTROL_task_005,976301,C2_PREWRITE_CONTROL,5,dialog_trajectories/seed_976301/C2_PREWRITE_CONTROL/task_005.json,mechanism_traces/seed_976301/C2_PREWRITE_CONTROL/task_005.json,1,1,0.007635640000000001,0.012482,39.52617679099785,7a4ca5088cfe9844d0c6d17dee5201d614b74a8cd956d6bad6430be0193f3276,7895d2fd8717cfdb599397ed702ea5e7c40271a18260876f6c035f7a9005573f
seed_976301_C2_PREWRITE_CONTROL_task_006,976301,C2_PREWRITE_CONTROL,6,dialog_trajectories/seed_976301/C2_PREWRITE_CONTROL/task_006.json,mechanism_traces/seed_976301/C2_PREWRITE_CONTROL/task_006.json,0,0,0.008375890000000002,0.019952000000000004,50.435515083008795,843247ba22a2bcb94250a536d97d77146f699a20c65e2a0192e40d230b61d94a,6735fa757112ef32d4443d15beb0c48177677b37768193139c8652cfe907a0e0
seed_976301_C2_PREWRITE_CONTROL_task_007,976301,C2_PREWRITE_CONTROL,7,dialog_trajectories/seed_976301/C2_PREWRITE_CONTROL/task_007.json,mechanism_traces/seed_976301/C2_PREWRITE_CONTROL/task_007.json,1,1,0.00764373,0.014839999999999997,42.38566308299778,e952baccd7133a4155df314bff2c4a479a9f60f395533788b8adbe9909b56bf7,c00d1d96165426da3b7dbe1bcecba9ac7d0ec3e8fb779cd7ece038626cf5129b
seed_976301_C2_PREWRITE_CONTROL_task_008,976301,C2_PREWRITE_CONTROL,8,dialog_trajectories/seed_976301/C2_PREWRITE_CONTROL/task_008.json,mechanism_traces/seed_976301/C2_PREWRITE_CONTROL/task_008.json,1,1,0.00791448,0.01372,54.99713891700958,e5c5dddbe35551cb93cf1724185dd9e8f0b1ba9e0e9a151c9d80df439151ff49,6700c4d3a5ae22e6ab96615bbdabe48b3384be88916e36242c6a95dcffcb6117
seed_976301_C2_PREWRITE_CONTROL_task_009,976301,C2_PREWRITE_CONTROL,9,dialog_trajectories/seed_976301/C2_PREWRITE_CONTROL/task_009.json,mechanism_traces/seed_976301/C2_PREWRITE_CONTROL/task_009.json,1,1,0.009269560000000001,0.018112,46.254176499991445,f7abedbea7565a03048009db32636f833ad92f912834944879caaacd4d427ff6,5998dc5a40aaacf468156cda2032a8204d7868263bc4d9e21303ae4a65a8bdfe
seed_976301_C2_PREWRITE_CONTROL_task_010,976301,C2_PREWRITE_CONTROL,10,dialog_trajectories/seed_976301/C2_PREWRITE_CONTROL/task_010.json,mechanism_traces/seed_976301/C2_PREWRITE_CONTROL/task_010.json,1,1,0.00437027,0.008450000000000001,24.161264791997382,925e20935e8e690cf9e636688103fbf8a17d46da803b3c1a7e9562ad980c3d48,cb16228cdfc4b17f96f56143bfad36f8fe2713d70cc0829d3fb1cf2fa9bfb008
seed_976301_C2_PREWRITE_CONTROL_task_011,976301,C2_PREWRITE_CONTROL,11,dialog_trajectories/seed_976301/C2_PREWRITE_CONTROL/task_011.json,mechanism_traces/seed_976301/C2_PREWRITE_CONTROL/task_011.json,1,1,0.00659616,0.013961999999999999,37.91537870798493,0b483444c205c85d9eacae891fae6da42b19ef4388b58e2e551b0e3aa595137a,f25461a8717df3fd76de4337d6d22b06d5963777abd485a0029f4110ba796d9e
seed_976301_C2_PREWRITE_CONTROL_task_012,976301,C2_PREWRITE_CONTROL,12,dialog_trajectories/seed_976301/C2_PREWRITE_CONTROL/task_012.json,mechanism_traces/seed_976301/C2_PREWRITE_CONTROL/task_012.json,1,1,0.00460325,0.010738,26.804150041993125,b7496ccbd7911439442cf0de8e4a7e5629ac9981ccc453f351f772bca275e52c,98f2da8c65e3d0cdfb565fadfa0b8d3ad0469cc54e7602a69b9878e23e23ebf0
seed_976301_C2_PREWRITE_CONTROL_task_013,976301,C2_PREWRITE_CONTROL,13,dialog_trajectories/seed_976301/C2_PREWRITE_CONTROL/task_013.json,mechanism_traces/seed_976301/C2_PREWRITE_CONTROL/task_013.json,1,1,0.00510148,0.012325999999999998,30.40961212500406,52b2a29ffd7577d2cbba43abf4a85971f25c75510c0285529d1df44fec4c9b4c,c0aeb14dadd66ed4f0bec2f8052d85aaa8ed35730aeff069b71d0c4f776634c4
seed_976301_C2_PREWRITE_CONTROL_task_014,976301,C2_PREWRITE_CONTROL,14,dialog_trajectories/seed_976301/C2_PREWRITE_CONTROL/task_014.json,mechanism_traces/seed_976301/C2_PREWRITE_CONTROL/task_014.json,1,1,0.005311699999999999,0.015773999999999996,30.12789329199586,77eed90d160806f96a57fd49b66367e2e23a231b6436343197e618d50f559818,1e1bd880ab464e7bc08d9b3486e5d37c425bf388560e1c5c929941b78868b093
seed_976301_C2_PREWRITE_CONTROL_task_015,976301,C2_PREWRITE_CONTROL,15,dialog_trajectories/seed_976301/C2_PREWRITE_CONTROL/task_015.json,mechanism_traces/seed_976301/C2_PREWRITE_CONTROL/task_015.json,1,1,0.005830020000000001,0.009357999999999998,25.91668875000323,ba9ed290518a7d58b8fb38bd729422d14632531cb557e5790ecde0ad5895cc0d,f4972a7615f5e2790c5c1770da5fb4c116d1e6834775c83b19b594ffeec7dbad
seed_976301_C2_PREWRITE_CONTROL_task_016,976301,C2_PREWRITE_CONTROL,16,dialog_trajectories/seed_976301/C2_PREWRITE_CONTROL/task_016.json,mechanism_traces/seed_976301/C2_PREWRITE_CONTROL/task_016.json,1,1,0.0051121000000000005,0.008718,26.943206124997232,8c9293e11fc26f6a7c1c2c6251fc0cb4015c4db1e7e8d041dbe4412af17a90b0,59b1b12aac8f49cdd17a694f564c7c49d2d1c1c3b4b6a889d18874a6df1207e6
seed_976301_C2_PREWRITE_CONTROL_task_017,976301,C2_PREWRITE_CONTROL,17,dialog_trajectories/seed_976301/C2_PREWRITE_CONTROL/task_017.json,mechanism_traces/seed_976301/C2_PREWRITE_CONTROL/task_017.json,1,1,0.0027975599999999997,0.008734,17.2805603339948,85cbb8877b9d2c878a03af1e23a469523706fb3b72f2aecfd438f8e24e71a9b9,d7033deb7f8a50615fe00bebe8e5dc19da0f362711d2db91a29f2eff72c60054
seed_976301_C2_PREWRITE_CONTROL_task_018,976301,C2_PREWRITE_CONTROL,18,dialog_trajectories/seed_976301/C2_PREWRITE_CONTROL/task_018.json,mechanism_traces/seed_976301/C2_PREWRITE_CONTROL/task_018.json,1,1,0.0067204000000000005,0.016914000000000002,41.613222375002806,bcc831aead44ea194ffeb42b052572bd5d0da633735b415f6606efc29f141c95,0c43ad0bbff1951057dc21bc5d89bfe16acd1ab6eedeb696c97ad4ddd8d9d361
seed_976301_C2_PREWRITE_CONTROL_task_019,976301,C2_PREWRITE_CONTROL,19,dialog_trajectories/seed_976301/C2_PREWRITE_CONTROL/task_019.json,mechanism_traces/seed_976301/C2_PREWRITE_CONTROL/task_019.json,1,1,0.00726772,0.009507999999999999,35.531576958019286,4c958ee1a4888a2a3789b84fb20aafb52416f00c75afa9370f7efe822f49644e,93056aa741cdfb97bb76096ef0c2eefddf3e4ba319c33cf8da1278ebea258ef4
seed_976301_C2_PREWRITE_CONTROL_task_020,976301,C2_PREWRITE_CONTROL,20,dialog_trajectories/seed_976301/C2_PREWRITE_CONTROL/task_020.json,mechanism_traces/seed_976301/C2_PREWRITE_CONTROL/task_020.json,1,1,0.00986999,0.010561999999999998,45.070052625000244,9d50f3511588c83427b517c956710ec301857fa78436657311dbbff31200022d,4caddb146bcb2f227eb7b720fd5fad9aae10c41739efaceb6b8d89355961c28d
seed_976301_C2_PREWRITE_CONTROL_task_021,976301,C2_PREWRITE_CONTROL,21,dialog_trajectories/seed_976301/C2_PREWRITE_CONTROL/task_021.json,mechanism_traces/seed_976301/C2_PREWRITE_CONTROL/task_021.json,1,1,0.010422320000000002,0.015864,55.08786970900837,0abfdcb15f1f28df17c0c5161dfe3933076caff882f6991c65394f5864d33f31,6ba157b2a6b0b8dc57a44173e00ca4c40fdb5d7e2f4ef2310c3da2ac882762fb
seed_976301_C2_PREWRITE_CONTROL_task_022,976301,C2_PREWRITE_CONTROL,22,dialog_trajectories/seed_976301/C2_PREWRITE_CONTROL/task_022.json,mechanism_traces/seed_976301/C2_PREWRITE_CONTROL/task_022.json,1,1,0.0073453400000000005,0.016459999999999995,40.71480833302485,e3b25423a5f8e00446b7381607e356361f7025a5e556d78011a9d35c051c5d4a,1b8238d934fc0e4c37b7f1b0adac1fa7ad947bb1376fa3cda3259c77a19919a3
seed_976301_C2_PREWRITE_CONTROL_task_023,976301,C2_PREWRITE_CONTROL,23,dialog_trajectories/seed_976301/C2_PREWRITE_CONTROL/task_023.json,mechanism_traces/seed_976301/C2_PREWRITE_CONTROL/task_023.json,0,0,0.01422756,0.020866,74.22239179199096,1a905e48eec2fc0efaf9471ede811e3a4dcd8496982f2494d4cfab0966936614,b50578e6a84224975ca6179c421787785e398b3845dc962c3053b8fd2533681c
seed_976301_C2_PREWRITE_CONTROL_task_024,976301,C2_PREWRITE_CONTROL,24,dialog_trajectories/seed_976301/C2_PREWRITE_CONTROL/task_024.json,mechanism_traces/seed_976301/C2_PREWRITE_CONTROL/task_024.json,1,1,0.0034341099999999998,0.011227999999999998,22.04425870900741,e8c6a2b446adb320ccc09b66ab82714c04f686450c58bf7a2912ab68816022d3,b3ecdf4484517a87de5d0e8dfdec76ef99d74f669cefb563a9479a05f852da04
seed_976301_C2_PREWRITE_CONTROL_task_025,976301,C2_PREWRITE_CONTROL,25,dialog_trajectories/seed_976301/C2_PREWRITE_CONTROL/task_025.json,mechanism_traces/seed_976301/C2_PREWRITE_CONTROL/task_025.json,0,0,0.00468856,0.009722,24.248451249994105,31b82291e10d39001b232938e23f3626ccc99d2f0c70f09d4c4bb74fef1447f0,89e7bb44266e236cd7d740a9f8af850cb55825fa723f78f0557c97b8753c6a33
seed_976301_C2_PREWRITE_CONTROL_task_026,976301,C2_PREWRITE_CONTROL,26,dialog_trajectories/seed_976301/C2_PREWRITE_CONTROL/task_026.json,mechanism_traces/seed_976301/C2_PREWRITE_CONTROL/task_026.json,1,1,0.0047773799999999995,0.00851,24.552685333008412,7a3e2d4c348c3488fded33fe1262396a4c420cd1d75852d5a7d6bf71967cf1cd,c244dd027eec9a58da145d958f4c9642211626370544b2343f93aa48aae7274b
seed_976301_C2_PREWRITE_CONTROL_task_027,976301,C2_PREWRITE_CONTROL,27,dialog_trajectories/seed_976301/C2_PREWRITE_CONTROL/task_027.json,mechanism_traces/seed_976301/C2_PREWRITE_CONTROL/task_027.json,0,0,0.00725598,0.008124,34.66830175000359,d84861d6723424b41875f5625021f85c9c37f6e2d3afb7761120107d4a038a9c,ee1232ec7b89ca64b3c4d889e09bcf6b2ed20c35a08381ed24be86a8396d6893
seed_976301_C2_PREWRITE_CONTROL_task_028,976301,C2_PREWRITE_CONTROL,28,dialog_trajectories/seed_976301/C2_PREWRITE_CONTROL/task_028.json,mechanism_traces/seed_976301/C2_PREWRITE_CONTROL/task_028.json,0,0,0.012351329999999999,0.029037999999999998,71.06229083400103,752f38d6858509b9903f5117ae676d5b7fa90ba410b3262381971c156c49d6f1,f7a9d41504a46bad4ff297adeca0a29121eaaa2083432a3783061e3162934d63
seed_976301_C2_PREWRITE_CONTROL_task_029,976301,C2_PREWRITE_CONTROL,29,dialog_trajectories/seed_976301/C2_PREWRITE_CONTROL/task_029.json,mechanism_traces/seed_976301/C2_PREWRITE_CONTROL/task_029.json,1,1,0.011745,0.016004,57.31416574999457,c48feeee8247d56c02a41907d6e3f12c23cf188a295c7e34f120ad0e5c6efd6a,f43b14dfdaa06a9b4d0d4497c2fc0ca098a809fd1c6953ae17615062a0a25807
seed_976301_C2_PREWRITE_CONTROL_task_030,976301,C2_PREWRITE_CONTROL,30,dialog_trajectories/seed_976301/C2_PREWRITE_CONTROL/task_030.json,mechanism_traces/seed_976301/C2_PREWRITE_CONTROL/task_030.json,1,1,0.01095508,0.023993999999999998,61.317799084004946,43371e0b33ab4fc2733779f367274a94c9454b48b5043bf2864f894187d1c332,cd67cd213c5ae0bc74d2d78f556185195dbdfb3dc6b3c2133f97d8b817e00867
seed_976301_C2_PREWRITE_CONTROL_task_031,976301,C2_PREWRITE_CONTROL,31,dialog_trajectories/seed_976301/C2_PREWRITE_CONTROL/task_031.json,mechanism_traces/seed_976301/C2_PREWRITE_CONTROL/task_031.json,0,0,0.01073459,0.025776,59.589861082989955,dd3db84a6dd9e96600bd04c052cf296476113c4be1603441f1b93730cee2a83f,cf6f759fdc8f159b75ea6efee2e30e42032efd3b3dac5a0e7b250649b28c1925
seed_976301_C2_PREWRITE_CONTROL_task_032,976301,C2_PREWRITE_CONTROL,32,dialog_trajectories/seed_976301/C2_PREWRITE_CONTROL/task_032.json,mechanism_traces/seed_976301/C2_PREWRITE_CONTROL/task_032.json,1,1,0.01043703,0.025311999999999998,59.14030187499884,0244213a7a8fdfdc5bb919e3b7ed788bbe41f911120b7239579eb3e9169b9d37,114d9b62a61c2466fab04e9730cb5a889d7dd8f845eb557806584295854d893b
seed_976301_C2_PREWRITE_CONTROL_task_033,976301,C2_PREWRITE_CONTROL,33,dialog_trajectories/seed_976301/C2_PREWRITE_CONTROL/task_033.json,mechanism_traces/seed_976301/C2_PREWRITE_CONTROL/task_033.json,0,0,0.0049687099999999994,0.015463999999999999,34.38869333399634,7dcb03a06204e8d96f023b12ae5934a9647d6537f599327f026754c37c7a8207,dd450273aa225dceddd5841ed61bd373f7bd331570bb7de16285b47df8e9a89d
seed_976301_C2_PREWRITE_CONTROL_task_034,976301,C2_PREWRITE_CONTROL,34,dialog_trajectories/seed_976301/C2_PREWRITE_CONTROL/task_034.json,mechanism_traces/seed_976301/C2_PREWRITE_CONTROL/task_034.json,0,0,0.0038748700000000003,0.011732,24.85739166699932,d00cdc008c451f65568e6ce721e19292b776ad860564cc52abe0a31dc4c27491,7573ed24c71113de74525e839a376804ee6e3c68edeb2d915e9b8f1ca8db9860
seed_976301_C2_PREWRITE_CONTROL_task_035,976301,C2_PREWRITE_CONTROL,35,dialog_trajectories/seed_976301/C2_PREWRITE_CONTROL/task_035.json,mechanism_traces/seed_976301/C2_PREWRITE_CONTROL/task_035.json,1,1,0.01025833,0.017552,57.51681633399858,38e3d251eb5d67b35f6645782ba119f68c91e9eda1d519a861c9963278718c31,7c9ac1583d2b373dd6a52c713fb04b9947e86776e89aa41cd5047de68508f775
seed_976301_C2_PREWRITE_CONTROL_task_036,976301,C2_PREWRITE_CONTROL,36,dialog_trajectories/seed_976301/C2_PREWRITE_CONTROL/task_036.json,mechanism_traces/seed_976301/C2_PREWRITE_CONTROL/task_036.json,0,0,0.009271860000000002,0.012058,39.34307479200652,86b2426c72e183b479bc84d2f083f598bd27a1aa7934e21d32247ea90bf256a5,16027fb55cde6b1411a2a9c6859e37b8fd2df2f3eae6499a07365d220850fcb8
seed_976301_C2_PREWRITE_CONTROL_task_038,976301,C2_PREWRITE_CONTROL,38,dialog_trajectories/seed_976301/C2_PREWRITE_CONTROL/task_038.json,mechanism_traces/seed_976301/C2_PREWRITE_CONTROL/task_038.json,0,0,0.00783253,0.012381999999999999,48.062048874999164,52953d964aee2dc32d501a087ddae913b7119d6fd64df2ff1e59e026bd54386e,2cd50b545841771061a5eda91fb5b1322482ccef0003079689f083470f9df4ae
seed_976301_C2_PREWRITE_CONTROL_task_039,976301,C2_PREWRITE_CONTROL,39,dialog_trajectories/seed_976301/C2_PREWRITE_CONTROL/task_039.json,mechanism_traces/seed_976301/C2_PREWRITE_CONTROL/task_039.json,0,0,0.005070130000000001,0.013600000000000001,31.344544999999925,faa99f3be68423d1b6fa00a3fa95d27897eee1153fec725d9cd410b78007cdec,105e596fee6ead87b4e78692688e1a6ab500ad2492dac6543da698438b8d1d51
seed_976301_C2_PREWRITE_CONTROL_task_040,976301,C2_PREWRITE_CONTROL,40,dialog_trajectories/seed_976301/C2_PREWRITE_CONTROL/task_040.json,mechanism_traces/seed_976301/C2_PREWRITE_CONTROL/task_040.json,1,1,0.0033185700000000003,0.011949999999999999,23.59317583400116,51772cbb1f932061d586ec7a0c5f61a0aed46fe96670f4340ee25c435de21b09,068b344c52e50d34c31e13cf61056178aa86802baf479dad4279c39b4d0f83fc
seed_976301_C2_PREWRITE_CONTROL_task_042,976301,C2_PREWRITE_CONTROL,42,dialog_trajectories/seed_976301/C2_PREWRITE_CONTROL/task_042.json,mechanism_traces/seed_976301/C2_PREWRITE_CONTROL/task_042.json,0,0,0.00666602,0.01367,33.537948291996145,6b1999f3f03b9730610e73a6cd12e80004fce4ae9f8aed98285c72ea85056b2b,c18aa18f9d1015514e287f781a656ee5a49a1a83dffe37358f109df2f268c36c
seed_976301_C2_PREWRITE_CONTROL_task_043,976301,C2_PREWRITE_CONTROL,43,dialog_trajectories/seed_976301/C2_PREWRITE_CONTROL/task_043.json,mechanism_traces/seed_976301/C2_PREWRITE_CONTROL/task_043.json,0,0,0.0057478500000000005,0.015705999999999998,37.421216667004046,b2652a9520ec7797849917632b8bfe9df349cdda029c10fb3fe4543808cceeef,ca18d5f928faa159764a7f2feb48f4e478f619024ca5e9378003fe0e993148f6
seed_976301_C2_PREWRITE_CONTROL_task_045,976301,C2_PREWRITE_CONTROL,45,dialog_trajectories/seed_976301/C2_PREWRITE_CONTROL/task_045.json,mechanism_traces/seed_976301/C2_PREWRITE_CONTROL/task_045.json,1,1,0.006302959999999999,0.013538,33.2963247079897,0d38871ebefdda454ee9e6b5730313a86899c61e6a763baf4460633fcfaa45c3,88c170821a8f302977736b12b7445eac716302e552834bf3f7924217522fbca2
seed_976301_C2_PREWRITE_CONTROL_task_049,976301,C2_PREWRITE_CONTROL,49,dialog_trajectories/seed_976301/C2_PREWRITE_CONTROL/task_049.json,mechanism_traces/seed_976301/C2_PREWRITE_CONTROL/task_049.json,1,1,0.0084347,0.019443999999999996,46.255091875005746,9cd94b56812b122343e67d034634a9a9fc4dc4325034c920f2d295cc3a6a6570,32c47634ee70f13a5a0208c141bb622ca981746609474130355ba61cf0042c64
seed_976301_C2_PREWRITE_CONTROL_task_050,976301,C2_PREWRITE_CONTROL,50,dialog_trajectories/seed_976301/C2_PREWRITE_CONTROL/task_050.json,mechanism_traces/seed_976301/C2_PREWRITE_CONTROL/task_050.json,1,1,0.00211877,0.003778,11.472204791993136,74828e41f03537ee8087acd152ae8c49f38827f1f0f92428daf125e1da0f2043,2c35aaab50e7be2007f45d9a3af272fcd4093670abd6743d98d38af8191dc35c
seed_976301_C2_PREWRITE_CONTROL_task_051,976301,C2_PREWRITE_CONTROL,51,dialog_trajectories/seed_976301/C2_PREWRITE_CONTROL/task_051.json,mechanism_traces/seed_976301/C2_PREWRITE_CONTROL/task_051.json,1,1,0.0035431499999999997,0.00926,22.810503958011395,dc757f8cd4957cb39fd4656ad1099077d67860daa234633e8b9e9e81e7e645f2,6884de23e0735369237861aa2f162b9302acad4cc59d1b9ddce671115602b40f
seed_976301_C2_PREWRITE_CONTROL_task_053,976301,C2_PREWRITE_CONTROL,53,dialog_trajectories/seed_976301/C2_PREWRITE_CONTROL/task_053.json,mechanism_traces/seed_976301/C2_PREWRITE_CONTROL/task_053.json,1,1,0.005423870000000001,0.012824,31.589440083000227,de9b9d28304ee174bd00e86e49a66e00bc10624ccc14e183b1ce3fe2517ba71d,08969d9ccba48fefe36d61e40addd0b6c0a430b26d1ed86b685c86ab5534478d
seed_976301_C2_PREWRITE_CONTROL_task_054,976301,C2_PREWRITE_CONTROL,54,dialog_trajectories/seed_976301/C2_PREWRITE_CONTROL/task_054.json,mechanism_traces/seed_976301/C2_PREWRITE_CONTROL/task_054.json,1,1,0.010216079999999999,0.01103,54.60146829200676,d497f060cdc89a272c13bda2f9630c9c155fa5e854640ce6d3f547a186121f3c,948f5cf3a816a5cca3eedc7cda5b31f3f8aaec9f388a9efc9e68b8fa14a216f2
seed_976301_C2_PREWRITE_CONTROL_task_055,976301,C2_PREWRITE_CONTROL,55,dialog_trajectories/seed_976301/C2_PREWRITE_CONTROL/task_055.json,mechanism_traces/seed_976301/C2_PREWRITE_CONTROL/task_055.json,1,1,0.00835889,0.015646,38.423390375013696,14938b0ca6806fbf009ad114f4739e14c8b042ff02bfa159f1555c72c4613132,647dee64c9c36402021880a782bd7a5601ae5e0e0cd180547fa1fd77af8f7c7b
seed_976301_C2_PREWRITE_CONTROL_task_056,976301,C2_PREWRITE_CONTROL,56,dialog_trajectories/seed_976301/C2_PREWRITE_CONTROL/task_056.json,mechanism_traces/seed_976301/C2_PREWRITE_CONTROL/task_056.json,1,1,0.0061167800000000005,0.00951,36.883197667004424,cff8c8fa2ea27c2e542b0ea3b3a813f6017412583bf09270192d69b7e5b18b49,4d5a0b666be9a91b3623f307e1b66a043fc395371abe509c0e722bc27be483a1
seed_976301_C2_PREWRITE_CONTROL_task_059,976301,C2_PREWRITE_CONTROL,59,dialog_trajectories/seed_976301/C2_PREWRITE_CONTROL/task_059.json,mechanism_traces/seed_976301/C2_PREWRITE_CONTROL/task_059.json,1,1,0.004514559999999999,0.011424,27.371250415977556,6735a3f1ea5f70bb8241503d7b09064f05ef80ee9fc2c8fc827a586f58fe2c63,e1403a4440b9ae10503bb587df56ceba9b5edd98608f90571c0ac1a8f59f91a2
seed_976301_C2_PREWRITE_CONTROL_task_060,976301,C2_PREWRITE_CONTROL,60,dialog_trajectories/seed_976301/C2_PREWRITE_CONTROL/task_060.json,mechanism_traces/seed_976301/C2_PREWRITE_CONTROL/task_060.json,1,1,0.00425063,0.007728,44.14771891600685,64af2ee22c98efc6e8b19eed82653f60d57e8583b4c31ef08a27096ccc184700,d9a4cc2f2a520835cb7ca798404a291833ec3ba13f0d6752d1b37167e8b80615
seed_976301_C2_PREWRITE_CONTROL_task_061,976301,C2_PREWRITE_CONTROL,61,dialog_trajectories/seed_976301/C2_PREWRITE_CONTROL/task_061.json,mechanism_traces/seed_976301/C2_PREWRITE_CONTROL/task_061.json,1,1,0.00428013,0.008755999999999998,115.55726420901192,3277c61e358587a62e0f84f27e362a2377af123d3fae0c1a9ce8f9e36f14b266,be2f01ecf682453c9e37625e165feb47daa070bf34f05b94072f9a9b9994a50d
seed_976301_C2_PREWRITE_CONTROL_task_062,976301,C2_PREWRITE_CONTROL,62,dialog_trajectories/seed_976301/C2_PREWRITE_CONTROL/task_062.json,mechanism_traces/seed_976301/C2_PREWRITE_CONTROL/task_062.json,1,1,0.01068609,0.025071999999999997,68.67963162499655,d075a098d70ab5bfc958027b6d55468e1310e66bf2b7481fe410669e2667ee31,7be585e5fd43f27bbf899a226370f327b263027ebb5df69fa96de671bb92cb2f
seed_976301_C2_PREWRITE_CONTROL_task_064,976301,C2_PREWRITE_CONTROL,64,dialog_trajectories/seed_976301/C2_PREWRITE_CONTROL/task_064.json,mechanism_traces/seed_976301/C2_PREWRITE_CONTROL/task_064.json,0,0,0.0025296499999999996,0.005448,18.467492041992955,8d20528fbd0f254daf7d64540f77d4ef9e403bd5ccf2a133c286fc0d587ad3c9,27aaa8f0b1c1291420337252ae4d58ad987087f13123cae572565ce653c012e5
seed_976301_C2_PREWRITE_CONTROL_task_065,976301,C2_PREWRITE_CONTROL,65,dialog_trajectories/seed_976301/C2_PREWRITE_CONTROL/task_065.json,mechanism_traces/seed_976301/C2_PREWRITE_CONTROL/task_065.json,1,1,0.003152860000000001,0.007672,19.507673333995626,d3210fed5d2aeee6dabd06424c7160e83ffb20b71ace5861fd67a5c377fd06d0,5c752abbcaed33d27c71dda22943a0bffa0be2f817e16b421795e5976a6394cc
seed_976301_C2_PREWRITE_CONTROL_task_068,976301,C2_PREWRITE_CONTROL,68,dialog_trajectories/seed_976301/C2_PREWRITE_CONTROL/task_068.json,mechanism_traces/seed_976301/C2_PREWRITE_CONTROL/task_068.json,1,1,0.0024767599999999997,0.008934,23.914089750003768,94bc6c63ffe148ca7cdb392260a45159d88e7b4a1e1db8220168fa7c1acfe6d5,34af8ed99a79edcd2f46e1da93413694eb0e666b4cbc280994c079165a690bda
seed_976301_C2_PREWRITE_CONTROL_task_070,976301,C2_PREWRITE_CONTROL,70,dialog_trajectories/seed_976301/C2_PREWRITE_CONTROL/task_070.json,mechanism_traces/seed_976301/C2_PREWRITE_CONTROL/task_070.json,0,0,0.00279218,0.006123999999999999,18.784994540998014,18cbb56bd356a347239609c5421aa4656c5ea8a7a4d7220312948fdfa4301a3a,a1c3ac7dc5e60b7700ffc14b5e4da2d5f1c3a26a50f00296032f32a3f8459234
seed_976301_C2_PREWRITE_CONTROL_task_071,976301,C2_PREWRITE_CONTROL,71,dialog_trajectories/seed_976301/C2_PREWRITE_CONTROL/task_071.json,mechanism_traces/seed_976301/C2_PREWRITE_CONTROL/task_071.json,1,1,0.01060353,0.01612,62.94654425000772,d0bebb9eb612e8ed115fdbdbeb2a94324cdf34beb967096eb99d1955547d0201,c44860f0593eef1dcca869c4b1623dc255bc72e648d1fd11034dd5d06359ce77
seed_976301_C2_PREWRITE_CONTROL_task_073,976301,C2_PREWRITE_CONTROL,73,dialog_trajectories/seed_976301/C2_PREWRITE_CONTROL/task_073.json,mechanism_traces/seed_976301/C2_PREWRITE_CONTROL/task_073.json,1,1,0.00442915,0.011937999999999997,30.994720749993576,fbecfd348c25844e0a8d0df771059759a67d5bac721ae4de695ef8914cacef2e,90a93b9298df240751948c1ce09c4c1d3ddb6be4d829018c429e3b10c876437b
seed_976301_C2_PREWRITE_CONTROL_task_074,976301,C2_PREWRITE_CONTROL,74,dialog_trajectories/seed_976301/C2_PREWRITE_CONTROL/task_074.json,mechanism_traces/seed_976301/C2_PREWRITE_CONTROL/task_074.json,0,0,0.008796060000000001,0.016596,54.767343165993225,3b2d4e1dbafea9e87a3dc4348b71553892e4b2382e47b5c5d4eb7161551514da,53a6b8c7c617d5ff7666dce1164388613d73edf7969232e523627a29ca972610
seed_976301_C2_PREWRITE_CONTROL_task_075,976301,C2_PREWRITE_CONTROL,75,dialog_trajectories/seed_976301/C2_PREWRITE_CONTROL/task_075.json,mechanism_traces/seed_976301/C2_PREWRITE_CONTROL/task_075.json,1,1,0.0045809100000000005,0.007217999999999999,22.212198333989363,3595318d79916e1a42a33526682f5c515ef0ac0f56b7748540153d5e6690107b,578d3d2f9e405031e6a1d9cfca45ab6f003897bda98454675b814c03630fd2f7
seed_976301_C2_PREWRITE_CONTROL_task_077,976301,C2_PREWRITE_CONTROL,77,dialog_trajectories/seed_976301/C2_PREWRITE_CONTROL/task_077.json,mechanism_traces/seed_976301/C2_PREWRITE_CONTROL/task_077.json,1,1,0.0037320900000000004,0.006423999999999999,24.10009229098796,ee574e3aa163adfa554e0f9901ba6c302e8906d20dadf26169ef2315e7537ab8,ed7ef5a37ba5fee55bee8c8be7298f184561fc3d9b29837a3f81920ae209575a
seed_976301_C2_PREWRITE_CONTROL_task_079,976301,C2_PREWRITE_CONTROL,79,dialog_trajectories/seed_976301/C2_PREWRITE_CONTROL/task_079.json,mechanism_traces/seed_976301/C2_PREWRITE_CONTROL/task_079.json,0,0,0.00648441,0.011671999999999998,33.269735041991225,b24312e54d4432fe41ec11830f69836ba6b9fea4700592afdce0505ef540f296,e0ad5e01cd4437b610a53165f111e64018433293a741686be0eaf8ee8edb6dc6
seed_976301_C2_PREWRITE_CONTROL_task_080,976301,C2_PREWRITE_CONTROL,80,dialog_trajectories/seed_976301/C2_PREWRITE_CONTROL/task_080.json,mechanism_traces/seed_976301/C2_PREWRITE_CONTROL/task_080.json,1,1,0.00471754,0.011868,29.577267625019886,3a81baf177da1923929abc817de5cff74ac225c80202572770b07fd66e74bdeb,a9bf12845b6f5691e2188a219eb284cfc231af09a09402fd4fee9230f6a1d55a
seed_976301_C2_PREWRITE_CONTROL_task_086,976301,C2_PREWRITE_CONTROL,86,dialog_trajectories/seed_976301/C2_PREWRITE_CONTROL/task_086.json,mechanism_traces/seed_976301/C2_PREWRITE_CONTROL/task_086.json,1,1,0.011402609999999999,0.014273999999999997,58.64182741599507,3cf0602b4d08ce7c8ac60c28b9239972e5197c7acbc6735c1bce88d073066c9c,b9081727d7301c0dffb4ede4db95212177ea75a41c286e43febe9a86fa19145f
seed_976301_C2_PREWRITE_CONTROL_task_087,976301,C2_PREWRITE_CONTROL,87,dialog_trajectories/seed_976301/C2_PREWRITE_CONTROL/task_087.json,mechanism_traces/seed_976301/C2_PREWRITE_CONTROL/task_087.json,1,1,0.005725330000000001,0.011361999999999999,34.06830283300951,d2632baac9bc0f4f1920a65458f41988327cef0a7f9282f86e68c050091d9eb0,b1646dc5ad8f5c0e7303578564e6284b44837d135853ab600c24814d0a5a45d8
seed_976301_C2_PREWRITE_CONTROL_task_090,976301,C2_PREWRITE_CONTROL,90,dialog_trajectories/seed_976301/C2_PREWRITE_CONTROL/task_090.json,mechanism_traces/seed_976301/C2_PREWRITE_CONTROL/task_090.json,1,1,0.004608620000000001,0.011105999999999998,26.00258058300824,90058319e95f4f72a43c3e578ad4f58ce107312f8032e4af645bf2c1f0d81856,f5baf93e1fde8d736716becee0a7341b31396f36047e99c32133e375c0aac284
seed_976301_C2_PREWRITE_CONTROL_task_091,976301,C2_PREWRITE_CONTROL,91,dialog_trajectories/seed_976301/C2_PREWRITE_CONTROL/task_091.json,mechanism_traces/seed_976301/C2_PREWRITE_CONTROL/task_091.json,0,0,0.0041614500000000006,0.010628000000000002,30.262506375001976,aebd0b92bf9a0c0f3548adacfaf0645e3a8ea94612a38f096027e1d381e3a2b0,682252b8089ea4aa969cd3e1417cf5ef6ab278f8a10158c4535d1f36e19818b5
seed_976301_C2_PREWRITE_CONTROL_task_094,976301,C2_PREWRITE_CONTROL,94,dialog_trajectories/seed_976301/C2_PREWRITE_CONTROL/task_094.json,mechanism_traces/seed_976301/C2_PREWRITE_CONTROL/task_094.json,1,1,0.00536763,0.010447999999999999,33.69506475000526,6c4246ccbaa345daf2b7ffecd0e0cc9c280ad928f769a15fd29f871cdb10be71,011fbedaf0f8e9bd2652d7e2121f30f582eb28a200687e0a699e841d5a61798c
seed_976301_C2_PREWRITE_CONTROL_task_095,976301,C2_PREWRITE_CONTROL,95,dialog_trajectories/seed_976301/C2_PREWRITE_CONTROL/task_095.json,mechanism_traces/seed_976301/C2_PREWRITE_CONTROL/task_095.json,1,1,0.011344849999999998,0.018179999999999998,60.22899333300302,788494465aa694d93f60d9fa124dd7ec2ee5e2f40999afbb9ea252a33c47c64f,fa5a75faa4c6ff9a961f47d96c114b26c6ec5711c7ed864b26e4115fcc24a52b
seed_976301_C2_PREWRITE_CONTROL_task_097,976301,C2_PREWRITE_CONTROL,97,dialog_trajectories/seed_976301/C2_PREWRITE_CONTROL/task_097.json,mechanism_traces/seed_976301/C2_PREWRITE_CONTROL/task_097.json,0,0,0.00841597,0.01038,42.7443239580025,fcaa5db6fc85cf5c2fd6cef39ed4fda7e55c832212407d7dcfad95a0bd353315,cd2835fb9b865761ce3ad1486b7f07876007f1ce166e83ede0317c858d782554
seed_976301_C2_PREWRITE_CONTROL_task_099,976301,C2_PREWRITE_CONTROL,99,dialog_trajectories/seed_976301/C2_PREWRITE_CONTROL/task_099.json,mechanism_traces/seed_976301/C2_PREWRITE_CONTROL/task_099.json,0,0,0.010759719999999997,0.01309,54.56959833299334,368d93ef349f644425d347af52757d6220a7f356eac80d2e531505d9811c26fa,56cc16f835b53cacebc2b6b4705d5a02d8768f662154302351dfa336ce519446
seed_976301_C2_PREWRITE_CONTROL_task_100,976301,C2_PREWRITE_CONTROL,100,dialog_trajectories/seed_976301/C2_PREWRITE_CONTROL/task_100.json,mechanism_traces/seed_976301/C2_PREWRITE_CONTROL/task_100.json,1,1,0.009371530000000001,0.01503,46.92352333299641,505b1f9dbf299ad01697800b36f160e32ea50ec22b268a5eb6f4a635f78f12c7,2a08952ef70480234ff0621709537553a6aa2152b5e19ca965059b3c61057706
seed_976301_C2_PREWRITE_CONTROL_task_101,976301,C2_PREWRITE_CONTROL,101,dialog_trajectories/seed_976301/C2_PREWRITE_CONTROL/task_101.json,mechanism_traces/seed_976301/C2_PREWRITE_CONTROL/task_101.json,1,1,0.014930590000000002,0.017168,81.36987720899924,eba0a6934a41e3650b07dad77e09c3d176ce6bc085278af6f915eb3c3e97daea,1f9660731f06b1b01ba557084c3111129cfc6862ca134f05a7d1f42f511891d0
seed_976301_C2_PREWRITE_CONTROL_task_102,976301,C2_PREWRITE_CONTROL,102,dialog_trajectories/seed_976301/C2_PREWRITE_CONTROL/task_102.json,mechanism_traces/seed_976301/C2_PREWRITE_CONTROL/task_102.json,1,1,0.013391509999999997,0.01621,66.95771729199623,036071e0cbf5194580e4797efef5d7903f73e7203a86c78524f6d54ba7cec83e,9a66234a2151f7b8049697090989502c209956b7c7e302b1bace08a45015d1e5
seed_976301_C2_PREWRITE_CONTROL_task_105,976301,C2_PREWRITE_CONTROL,105,dialog_trajectories/seed_976301/C2_PREWRITE_CONTROL/task_105.json,mechanism_traces/seed_976301/C2_PREWRITE_CONTROL/task_105.json,0,0,0.00643224,0.011222,37.40001470799325,b7bee22465c065077809dd1775ed33c43df147c2cf06714ced0b0c9b6e8e07c6,8687ad1c97962da16e4f4434b00d6c5e5979abcfcd36982625d1269e1dcc9639
seed_976301_C2_PREWRITE_CONTROL_task_108,976301,C2_PREWRITE_CONTROL,108,dialog_trajectories/seed_976301/C2_PREWRITE_CONTROL/task_108.json,mechanism_traces/seed_976301/C2_PREWRITE_CONTROL/task_108.json,0,0,0.00711558,0.018982,40.20964549999917,411f6ea9e5961a7be4710cdf6509821b2e4282d331017d8bc35dd2264c4c5362,58ce550d275f7caefed41cb082d3e7fa2104c78475eb7d6d4ec37785cf31ff75
seed_976301_C2_PREWRITE_CONTROL_task_111,976301,C2_PREWRITE_CONTROL,111,dialog_trajectories/seed_976301/C2_PREWRITE_CONTROL/task_111.json,mechanism_traces/seed_976301/C2_PREWRITE_CONTROL/task_111.json,1,1,0.015080440000000004,0.015427999999999999,73.95333099999698,6389d4182437866c1347be47e81cf1b6cd020b22455a726c04fc0281f9a9a535,5f3a33a9db7bc739c2982a8f513cd72dec2c269271ef5b8a598968c27dadf513
seed_976301_C2_PREWRITE_CONTROL_task_113,976301,C2_PREWRITE_CONTROL,113,dialog_trajectories/seed_976301/C2_PREWRITE_CONTROL/task_113.json,mechanism_traces/seed_976301/C2_PREWRITE_CONTROL/task_113.json,1,1,0.00491549,0.00924,27.568927542000893,7f5f5da2268e75a1a9f4d6c50b247ba27b520e39769a61fa7b230e76bce69a21,e30ac93eb4a42817f2e84d6cc7c96d7762ceb8f42866b1a5a665ed97b38f1707
seed_976301_C3_COMBINED_INTERVENTION_task_000,976301,C3_COMBINED_INTERVENTION,0,dialog_trajectories/seed_976301/C3_COMBINED_INTERVENTION/task_000.json,mechanism_traces/seed_976301/C3_COMBINED_INTERVENTION/task_000.json,1,1,0.00937131,0.01028,52.62846649999847,9d65c10d0df9beee2056bc32161e48c3c3c1b36afb1097844ef8824e5593df20,9368804284d42eb6c2c4ae95dd1af2e2dd59832746f1961cd728d238f69a951b
seed_976301_C3_COMBINED_INTERVENTION_task_001,976301,C3_COMBINED_INTERVENTION,1,dialog_trajectories/seed_976301/C3_COMBINED_INTERVENTION/task_001.json,mechanism_traces/seed_976301/C3_COMBINED_INTERVENTION/task_001.json,0,0,0.010486470000000001,0.01021,49.9816605829983,3fb66f9fb9efc163d2f260cdf140df560864b7e06b32bd32bd8009ef4b8b028e,0f3351d83f0ba9319b07e8198af2194ea9f7df9de22d4f847fa39c7000b05e25
seed_976301_C3_COMBINED_INTERVENTION_task_002,976301,C3_COMBINED_INTERVENTION,2,dialog_trajectories/seed_976301/C3_COMBINED_INTERVENTION/task_002.json,mechanism_traces/seed_976301/C3_COMBINED_INTERVENTION/task_002.json,1,1,0.009119589999999999,0.007644,43.118545999983326,cb59abb57a9d1ad05a0bcc73375e52b89f7b3abeaef2d19f828dd84adbb075a7,87d608e7b9cfb883c1687f8a3dac1faceb67357009c31d2fd63cead9af8173d9
seed_976301_C3_COMBINED_INTERVENTION_task_003,976301,C3_COMBINED_INTERVENTION,3,dialog_trajectories/seed_976301/C3_COMBINED_INTERVENTION/task_003.json,mechanism_traces/seed_976301/C3_COMBINED_INTERVENTION/task_003.json,1,1,0.010596320000000001,0.011574,54.01768470800016,351a3406f3f50bf7ed9200c09351d9d6ccaccdf7438325f44bd90ae35a266f08,249b104a36efe96c21a2621db88ab715e7a9d832367cee2485632e9fa23427ad
seed_976301_C3_COMBINED_INTERVENTION_task_004,976301,C3_COMBINED_INTERVENTION,4,dialog_trajectories/seed_976301/C3_COMBINED_INTERVENTION/task_004.json,mechanism_traces/seed_976301/C3_COMBINED_INTERVENTION/task_004.json,1,1,0.006703269999999999,0.008508,36.515618959005224,e5f8003b8bfb40afbb07fdb8913abacc33c06ce438a3a3797c5f5c9930a5fef9,04bc77251111abba976ff5f18b88c34ab2fafd0462f35090c8637f32fb5990e7
seed_976301_C3_COMBINED_INTERVENTION_task_005,976301,C3_COMBINED_INTERVENTION,5,dialog_trajectories/seed_976301/C3_COMBINED_INTERVENTION/task_005.json,mechanism_traces/seed_976301/C3_COMBINED_INTERVENTION/task_005.json,1,1,0.010818989999999999,0.020215999999999998,54.679674667000654,da41b6a88001aaa32bb19379664b60b05982c9effb22b39758ef9a3ba5db7829,5c26c3571df6f33bdf651fae92284cc34b1eaf3bfc45301726883d8b783905f9
seed_976301_C3_COMBINED_INTERVENTION_task_006,976301,C3_COMBINED_INTERVENTION,6,dialog_trajectories/seed_976301/C3_COMBINED_INTERVENTION/task_006.json,mechanism_traces/seed_976301/C3_COMBINED_INTERVENTION/task_006.json,0,0,0.010654710000000001,0.015226,55.615102291994845,28ee49182cc160b0cd797a822159b4222bf76f1a48a32e26ea385dd7b844888f,fd4ad57132ea195c9f690f89e07288ebb7e74cfdaca32e78770fa28200220b70
seed_976301_C3_COMBINED_INTERVENTION_task_007,976301,C3_COMBINED_INTERVENTION,7,dialog_trajectories/seed_976301/C3_COMBINED_INTERVENTION/task_007.json,mechanism_traces/seed_976301/C3_COMBINED_INTERVENTION/task_007.json,1,1,0.010743820000000001,0.016082,59.6038916670077,53fb6913c47ca232f6619ccfca28ecebba0fb4cc86c58646928338eb458d931a,ddae359c5873953f554ba56164c19fa9c668bc74905a009de7c58ab316272916
seed_976301_C3_COMBINED_INTERVENTION_task_008,976301,C3_COMBINED_INTERVENTION,8,dialog_trajectories/seed_976301/C3_COMBINED_INTERVENTION/task_008.json,mechanism_traces/seed_976301/C3_COMBINED_INTERVENTION/task_008.json,1,1,0.013536900000000003,0.016885999999999998,70.5802987079951,c95fe1520a195f0e58f81d819f123cb8f820f3bbe12d85ab29283ce1b1c686e4,94f2fb9118467d29051c8fdb5c3a19724ee2aa05738f00f741ea9756f855b120
seed_976301_C3_COMBINED_INTERVENTION_task_009,976301,C3_COMBINED_INTERVENTION,9,dialog_trajectories/seed_976301/C3_COMBINED_INTERVENTION/task_009.json,mechanism_traces/seed_976301/C3_COMBINED_INTERVENTION/task_009.json,1,1,0.01393625,0.018250000000000002,63.712555417005206,f2169e0a3caca1f6613d76e2dabbbb00b0ce8ca143cd01e0e08633cbfeed4edd,dbabaca2fb003a4a6f87ff6a53cf67d02ff98c281a482fecb7a8c862d6ad559f
seed_976301_C3_COMBINED_INTERVENTION_task_010,976301,C3_COMBINED_INTERVENTION,10,dialog_trajectories/seed_976301/C3_COMBINED_INTERVENTION/task_010.json,mechanism_traces/seed_976301/C3_COMBINED_INTERVENTION/task_010.json,1,1,0.0039836,0.008667999999999999,25.093394582989276,7472e919bd45128da8a057500d72747bb6cdac86e737de0820ff1f1d91f5fdb1,c96a1f509e7b7cc5b15f2fc9b2c62aac1cbf36049a6a121f580b37d985061245
seed_976301_C3_COMBINED_INTERVENTION_task_011,976301,C3_COMBINED_INTERVENTION,11,dialog_trajectories/seed_976301/C3_COMBINED_INTERVENTION/task_011.json,mechanism_traces/seed_976301/C3_COMBINED_INTERVENTION/task_011.json,0,0,0.00619945,0.009627999999999998,32.17503337498056,74ec11cf23e152e2862838ca0becd3c756b832056e51e5114dca21caefc9c450,a552fa5321ed712790b622a16dbfb3853c113112f653d12dadb9ff7b25e41281
seed_976301_C3_COMBINED_INTERVENTION_task_012,976301,C3_COMBINED_INTERVENTION,12,dialog_trajectories/seed_976301/C3_COMBINED_INTERVENTION/task_012.json,mechanism_traces/seed_976301/C3_COMBINED_INTERVENTION/task_012.json,0,0,0.00724651,0.007899999999999999,35.77488087500387,3e27dbd68bd5c37aa9402eda771305a9f4af0f3e0311b498a04c8b0a9689c9ad,1122cefe888be39cd32ce7de0e3255dcab3f07a81e678f148636fe884c516e2c
seed_976301_C3_COMBINED_INTERVENTION_task_013,976301,C3_COMBINED_INTERVENTION,13,dialog_trajectories/seed_976301/C3_COMBINED_INTERVENTION/task_013.json,mechanism_traces/seed_976301/C3_COMBINED_INTERVENTION/task_013.json,1,1,0.00905813,0.012428,44.535277084010886,511f9cdc95aed679069be0e0bafd447d6126e6498459a019e035ea6be5441f30,c28394d9d78658ae3a7a2d067aa301ad8816058896fa41305d9a5b84ca295579
seed_976301_C3_COMBINED_INTERVENTION_task_014,976301,C3_COMBINED_INTERVENTION,14,dialog_trajectories/seed_976301/C3_COMBINED_INTERVENTION/task_014.json,mechanism_traces/seed_976301/C3_COMBINED_INTERVENTION/task_014.json,1,1,0.00807865,0.010068,37.802437667007325,6d8a84c389ba6b8395ddd35738542708571e0947bdcd31c1ba9eff4cdc9dbe21,df2cb2087bc7cca5d5dcd684189fc78bed737ba39c0bdc4b34e3dbe8633965d4
seed_976301_C3_COMBINED_INTERVENTION_task_015,976301,C3_COMBINED_INTERVENTION,15,dialog_trajectories/seed_976301/C3_COMBINED_INTERVENTION/task_015.json,mechanism_traces/seed_976301/C3_COMBINED_INTERVENTION/task_015.json,1,1,0.00810695,0.010896000000000001,43.94059204199584,efe66ea819b78432a8ac045b54205e2eefb9f8a01b2b7c5bd6ac41fc3e6d5516,de692f04c5bf09f8e043f2f276101c016bdf5e2b96089dc5ddedb0181f432106
seed_976301_C3_COMBINED_INTERVENTION_task_016,976301,C3_COMBINED_INTERVENTION,16,dialog_trajectories/seed_976301/C3_COMBINED_INTERVENTION/task_016.json,mechanism_traces/seed_976301/C3_COMBINED_INTERVENTION/task_016.json,1,1,0.009734950000000001,0.009616,40.84246141600306,73aa8923a68b9e0289df6af95e0562a3dd26164bdc53628fdcf28b1d46bbaa31,419a6002a15f26599aad7c45a15e6766e19033a24a78172a1ae7c2603b3313da
seed_976301_C3_COMBINED_INTERVENTION_task_017,976301,C3_COMBINED_INTERVENTION,17,dialog_trajectories/seed_976301/C3_COMBINED_INTERVENTION/task_017.json,mechanism_traces/seed_976301/C3_COMBINED_INTERVENTION/task_017.json,1,1,0.00562776,0.01229,36.525376874997164,df3e11cadb6179a1569fa512aedc1359aed63c825e7f7089e193d851538412af,7b05b06c58bc8d09590938454776e3aa974665366f8c10fd3378a834e5ba5641
seed_976301_C3_COMBINED_INTERVENTION_task_018,976301,C3_COMBINED_INTERVENTION,18,dialog_trajectories/seed_976301/C3_COMBINED_INTERVENTION/task_018.json,mechanism_traces/seed_976301/C3_COMBINED_INTERVENTION/task_018.json,1,1,0.01016754,0.018988,67.29221495900129,80712f70c900b1c6af85126c88f8901da296fd3880ad6d7a69ec684349027722,545eec478d0019c832e0b0dce31a76fdc16b895f0eb8605d8841bd296b55b177
seed_976301_C3_COMBINED_INTERVENTION_task_019,976301,C3_COMBINED_INTERVENTION,19,dialog_trajectories/seed_976301/C3_COMBINED_INTERVENTION/task_019.json,mechanism_traces/seed_976301/C3_COMBINED_INTERVENTION/task_019.json,1,1,0.00939959,0.009687999999999999,42.848115958011476,11121637ec4aa583439a971ac46125ba4a2c440c9bea48605a6b6e95371cd3a3,46430f2235d71a305299073f502d59834c6f7141572d7962f09b16ae745aba0f
seed_976301_C3_COMBINED_INTERVENTION_task_020,976301,C3_COMBINED_INTERVENTION,20,dialog_trajectories/seed_976301/C3_COMBINED_INTERVENTION/task_020.json,mechanism_traces/seed_976301/C3_COMBINED_INTERVENTION/task_020.json,1,1,0.00730925,0.0069099999999999995,30.9219397919951,de0c8aba7736df660f32e92950269acd3d87a03164a93188468b7e6a95825a9f,c54549b236a672ffc6f3b06952ab5829a0d1702ebc8eaced93967beb3cb9574b
seed_976301_C3_COMBINED_INTERVENTION_task_021,976301,C3_COMBINED_INTERVENTION,21,dialog_trajectories/seed_976301/C3_COMBINED_INTERVENTION/task_021.json,mechanism_traces/seed_976301/C3_COMBINED_INTERVENTION/task_021.json,1,1,0.013372070000000002,0.013787999999999998,61.89479891699739,804942a70338d91849efb57e4826ac895af1d8fcdd92fddc2bd9d4364c1523fb,75f2191d5e5b31db54baca12206a29b5285f5f9285bc00d0542058a2cbab2205
seed_976301_C3_COMBINED_INTERVENTION_task_022,976301,C3_COMBINED_INTERVENTION,22,dialog_trajectories/seed_976301/C3_COMBINED_INTERVENTION/task_022.json,mechanism_traces/seed_976301/C3_COMBINED_INTERVENTION/task_022.json,1,1,0.00992338,0.012777999999999998,39.042342166998424,b27b0d658d5e488a31f5da859560fa80e6f08cbc31479c084a8d477f382de5fe,62b3076a01391b95e65d1626cb49ce67435755b6eb84e5e818b1e491917ae655
seed_976301_C3_COMBINED_INTERVENTION_task_023,976301,C3_COMBINED_INTERVENTION,23,dialog_trajectories/seed_976301/C3_COMBINED_INTERVENTION/task_023.json,mechanism_traces/seed_976301/C3_COMBINED_INTERVENTION/task_023.json,1,1,0.021787060000000004,0.020187999999999998,109.30408941701171,43794a63c4649b35967b302b14fe34b646aae15e72f137fabdd70d258d78d6e6,c2236552acf29dae6bbfb0c208623e0e1bbf3685f203e9af179e85d80cd48fe0
seed_976301_C3_COMBINED_INTERVENTION_task_024,976301,C3_COMBINED_INTERVENTION,24,dialog_trajectories/seed_976301/C3_COMBINED_INTERVENTION/task_024.json,mechanism_traces/seed_976301/C3_COMBINED_INTERVENTION/task_024.json,1,1,0.0036051100000000003,0.01192,24.044579458015505,658fd9a8b7d7706ae589e91c6f35941031bb43eb05d720a0b1a327bb1e46a1e2,020927b2c3578b7fb9619f834028d18ea538edcf84ab3724ba347d8cb0606249
seed_976301_C3_COMBINED_INTERVENTION_task_025,976301,C3_COMBINED_INTERVENTION,25,dialog_trajectories/seed_976301/C3_COMBINED_INTERVENTION/task_025.json,mechanism_traces/seed_976301/C3_COMBINED_INTERVENTION/task_025.json,1,1,0.00663874,0.009446,35.27426320797531,e1db1d84f3d4b5e339f6e298c154208e8a1d3ab29b80c002650aed1a5061191c,2ee97b2e77d56686f391281ad6d4af5951f5a3d5e021fa064687041e059ba4f0
seed_976301_C3_COMBINED_INTERVENTION_task_026,976301,C3_COMBINED_INTERVENTION,26,dialog_trajectories/seed_976301/C3_COMBINED_INTERVENTION/task_026.json,mechanism_traces/seed_976301/C3_COMBINED_INTERVENTION/task_026.json,1,1,0.00650578,0.008504,28.23676204100775,777bb5129a3536c285013ed5ff54364d94e22e96a4d62470eaf7b8c9a993fe11,01650f7025f0f30c526a1d15df6c527b18c4b7f7f827d33550a8180dd0bc3851
seed_976301_C3_COMBINED_INTERVENTION_task_027,976301,C3_COMBINED_INTERVENTION,27,dialog_trajectories/seed_976301/C3_COMBINED_INTERVENTION/task_027.json,mechanism_traces/seed_976301/C3_COMBINED_INTERVENTION/task_027.json,1,1,0.01164409,0.01985,64.48533450000104,367554b555e3d14a93e7bea77b31cdba3fa85e55c3290ec51edbd3b9f3d01ccd,1753bfcca06b5eae310d66105cd76595066de938e6ae6e69d5afbb13f397fb98
seed_976301_C3_COMBINED_INTERVENTION_task_028,976301,C3_COMBINED_INTERVENTION,28,dialog_trajectories/seed_976301/C3_COMBINED_INTERVENTION/task_028.json,mechanism_traces/seed_976301/C3_COMBINED_INTERVENTION/task_028.json,1,1,0.01487081,0.021484,60.66135304199997,aca2b9fbb28a276aa920a7cc4fd020f182618bb386fba6f53a3e46a55dacba0e,624d53ab0ba64c74a6f1030d641aace530bd578e521726f4062df14d8b2f71e4
seed_976301_C3_COMBINED_INTERVENTION_task_029,976301,C3_COMBINED_INTERVENTION,29,dialog_trajectories/seed_976301/C3_COMBINED_INTERVENTION/task_029.json,mechanism_traces/seed_976301/C3_COMBINED_INTERVENTION/task_029.json,1,1,0.01559279,0.011845999999999999,68.69123958298587,0d66719f172f518112708e884f590618685b81f3479ca7a71c1e0f3197f457c7,8915f09a50e48e60c81a81514e5de4e6bee1a05a2a781ebfda1ea6624474b519
seed_976301_C3_COMBINED_INTERVENTION_task_030,976301,C3_COMBINED_INTERVENTION,30,dialog_trajectories/seed_976301/C3_COMBINED_INTERVENTION/task_030.json,mechanism_traces/seed_976301/C3_COMBINED_INTERVENTION/task_030.json,1,1,0.01638042,0.018118,70.77801212499617,cf991e1beffa808c62986148ca1274fd9521329301dd6a211c510176ae4b2a96,7d6ca8445eac18a0d3dade75d32a2c5e8ed5d5af2261fcfc306c466d5339115b
seed_976301_C3_COMBINED_INTERVENTION_task_031,976301,C3_COMBINED_INTERVENTION,31,dialog_trajectories/seed_976301/C3_COMBINED_INTERVENTION/task_031.json,mechanism_traces/seed_976301/C3_COMBINED_INTERVENTION/task_031.json,0,0,0.00471795,0.011757999999999998,28.536410540982615,61f80f53a27b6d6620976276d15e74754a5baefecff15266827e1362f582abd8,1deacaa7d3c18f2a0f959e6c5aa63b42dbec65ed349b92fe03def1cc92fad147
seed_976301_C3_COMBINED_INTERVENTION_task_032,976301,C3_COMBINED_INTERVENTION,32,dialog_trajectories/seed_976301/C3_COMBINED_INTERVENTION/task_032.json,mechanism_traces/seed_976301/C3_COMBINED_INTERVENTION/task_032.json,1,1,0.011835489999999999,0.018188,51.14476112500415,2e5ec848e78a773973866f116367236e15471064d4a7fa082d97f84cf177843a,acb57abbfa05ff9ed5343791f09a90d938b418f9905ac684c4e55745fbc04649
seed_976301_C3_COMBINED_INTERVENTION_task_033,976301,C3_COMBINED_INTERVENTION,33,dialog_trajectories/seed_976301/C3_COMBINED_INTERVENTION/task_033.json,mechanism_traces/seed_976301/C3_COMBINED_INTERVENTION/task_033.json,0,0,0.0052005,0.009970000000000001,27.850485167000443,45f95fbaa76c1ac2ad1fadc144ac8efbbd703eea34051cd401255560bed4eb2c,b1add957db91aa9b64ed305aaff884dcb71babaf793e1b36a0e8f52b8efd41fc
seed_976301_C3_COMBINED_INTERVENTION_task_034,976301,C3_COMBINED_INTERVENTION,34,dialog_trajectories/seed_976301/C3_COMBINED_INTERVENTION/task_034.json,mechanism_traces/seed_976301/C3_COMBINED_INTERVENTION/task_034.json,0,0,0.004639429999999999,0.008435999999999999,25.05292591601028,2bcbc8baabb60695590852f9a9008f0f38ca6e3807d8cf6b039fe99eb893aaef,393f412020833ce1aa6f511775258b5f354a075dc3c9daf6888ef729eab71302
seed_976301_C3_COMBINED_INTERVENTION_task_035,976301,C3_COMBINED_INTERVENTION,35,dialog_trajectories/seed_976301/C3_COMBINED_INTERVENTION/task_035.json,mechanism_traces/seed_976301/C3_COMBINED_INTERVENTION/task_035.json,1,1,0.02004907,0.02409,90.64240808300383,fe39729cd7148cfcf03758365cf16cf1dcdf389580ddf5b7553506730e6fce31,847132707d3ae0a27bb1dbcb9992e57f98249efe28f2a709b617c5e36e3356d4
seed_976301_C3_COMBINED_INTERVENTION_task_036,976301,C3_COMBINED_INTERVENTION,36,dialog_trajectories/seed_976301/C3_COMBINED_INTERVENTION/task_036.json,mechanism_traces/seed_976301/C3_COMBINED_INTERVENTION/task_036.json,0,0,0.015257509999999998,0.011644,63.87212720900425,a7ecf5d1ca1cbacd8d36da07838cd98d95769e1e3839f272c3e20971b9bc190d,bb6a4182c40114a55f0faa37b8ecc05b266456cc501376b5ee1bc932e26417f2
seed_976301_C3_COMBINED_INTERVENTION_task_038,976301,C3_COMBINED_INTERVENTION,38,dialog_trajectories/seed_976301/C3_COMBINED_INTERVENTION/task_038.json,mechanism_traces/seed_976301/C3_COMBINED_INTERVENTION/task_038.json,0,0,0.013330860000000002,0.015282,66.91749483400781,f5b180c82be87284cf4a2e4111fd32f0f12391cbdc69284beede3b7e8e5baf5a,cb6df45a543a80bc69c0bc899f2e0a2fffcd307d9b41bca4c48b92f476a4dc4c
seed_976301_C3_COMBINED_INTERVENTION_task_039,976301,C3_COMBINED_INTERVENTION,39,dialog_trajectories/seed_976301/C3_COMBINED_INTERVENTION/task_039.json,mechanism_traces/seed_976301/C3_COMBINED_INTERVENTION/task_039.json,1,1,0.011112279999999999,0.015948,59.247061957998085,8e92df43eb63614eb0666520266023b826be3cfbec04254ee317fd8781d6d744,1fd780c10146f7d826565eec4a1bc2a49505cdc86aabd9449426a3247ada6187
seed_976301_C3_COMBINED_INTERVENTION_task_040,976301,C3_COMBINED_INTERVENTION,40,dialog_trajectories/seed_976301/C3_COMBINED_INTERVENTION/task_040.json,mechanism_traces/seed_976301/C3_COMBINED_INTERVENTION/task_040.json,1,1,0.00464962,0.009028,29.653750874989782,b052304d33d868f054db9e0b3541d2a6621b5c525fd6f569348e59a7ed3eaf57,ea9633d1d644da71b2cf0f3dc1a2e416c0443d1679d8ea3c7354f64879b537f9
seed_976301_C3_COMBINED_INTERVENTION_task_042,976301,C3_COMBINED_INTERVENTION,42,dialog_trajectories/seed_976301/C3_COMBINED_INTERVENTION/task_042.json,mechanism_traces/seed_976301/C3_COMBINED_INTERVENTION/task_042.json,1,1,0.013117650000000002,0.017186,59.4744851669966,582f38a7e87abb045446acb681a8be81ff70d593a6416a82931d0c5f24d06a0b,a3f37cccf530a38352c7ae334c4f6bf3c5af833452b31acf803487045b130555
seed_976301_C3_COMBINED_INTERVENTION_task_043,976301,C3_COMBINED_INTERVENTION,43,dialog_trajectories/seed_976301/C3_COMBINED_INTERVENTION/task_043.json,mechanism_traces/seed_976301/C3_COMBINED_INTERVENTION/task_043.json,0,0,0.00604198,0.021081999999999997,42.89151258299535,329b7c7688b02d45cdd2f48212ca8fc08e18cc86cc76e59251aa55b2fb9f2745,798e88be14f90beaf376dd132c363e4da00793921aaf3dbe37f95faee6746e45
seed_976301_C3_COMBINED_INTERVENTION_task_045,976301,C3_COMBINED_INTERVENTION,45,dialog_trajectories/seed_976301/C3_COMBINED_INTERVENTION/task_045.json,mechanism_traces/seed_976301/C3_COMBINED_INTERVENTION/task_045.json,1,1,0.00990748,0.016488,50.101267000005464,f6db93a0ef9d224045d4cca8f2b36f14d1e4de9f69f4f7b33fbb67364265118a,3240523de7313902f0fdb177b690fa17392d42fb406cb6ef9dba85093b524696
seed_976301_C3_COMBINED_INTERVENTION_task_049,976301,C3_COMBINED_INTERVENTION,49,dialog_trajectories/seed_976301/C3_COMBINED_INTERVENTION/task_049.json,mechanism_traces/seed_976301/C3_COMBINED_INTERVENTION/task_049.json,1,1,0.00912165,0.008676,40.0169857909932,2b78afe438b6f37ed0cdc5a67a97029c61bcccdb96b3d3dfa6525717e390a211,a1035b1995cd83332f36e41883f10cdf8ec3ae32b73af9496c5bb510b9bb04cf
seed_976301_C3_COMBINED_INTERVENTION_task_050,976301,C3_COMBINED_INTERVENTION,50,dialog_trajectories/seed_976301/C3_COMBINED_INTERVENTION/task_050.json,mechanism_traces/seed_976301/C3_COMBINED_INTERVENTION/task_050.json,1,1,0.00364604,0.009148,32.9572498339985,750c07640f0dbaad63b527dbd52fba8c45b76d1f979ae0a531b8140dd91a768a,e9b55580fc2ac32c292a6e4f49ff650d213381d4584fce688fe5a351575d2280
seed_976301_C3_COMBINED_INTERVENTION_task_051,976301,C3_COMBINED_INTERVENTION,51,dialog_trajectories/seed_976301/C3_COMBINED_INTERVENTION/task_051.json,mechanism_traces/seed_976301/C3_COMBINED_INTERVENTION/task_051.json,1,1,0.008293430000000001,0.011652,38.537400417000754,2c1b571f0000f4dd52893bba5e5fcc747d0741dc835ab53bb15e9312f2ac5bba,b835eb9ddfcedd2a75c2d30714b39b221f47e38a900410835754a5721911f17b
seed_976301_C3_COMBINED_INTERVENTION_task_053,976301,C3_COMBINED_INTERVENTION,53,dialog_trajectories/seed_976301/C3_COMBINED_INTERVENTION/task_053.json,mechanism_traces/seed_976301/C3_COMBINED_INTERVENTION/task_053.json,1,1,0.01020292,0.016026,52.52578754199203,041568f3de20cafc1113672287659b1ae268f0c6f0c4f69ca7d35838f0e5740a,bf3bc8d330e4ee90b085b922cae6b829572f2523b4e9cff782d4c9af5321bba4
seed_976301_C3_COMBINED_INTERVENTION_task_054,976301,C3_COMBINED_INTERVENTION,54,dialog_trajectories/seed_976301/C3_COMBINED_INTERVENTION/task_054.json,mechanism_traces/seed_976301/C3_COMBINED_INTERVENTION/task_054.json,1,1,0.01391253,0.009966,63.14650266699027,852452a7fa2c5b07d3252f9bec3512217f6db54d8b850bd873ebdcced3a11f3a,50179f0ae3a206345ac80811dff808899eed0b6f184efad5349fd18ffba67bdd
seed_976301_C3_COMBINED_INTERVENTION_task_055,976301,C3_COMBINED_INTERVENTION,55,dialog_trajectories/seed_976301/C3_COMBINED_INTERVENTION/task_055.json,mechanism_traces/seed_976301/C3_COMBINED_INTERVENTION/task_055.json,0,0,0.01116095,0.013373999999999999,42.32279904199822,ffd43179f54e540e312e83de21185a6d7c876a2d3f14c35ba15c44e49dae4490,732b9e3caad6b59673d8fe1a352b9170522cdf9bea02b6192d0d8b833b51af75
seed_976301_C3_COMBINED_INTERVENTION_task_056,976301,C3_COMBINED_INTERVENTION,56,dialog_trajectories/seed_976301/C3_COMBINED_INTERVENTION/task_056.json,mechanism_traces/seed_976301/C3_COMBINED_INTERVENTION/task_056.json,0,0,0.0036303400000000006,0.007018,18.462709499988705,a6644f2cced817bb4e3af6eb60896041d013f9f30a0d0daca60950fd340ff1ae,0616efcdf8203f9df7e6cee09ddfd429eb4157eb2dd9c5c4250e49dac57fd658
seed_976301_C3_COMBINED_INTERVENTION_task_059,976301,C3_COMBINED_INTERVENTION,59,dialog_trajectories/seed_976301/C3_COMBINED_INTERVENTION/task_059.json,mechanism_traces/seed_976301/C3_COMBINED_INTERVENTION/task_059.json,1,1,0.00779665,0.01387,43.289057916990714,3ab30421688d03f39e3092507dc65a3621ab82097cb6bf86d2af89f9f8189a09,464dff9679399280a42240927b734fd0847b6a93b7f3e5fcaea52769b8143c4b
seed_976301_C3_COMBINED_INTERVENTION_task_060,976301,C3_COMBINED_INTERVENTION,60,dialog_trajectories/seed_976301/C3_COMBINED_INTERVENTION/task_060.json,mechanism_traces/seed_976301/C3_COMBINED_INTERVENTION/task_060.json,1,1,0.007465770000000001,0.008209999999999999,34.644306250003865,2a85c398f6c89dc53b294069dc10f7bb5f34baa9c4f3c94a38c42e47872801a0,2ec60da0e7bb1c02dce2895eea1c3ffebf8205a7deafe063a4035e49eabd05c9
seed_976301_C3_COMBINED_INTERVENTION_task_061,976301,C3_COMBINED_INTERVENTION,61,dialog_trajectories/seed_976301/C3_COMBINED_INTERVENTION/task_061.json,mechanism_traces/seed_976301/C3_COMBINED_INTERVENTION/task_061.json,1,1,0.0063165999999999995,0.007715999999999999,33.58628879200842,472f7419cb8fd51a364328891e8c570ef98f994b855c4cd274e95be6afd18d0e,b63aa7d87f9d9a510e60058bddb1d5d3a217069215f1eb4f7fd5f9cb7c4ab06e
seed_976301_C3_COMBINED_INTERVENTION_task_062,976301,C3_COMBINED_INTERVENTION,62,dialog_trajectories/seed_976301/C3_COMBINED_INTERVENTION/task_062.json,mechanism_traces/seed_976301/C3_COMBINED_INTERVENTION/task_062.json,1,1,0.00932617,0.018815999999999996,47.19463874999201,4f9f9cf1403bf30811d8a2fdcad767f48121c3f0729fc651c4aa354e6896498d,88ea2c078ab98ac916dcd4b251a2aa993e23e5046a5c6444d50ef4fce4025bc7
seed_976301_C3_COMBINED_INTERVENTION_task_064,976301,C3_COMBINED_INTERVENTION,64,dialog_trajectories/seed_976301/C3_COMBINED_INTERVENTION/task_064.json,mechanism_traces/seed_976301/C3_COMBINED_INTERVENTION/task_064.json,0,0,0.012993670000000002,0.014214000000000001,72.69788575000712,ada845d5145b81056fe20949602542b1aa95b19d2bf0dc97376659b39c18b9ae,6d5954c8121957f2ff40f576cd0e107e8ba6eb1771e8f2ffc460c09f516655e1
seed_976301_C3_COMBINED_INTERVENTION_task_065,976301,C3_COMBINED_INTERVENTION,65,dialog_trajectories/seed_976301/C3_COMBINED_INTERVENTION/task_065.json,mechanism_traces/seed_976301/C3_COMBINED_INTERVENTION/task_065.json,1,1,0.00466115,0.004148,22.719768875002046,b2359bfb780d7e011a31b342c9e5b655addc27b47ec5034ffcd2de2f1348d4fb,2b0488958f3f44b33d6a8dfdca71c4297d0ef1e90d7619cd68b1867ff74395af
seed_976301_C3_COMBINED_INTERVENTION_task_068,976301,C3_COMBINED_INTERVENTION,68,dialog_trajectories/seed_976301/C3_COMBINED_INTERVENTION/task_068.json,mechanism_traces/seed_976301/C3_COMBINED_INTERVENTION/task_068.json,1,1,0.0023024300000000003,0.006846,21.133338790998096,a067a972ac7af7d22463d67feff042ed894069deced697d1284904c7ffd6ba99,ca24d9b46fac1240b04f7f5f2686a427f82a5850758f3b4fc2dbf4bbd25f4d60
seed_976301_C3_COMBINED_INTERVENTION_task_070,976301,C3_COMBINED_INTERVENTION,70,dialog_trajectories/seed_976301/C3_COMBINED_INTERVENTION/task_070.json,mechanism_traces/seed_976301/C3_COMBINED_INTERVENTION/task_070.json,1,1,0.00608557,0.009694,29.643261416000314,af1dcdd999e743fa3015ff1b35e8d554377e9a4c11c11cf09eb954cb224c2673,1f682cf1e02d95ce561b031b7cdc068c194e2a48de2fa4682417b8d2933d1b28
seed_976301_C3_COMBINED_INTERVENTION_task_071,976301,C3_COMBINED_INTERVENTION,71,dialog_trajectories/seed_976301/C3_COMBINED_INTERVENTION/task_071.json,mechanism_traces/seed_976301/C3_COMBINED_INTERVENTION/task_071.json,1,1,0.017668200000000002,0.019104,74.7564787910087,3b2f59ab3b3c73cc51a9ba16f6b6b8a899d30ecc1f5851b16630e360bb0cb5ff,c733a310dd98fa3f14014e5b49bd1d8fc774f7a320078a2d2a7060923b86706a
seed_976301_C3_COMBINED_INTERVENTION_task_073,976301,C3_COMBINED_INTERVENTION,73,dialog_trajectories/seed_976301/C3_COMBINED_INTERVENTION/task_073.json,mechanism_traces/seed_976301/C3_COMBINED_INTERVENTION/task_073.json,1,1,0.00503799,0.00796,32.5806045000063,9833b9b13f6b8b8166b6c89777d1db28fefae494e6ef2dc2867c5e6505ca7928,8725a84f7c0c3243216e3accdca9382a8cdacec44e77724d74efdc6facfe4a9f
seed_976301_C3_COMBINED_INTERVENTION_task_074,976301,C3_COMBINED_INTERVENTION,74,dialog_trajectories/seed_976301/C3_COMBINED_INTERVENTION/task_074.json,mechanism_traces/seed_976301/C3_COMBINED_INTERVENTION/task_074.json,1,1,0.01304269,0.011476,50.08119229100703,19c7667bde67bdd544bd7273e5f6ebb87163007613e79fb16d13110e4555d4f2,8d0645a5a00f02be65b1c4fe00fb434703bc49b80d5bce1aa85df144c56ca4e4
seed_976301_C3_COMBINED_INTERVENTION_task_075,976301,C3_COMBINED_INTERVENTION,75,dialog_trajectories/seed_976301/C3_COMBINED_INTERVENTION/task_075.json,mechanism_traces/seed_976301/C3_COMBINED_INTERVENTION/task_075.json,1,1,0.00761629,0.00913,38.47383983398322,429ac5730b54f6fc2dfc9a52ea90443aa87a931dcfa146c9d0309ebdeddf813b,f2d0fde43f873432a9d0bd5780b2c9d55457a08a3eecc2b0245f2e2ab38c9e8d
seed_976301_C3_COMBINED_INTERVENTION_task_077,976301,C3_COMBINED_INTERVENTION,77,dialog_trajectories/seed_976301/C3_COMBINED_INTERVENTION/task_077.json,mechanism_traces/seed_976301/C3_COMBINED_INTERVENTION/task_077.json,1,1,0.00560651,0.008622,29.547834958997555,98832321c5da95686b3b1e5ef23c367b97f7284c1ee6243c930b2f847206a3e4,327997874d4e6774a39c49ac445375fad452a75269a451030deaae88ab73f22a
seed_976301_C3_COMBINED_INTERVENTION_task_079,976301,C3_COMBINED_INTERVENTION,79,dialog_trajectories/seed_976301/C3_COMBINED_INTERVENTION/task_079.json,mechanism_traces/seed_976301/C3_COMBINED_INTERVENTION/task_079.json,1,1,0.00971037,0.014574,42.14074004199938,f8f39898fce9a3b116a312a22dab6bcb19148f0d23d77dd1c396c1dc0539a1ab,91bc850035695a96c2561ab9a969daf5503168f1ba187a712978dea7cf6a051d
seed_976301_C3_COMBINED_INTERVENTION_task_080,976301,C3_COMBINED_INTERVENTION,80,dialog_trajectories/seed_976301/C3_COMBINED_INTERVENTION/task_080.json,mechanism_traces/seed_976301/C3_COMBINED_INTERVENTION/task_080.json,1,1,0.010732770000000003,0.012654,62.016156124998815,b7b8963eee7b418540d4996b0305a04d992de5e5860fd6f8d99d8edd4c137c7f,79364b8acae848362d0acac2f1f819b4d709b1153a1cc1fd19aa0d12f8381400
seed_976301_C3_COMBINED_INTERVENTION_task_086,976301,C3_COMBINED_INTERVENTION,86,dialog_trajectories/seed_976301/C3_COMBINED_INTERVENTION/task_086.json,mechanism_traces/seed_976301/C3_COMBINED_INTERVENTION/task_086.json,1,1,0.01064911,0.010628,51.26302670800942,08f132513e55ce120e99e59e2bb6a722a60c7066bb7d5eae3b075953cb9357a4,cb1d5d98f3ce73fea0ebb50d2d2fa0f36f326f4d6dc23aaaece31ad31283969a
seed_976301_C3_COMBINED_INTERVENTION_task_087,976301,C3_COMBINED_INTERVENTION,87,dialog_trajectories/seed_976301/C3_COMBINED_INTERVENTION/task_087.json,mechanism_traces/seed_976301/C3_COMBINED_INTERVENTION/task_087.json,1,1,0.00872155,0.009748,42.61820050000097,1e06a83a078e03e85df7570678fd706cc755f7ed439578916faba22a8dad19a6,92ee550b92ae06d47931b87580499ef7aeb79df0a112692e2fba343bac9640a4
seed_976301_C3_COMBINED_INTERVENTION_task_090,976301,C3_COMBINED_INTERVENTION,90,dialog_trajectories/seed_976301/C3_COMBINED_INTERVENTION/task_090.json,mechanism_traces/seed_976301/C3_COMBINED_INTERVENTION/task_090.json,0,0,0.009006169999999999,0.012806000000000001,46.09924129200226,dfe12087917697fc2d5df975f438515888b1cfbe9ac342f61d6190815c3f7206,b4f9dc19798c13d12e8ee805ea270310419515603b3ba24ef7cba5766c43e1d8
seed_976301_C3_COMBINED_INTERVENTION_task_091,976301,C3_COMBINED_INTERVENTION,91,dialog_trajectories/seed_976301/C3_COMBINED_INTERVENTION/task_091.json,mechanism_traces/seed_976301/C3_COMBINED_INTERVENTION/task_091.json,1,1,0.013871010000000003,0.019006,63.41957800000091,a375907fe6ef07c31d25091c4966e28e633472f6bb8458e4eedeeb6716248d9a,870814eb5b2ae3de9c92c0b82e32cee885dd4179c2820856c50d9e9fa27b56bb
seed_976301_C3_COMBINED_INTERVENTION_task_094,976301,C3_COMBINED_INTERVENTION,94,dialog_trajectories/seed_976301/C3_COMBINED_INTERVENTION/task_094.json,mechanism_traces/seed_976301/C3_COMBINED_INTERVENTION/task_094.json,0,0,0.0069808,0.009205999999999999,42.56601262500044,a7272ef902ba03ecc419b98646e3b62ee8687b1a2752c2c01cb5578ac451c611,7e5398f7ecf93b6e3d619836a70d54d64f9f5ac28b131f8d69ff31932596c1f9
seed_976301_C3_COMBINED_INTERVENTION_task_095,976301,C3_COMBINED_INTERVENTION,95,dialog_trajectories/seed_976301/C3_COMBINED_INTERVENTION/task_095.json,mechanism_traces/seed_976301/C3_COMBINED_INTERVENTION/task_095.json,1,1,0.013328220000000002,0.009401999999999999,60.35924600000726,2f030657692e196a11d55bb19af5a42bdc6d87afff901afa8b25751521c5d42d,c09e4cd0ac801a6326820fb3c3cca7b97c90d5d97d94c894976a70b289bb233f
seed_976301_C3_COMBINED_INTERVENTION_task_097,976301,C3_COMBINED_INTERVENTION,97,dialog_trajectories/seed_976301/C3_COMBINED_INTERVENTION/task_097.json,mechanism_traces/seed_976301/C3_COMBINED_INTERVENTION/task_097.json,1,1,0.013314620000000003,0.014826,67.97212837499683,6eaa45bcb2ae3b5f33d35f42d5853d1d6312a22ec0746db21ab7165c0d206310,237167e57210bc21b381d97a0eebdb9489d184dd736eba08de2d68b5434b9e65
seed_976301_C3_COMBINED_INTERVENTION_task_099,976301,C3_COMBINED_INTERVENTION,99,dialog_trajectories/seed_976301/C3_COMBINED_INTERVENTION/task_099.json,mechanism_traces/seed_976301/C3_COMBINED_INTERVENTION/task_099.json,0,0,0.009643370000000002,0.023743999999999998,62.079863958002534,30482be3c047ae5dd52d1c3f464bb0b0f1b6931bdf0d463702dc470d03951143,63a0b670132c02aae9ddd1f0ef313e84d80d34f53c8be57d7731ee42905c7287
seed_976301_C3_COMBINED_INTERVENTION_task_100,976301,C3_COMBINED_INTERVENTION,100,dialog_trajectories/seed_976301/C3_COMBINED_INTERVENTION/task_100.json,mechanism_traces/seed_976301/C3_COMBINED_INTERVENTION/task_100.json,1,1,0.01746222,0.014737999999999998,78.25713741699292,f276ebf672025a8e07c882d1480ec55e3710d5e008dde8f57f8ae7e0a9b1870d,19682fb4c0f1bcd436b051b2801b52f279c502c5ac4f928426414b734e64d917
seed_976301_C3_COMBINED_INTERVENTION_task_101,976301,C3_COMBINED_INTERVENTION,101,dialog_trajectories/seed_976301/C3_COMBINED_INTERVENTION/task_101.json,mechanism_traces/seed_976301/C3_COMBINED_INTERVENTION/task_101.json,1,1,0.015939529999999997,0.013356000000000002,73.49518591699598,d1200ea5509fa8088f8ef205ca7565302d6059702b9452d2c8c94dce09ebaf56,41f27ce43cbf4283ea6274731f4fdeec9f74a35d85aa73a8e240181807b0deb0
seed_976301_C3_COMBINED_INTERVENTION_task_102,976301,C3_COMBINED_INTERVENTION,102,dialog_trajectories/seed_976301/C3_COMBINED_INTERVENTION/task_102.json,mechanism_traces/seed_976301/C3_COMBINED_INTERVENTION/task_102.json,1,1,0.016567,0.013485999999999998,70.92501091699523,6f65dd192cbf33ecf0c9d7ee0b4bcd7de02a4dde7daa638819b8163063938db7,c7fc5dcefadb2196e31fc0ede4d58d31610d1137b591da81fcdfaa63c0cd6261
seed_976301_C3_COMBINED_INTERVENTION_task_105,976301,C3_COMBINED_INTERVENTION,105,dialog_trajectories/seed_976301/C3_COMBINED_INTERVENTION/task_105.json,mechanism_traces/seed_976301/C3_COMBINED_INTERVENTION/task_105.json,1,0,0.007834,0.010313999999999999,44.991465125000104,ebb0b4f6d55e23341640f5127349f1f05772300bef1620a0ff5c5fbb2bfa7f4f,60b088984993d375eb990b57615755a7d801fee3cb2426c21e014d176dce8b7e
seed_976301_C3_COMBINED_INTERVENTION_task_108,976301,C3_COMBINED_INTERVENTION,108,dialog_trajectories/seed_976301/C3_COMBINED_INTERVENTION/task_108.json,mechanism_traces/seed_976301/C3_COMBINED_INTERVENTION/task_108.json,1,1,0.0097599,0.016901999999999997,55.413161624994245,6aaefd4f8770c8d6727a05c0d260c701f5e37b0ec6115d81325c588d7e58a508,95b6647348e4b016183bdab736f39a385a10b25003dcf7d5546c9f74c98ce733
seed_976301_C3_COMBINED_INTERVENTION_task_111,976301,C3_COMBINED_INTERVENTION,111,dialog_trajectories/seed_976301/C3_COMBINED_INTERVENTION/task_111.json,mechanism_traces/seed_976301/C3_COMBINED_INTERVENTION/task_111.json,1,1,0.01880178,0.011525999999999998,79.33005695800239,1747f5f4e293aa9945fe14ba135323936176d0afb84225b08555e6e94682b3d2,116dd3cde08bc8a516af02bdc8bc2648c029423cd720ca4a32d2e206cc82e24c
seed_976301_C3_COMBINED_INTERVENTION_task_113,976301,C3_COMBINED_INTERVENTION,113,dialog_trajectories/seed_976301/C3_COMBINED_INTERVENTION/task_113.json,mechanism_traces/seed_976301/C3_COMBINED_INTERVENTION/task_113.json,1,1,0.00525034,0.009628000000000001,29.3230808750086,88a219727f87a084672844976a25ce2c40033e005b107267a5ebf83470e8780a,e2f35ac9ae8f298cd80b52341785c5b106cc3272cd11f6ca37b645c3f7b572b2
seed_976302_C0_NATIVE_task_000,976302,C0_NATIVE,0,dialog_trajectories/seed_976302/C0_NATIVE/task_000.json,mechanism_traces/seed_976302/C0_NATIVE/task_000.json,1,1,0.005888289999999999,0.009035999999999999,30.054351875005523,b0bfc1bfbc0c22cce5041377375dc1961620e777ce29a340c0bb5fa12deb14d2,ec1358c59326a8061f304c68c55f7e3f79519e976e53feaf753c04b72503adb0
seed_976302_C0_NATIVE_task_001,976302,C0_NATIVE,1,dialog_trajectories/seed_976302/C0_NATIVE/task_001.json,mechanism_traces/seed_976302/C0_NATIVE/task_001.json,1,1,0.005888290000000001,0.008744,33.07242995797424,c0b97dfdaf1e4fb6cc9eb060bd7a8a10d9cf8b1658fa73a0a9c74a4d94be02f9,b4a1714d0e7ab5e54ac513211e96161401506ee3a12586e4d36e26f8778b27c3
seed_976302_C0_NATIVE_task_002,976302,C0_NATIVE,2,dialog_trajectories/seed_976302/C0_NATIVE/task_002.json,mechanism_traces/seed_976302/C0_NATIVE/task_002.json,1,1,0.00822004,0.01696,52.1677070420119,f20883cd1e6371b5d88848285688458dda92a9f8a302c381db8e3674e8c10198,4ad368535096d95754219902e233d761d060ec3b3dfa6e54a7e6af293b537770
seed_976302_C0_NATIVE_task_003,976302,C0_NATIVE,3,dialog_trajectories/seed_976302/C0_NATIVE/task_003.json,mechanism_traces/seed_976302/C0_NATIVE/task_003.json,1,1,0.007589659999999999,0.00864,35.226598375011235,e77f848ef1fa22970f842f15b96d55a045bac891abe00409693b44871996f2b0,2301b363d4afcfdba43927281eb5b59841675a44c3c8f8c53f126287fae46bce
seed_976302_C0_NATIVE_task_004,976302,C0_NATIVE,4,dialog_trajectories/seed_976302/C0_NATIVE/task_004.json,mechanism_traces/seed_976302/C0_NATIVE/task_004.json,1,1,0.0075594699999999996,0.010562,44.20165504098986,68f5e12b5a00e186548679af416807a10ca4615f3e4d95a1f77c4bf4a5e2b45d,dc5d3dbbcfe5589ae98fefb19564146c8af2d2261249512cc7bf7a1c9c18fbb9
seed_976302_C0_NATIVE_task_005,976302,C0_NATIVE,5,dialog_trajectories/seed_976302/C0_NATIVE/task_005.json,mechanism_traces/seed_976302/C0_NATIVE/task_005.json,0,0,0.01085994,0.017628,56.00774208299117,b841964c3d47e0d0ac3cc749137f9f0cfa04ea5a568b492d92fb9235b3024338,8f5290c47fed89c1ce6e5779eaee0208eb2da95578ab8bfda6b9e5e299823122
seed_976302_C0_NATIVE_task_006,976302,C0_NATIVE,6,dialog_trajectories/seed_976302/C0_NATIVE/task_006.json,mechanism_traces/seed_976302/C0_NATIVE/task_006.json,0,0,0.008657229999999998,0.019608,94.9378647919948,a3bffbd31728f1163ce199db1a0b0bd79c933396a5e3fd463fa768480fe5236b,669897925f8832278c761369114d060c7f6bb934da057c9182b7f2883b24252f
seed_976302_C0_NATIVE_task_007,976302,C0_NATIVE,7,dialog_trajectories/seed_976302/C0_NATIVE/task_007.json,mechanism_traces/seed_976302/C0_NATIVE/task_007.json,1,1,0.006877809999999999,0.011482,40.46529500000179,b8e1ddb6004443570159fff92927ae7441a31cb5c3b5b99db466bad7868350f7,d38930a559e1e32d0e9d627fc6ab2223852795bde38772facc0517bdee729070
seed_976302_C0_NATIVE_task_008,976302,C0_NATIVE,8,dialog_trajectories/seed_976302/C0_NATIVE/task_008.json,mechanism_traces/seed_976302/C0_NATIVE/task_008.json,0,0,0.00786769,0.015255999999999999,47.55852879199665,c2ed30b7076c4515cdfa6558c704d76b4605c361ce2287bce775096c64107e84,ab52b385ece7ee1cc51e102bf1763c5dd6887d9fd9d70bcc432d24dd864c04e0
seed_976302_C0_NATIVE_task_009,976302,C0_NATIVE,9,dialog_trajectories/seed_976302/C0_NATIVE/task_009.json,mechanism_traces/seed_976302/C0_NATIVE/task_009.json,1,1,0.004977090000000001,0.00912,31.829125541000394,57082815307334080dc2f49f62663d7457db010678b32a49b679b709bad28d8e,1ac21cda9bbec950c9124bbae9ef49a845e9fb5d7a990e9b42c380de4e89d82b
seed_976302_C0_NATIVE_task_010,976302,C0_NATIVE,10,dialog_trajectories/seed_976302/C0_NATIVE/task_010.json,mechanism_traces/seed_976302/C0_NATIVE/task_010.json,1,1,0.0033456999999999996,0.010395999999999999,27.611535750009352,41ceec233fd59dbb2ffd4552b903a592f6e43179108decdeb6b5cdf75991ed46,65e4cc15d33d87c1fd2e4a851cc07950f3703aef1528ade2bd010fdd9ceca443
seed_976302_C0_NATIVE_task_011,976302,C0_NATIVE,11,dialog_trajectories/seed_976302/C0_NATIVE/task_011.json,mechanism_traces/seed_976302/C0_NATIVE/task_011.json,1,1,0.0063501899999999995,0.013323999999999999,33.87449358298909,bd22f27d9ef94abc0be03bffcd061356f1c2b85986098ab12082a7b49c6c083c,3e96803036d196926d3b8a47ea5d948ff21ff1bcdb5ff353ad54db40c6c50207
seed_976302_C0_NATIVE_task_012,976302,C0_NATIVE,12,dialog_trajectories/seed_976302/C0_NATIVE/task_012.json,mechanism_traces/seed_976302/C0_NATIVE/task_012.json,1,1,0.005596070000000001,0.014308,30.87505558299017,0ea12d4fc66e46b6f76cf95227f19685d78108dd51f0583247132b28dd014bf3,325fc728a411f5791c4d8923e97b61c3da05e8e28dc42b272f8ab50bf889bace
seed_976302_C0_NATIVE_task_013,976302,C0_NATIVE,13,dialog_trajectories/seed_976302/C0_NATIVE/task_013.json,mechanism_traces/seed_976302/C0_NATIVE/task_013.json,1,1,0.0038649999999999995,0.011664,29.705675709003117,9aa2a104740545710d80f8d4c197fdfec494d6e7e598e0cf455a79ab1e385141,0429291fa897f42c773ed2e795558180f9e1c5530bf1560195197a6670f90470
seed_976302_C0_NATIVE_task_014,976302,C0_NATIVE,14,dialog_trajectories/seed_976302/C0_NATIVE/task_014.json,mechanism_traces/seed_976302/C0_NATIVE/task_014.json,1,1,0.00483999,0.01092,24.57898020799621,ae864618dd46b1b7f4e4289b64ff30d8aced966587460c72932ee06fbc8c12c1,2869f06e1e118fd3a270c79aa4c56e4806f6f835d4f58d2191e1110998adca7e
seed_976302_C0_NATIVE_task_015,976302,C0_NATIVE,15,dialog_trajectories/seed_976302/C0_NATIVE/task_015.json,mechanism_traces/seed_976302/C0_NATIVE/task_015.json,1,1,0.00610074,0.012281999999999998,33.314954666013364,0760670c6fa016ff6ac1a36836291137d14b9a1968e3bb40f9456b47d5019944,2e09dba2e095b9aa0317bf59d3193306c71b9cdcc34961ec2f04417b4368e951
seed_976302_C0_NATIVE_task_016,976302,C0_NATIVE,16,dialog_trajectories/seed_976302/C0_NATIVE/task_016.json,mechanism_traces/seed_976302/C0_NATIVE/task_016.json,1,1,0.008105440000000002,0.011948,42.898392167000566,2e6fd1f0a5e1347cebae392dd03f8416c866fd7ddd6ce64420dc30489ccf9ded,975c24cab110fc1b94c766abc39103ccdd3c626548e66104a7cea74cae2b60ec
seed_976302_C0_NATIVE_task_017,976302,C0_NATIVE,17,dialog_trajectories/seed_976302/C0_NATIVE/task_017.json,mechanism_traces/seed_976302/C0_NATIVE/task_017.json,1,1,0.0029112800000000005,0.00825,15.928507500007981,e18120fb849ee33568fb4311393443880476e39e9544bc25deb2d376894198bb,72c5dbc97699c5db355610ffbeac9bc3f2108bd43cc3183a7631e306caafefe4
seed_976302_C0_NATIVE_task_018,976302,C0_NATIVE,18,dialog_trajectories/seed_976302/C0_NATIVE/task_018.json,mechanism_traces/seed_976302/C0_NATIVE/task_018.json,1,1,0.00500705,0.012834,29.688361332999193,3008c50060a18e206891afb356841c496135748322520cefd2bb4800bbdb23de,7848a818c5affe281d94f5f17d845865c33a0eba184a0d30081ec32eeea40951
seed_976302_C0_NATIVE_task_019,976302,C0_NATIVE,19,dialog_trajectories/seed_976302/C0_NATIVE/task_019.json,mechanism_traces/seed_976302/C0_NATIVE/task_019.json,0,0,0.00387987,0.012856,24.58738237497164,544a4c1ea61369b01620ea441c0b957a33a0c8dd0d009ade78d8d212a02ceaf5,4ca3960f2b5640fdfff4b1c07c70e43f7f3320dcd4efe86bbead780219ae2508
seed_976302_C0_NATIVE_task_020,976302,C0_NATIVE,20,dialog_trajectories/seed_976302/C0_NATIVE/task_020.json,mechanism_traces/seed_976302/C0_NATIVE/task_020.json,0,0,0.010313940000000002,0.009666000000000001,57.307826374977594,5cc3ab89b3e871fc635d11e7ca6ba84298c5ca65a3c7459398bdf8661576cc5f,801f20919004bd42c565d49c767ea5a3471335b5c389ea7adda4598499258490
seed_976302_C0_NATIVE_task_021,976302,C0_NATIVE,21,dialog_trajectories/seed_976302/C0_NATIVE/task_021.json,mechanism_traces/seed_976302/C0_NATIVE/task_021.json,1,1,0.01139357,0.015848,64.76035958298598,9381a5031bccccfb867e8bbd0ee6d91d8dcbb79b8d42aaf9f7bea399dce64c48,909d5de9acc83ff152577f10c2d21ccd8c476e33cb2c53c7ba75036952b86832
seed_976302_C0_NATIVE_task_022,976302,C0_NATIVE,22,dialog_trajectories/seed_976302/C0_NATIVE/task_022.json,mechanism_traces/seed_976302/C0_NATIVE/task_022.json,1,1,0.00619263,0.01213,31.254551041987725,14aced7f5bddcd22b3b5470457881cbd6c9149c08d0fcdbd917012e26c8178be,216d3053c158131f8cd45a1a548c4f2f37e61d4937579bbaf44397533d6dbfbf
seed_976302_C0_NATIVE_task_023,976302,C0_NATIVE,23,dialog_trajectories/seed_976302/C0_NATIVE/task_023.json,mechanism_traces/seed_976302/C0_NATIVE/task_023.json,1,1,0.009899920000000001,0.013256,47.48133558299742,c3f2a5d3526d760335aef3275490a0290d5ca45592f959a90d5f6ff48cf33bd1,abfe4e79221eb1351010789ec0a1506aceda79ccdfbe15d6f918999c92b27483
seed_976302_C0_NATIVE_task_024,976302,C0_NATIVE,24,dialog_trajectories/seed_976302/C0_NATIVE/task_024.json,mechanism_traces/seed_976302/C0_NATIVE/task_024.json,1,1,0.00497174,0.015142,30.848457874992164,4cf3ae8496e0392ba52ae519d8820050914912957c5c301016183c291427cd50,ae1e5b89427e3a45347d189c492ba51d87f3b5105e6630776b174e3b859569c8
seed_976302_C0_NATIVE_task_025,976302,C0_NATIVE,25,dialog_trajectories/seed_976302/C0_NATIVE/task_025.json,mechanism_traces/seed_976302/C0_NATIVE/task_025.json,1,1,0.00501327,0.008331999999999999,30.03138245799346,1d108c7ba35ec3d7529937106d355be95770726c28170420d7201fe53af1fb43,d3e4fb94d7275415e097573433df14b8ec71545b28372af3a7a41446735c14b4
seed_976302_C0_NATIVE_task_026,976302,C0_NATIVE,26,dialog_trajectories/seed_976302/C0_NATIVE/task_026.json,mechanism_traces/seed_976302/C0_NATIVE/task_026.json,1,1,0.004461120000000001,0.008726,27.679396500010625,2b477dbb20f66199067e8f15f07da23210e102e716af6dbd604a3fcf78141018,df7279777694ed4c6b29688a15eaf7970c78e8961ccc423f15bcfb7b3770252f
seed_976302_C0_NATIVE_task_027,976302,C0_NATIVE,27,dialog_trajectories/seed_976302/C0_NATIVE/task_027.json,mechanism_traces/seed_976302/C0_NATIVE/task_027.json,1,1,0.006439450000000001,0.009408,36.84933124999225,88f4e8acc57ca8174f4df8a596c50f66cad3159b33623c9f1fc79305d33e3701,6ef34b07df2e1a3812bb66e83bc715d27bde026f508ef2f5805a0e1ac5ea728a
seed_976302_C0_NATIVE_task_028,976302,C0_NATIVE,28,dialog_trajectories/seed_976302/C0_NATIVE/task_028.json,mechanism_traces/seed_976302/C0_NATIVE/task_028.json,0,0,0.005511439999999999,0.012745999999999999,31.39808975000051,a6ec8a687120bb8a292db5f7ed9869d390358cf033c7b651d7c7225106d5b74a,f10ade7edb579dd1304c2bcd2b0ca35b83fd533391cd4675e1fa9b9ffce18c5d
seed_976302_C0_NATIVE_task_029,976302,C0_NATIVE,29,dialog_trajectories/seed_976302/C0_NATIVE/task_029.json,mechanism_traces/seed_976302/C0_NATIVE/task_029.json,1,1,0.011579299999999999,0.012205999999999998,67.38719983398914,e78ee048e1852a37ddffb2bc13be0277dd93bdd4924abb1a388ad101b3565d6b,5b6d0dfbf571e7b3af4feaa1f6620869ed16ba3c17aab6b0a62c96a9593a2cef
seed_976302_C0_NATIVE_task_030,976302,C0_NATIVE,30,dialog_trajectories/seed_976302/C0_NATIVE/task_030.json,mechanism_traces/seed_976302/C0_NATIVE/task_030.json,1,1,0.007518219999999999,0.015007999999999999,46.78276691600331,5d02ca692ae49cc84482230d90ec147617a0b963b641a4a7cd69a14a266f12ff,accc30acbd3e771007f4fffce8883fc9ef5c7ac0101004f4be15fc5f63117054
seed_976302_C0_NATIVE_task_031,976302,C0_NATIVE,31,dialog_trajectories/seed_976302/C0_NATIVE/task_031.json,mechanism_traces/seed_976302/C0_NATIVE/task_031.json,0,0,0.01032065,0.020282,59.60976987499453,4bc3e94f7ba25687837e6b1a7a87ff0a3193c42433bdcde4ca48f5f81aba5ba5,347d1f20a003c0d99a2b9ad7cbff4fcc362a264fdbc3d4f0055b637214cd5445
seed_976302_C0_NATIVE_task_032,976302,C0_NATIVE,32,dialog_trajectories/seed_976302/C0_NATIVE/task_032.json,mechanism_traces/seed_976302/C0_NATIVE/task_032.json,1,1,0.0078534,0.0183,56.22853279199626,4a236c2cb0695ea550a4274a7f234e2efde2c6a9eb40b85eed63067d3f349e1e,d4f79992af1caf425153a6889436d9329b0750f29d652a52702541972658a0c7
seed_976302_C0_NATIVE_task_033,976302,C0_NATIVE,33,dialog_trajectories/seed_976302/C0_NATIVE/task_033.json,mechanism_traces/seed_976302/C0_NATIVE/task_033.json,0,0,0.0037962,0.012244000000000001,22.48997349999263,2c0de0ff91fbaa36e44f8f3b7a6bb9ac62cafd5930b3a13dfea35baabec336b3,18e7a3c44e5aa8136a654b1e718fea01305d129b9f891370ec5078de5bafc081
seed_976302_C0_NATIVE_task_034,976302,C0_NATIVE,34,dialog_trajectories/seed_976302/C0_NATIVE/task_034.json,mechanism_traces/seed_976302/C0_NATIVE/task_034.json,0,0,0.00391879,0.011462000000000002,27.948487833025865,bb263f2d22df42e3616b3d2f0621d7e075cbbc47c0bb8779792ce14969decae8,6bb0958073202325aa0f72f0d21a949ea5fd9691655a8ee4f8c1d8ffdfecd4c9
seed_976302_C0_NATIVE_task_035,976302,C0_NATIVE,35,dialog_trajectories/seed_976302/C0_NATIVE/task_035.json,mechanism_traces/seed_976302/C0_NATIVE/task_035.json,0,0,0.01014076,0.012245999999999998,52.784967958999914,76140c4af4a8478ed8db7d567cf7be0feeb8291d0b8223c49d6f8a9711ba30a5,3ddda6a2208595654f1b89e1dafa07d0cc70fa912b55f6077159b33442c51c7e
seed_976302_C0_NATIVE_task_036,976302,C0_NATIVE,36,dialog_trajectories/seed_976302/C0_NATIVE/task_036.json,mechanism_traces/seed_976302/C0_NATIVE/task_036.json,1,1,0.011105680000000003,0.016224,62.4604149999941,fa0788bbac33d9799a98d885b264461b340d1c685da36e2bd56bbacc6d39a081,9d1875c73ab487d1b6829b6f1c34946cc36ebbbd9cf20017351a1a40fe53720c
seed_976302_C0_NATIVE_task_038,976302,C0_NATIVE,38,dialog_trajectories/seed_976302/C0_NATIVE/task_038.json,mechanism_traces/seed_976302/C0_NATIVE/task_038.json,0,0,0.0074506600000000004,0.015244,38.68321437500708,7c7201b03a6f6b231259412066f2ee890b069ca0a0d2f1146d1471b3bb292115,6f74064b2df3296737867943a67f1f6257053605e0dc334778d99a21156b9498
seed_976302_C0_NATIVE_task_039,976302,C0_NATIVE,39,dialog_trajectories/seed_976302/C0_NATIVE/task_039.json,mechanism_traces/seed_976302/C0_NATIVE/task_039.json,1,1,0.006419349999999999,0.013346,36.609312708009384,115933df80c19b7f331ccd9b4e60b9487d4b187192f385d5f530a7be91b160a1,f0a6827add5223433ece362bdb7a87d35be1fa0e270f480826c88663746bf317
seed_976302_C0_NATIVE_task_040,976302,C0_NATIVE,40,dialog_trajectories/seed_976302/C0_NATIVE/task_040.json,mechanism_traces/seed_976302/C0_NATIVE/task_040.json,1,1,0.0029319200000000006,0.010348,23.84890587499831,d6a5146f51b5e68c1100a4b5192d9f44d1591679553867b167d2279b1d482b09,cc9ba4f22a1a4bb0241c4197ba954677323ed66c7042f7a449818d7502927c65
seed_976302_C0_NATIVE_task_042,976302,C0_NATIVE,42,dialog_trajectories/seed_976302/C0_NATIVE/task_042.json,mechanism_traces/seed_976302/C0_NATIVE/task_042.json,0,0,0.00903054,0.016486,51.56558049999876,ccbf39c1cc20e3d050ab44d70d1e6757819bdcc458d2385ddd69479636f484d5,a6c1dbe76c51b1d89ef387835137e85878fad9377fbf571b01bc435f9156c822
seed_976302_C0_NATIVE_task_043,976302,C0_NATIVE,43,dialog_trajectories/seed_976302/C0_NATIVE/task_043.json,mechanism_traces/seed_976302/C0_NATIVE/task_043.json,1,1,0.00571732,0.013371999999999998,31.760436875003506,6d784ee291434251f9c475a414e9153fbcbd0c79050066685a4faad25f8e2426,ff21277ec577dfed386c9425d04a67a9f665cec86feb4d076e28dcf2a7087879
seed_976302_C0_NATIVE_task_045,976302,C0_NATIVE,45,dialog_trajectories/seed_976302/C0_NATIVE/task_045.json,mechanism_traces/seed_976302/C0_NATIVE/task_045.json,1,1,0.005148390000000001,0.01411,27.755806666988065,66d880784efda84661c1ece268b0660f01e36dd477d2d1d8bdd3d9073907385f,719fa58523a174dd37bcbcc050aa073979de5b3c9857f58894ddc255ac16b65d
seed_976302_C0_NATIVE_task_049,976302,C0_NATIVE,49,dialog_trajectories/seed_976302/C0_NATIVE/task_049.json,mechanism_traces/seed_976302/C0_NATIVE/task_049.json,1,1,0.00951072,0.022002,63.62075812500552,6501155c74f74cc437933cfe7674cd8af7a1a40e8facf8e1f47f0483e7a7236e,1203b0ae874ad001bbf6e0c1cc5b4eee2fc8e03a851db3f9f15c6d5017660601
seed_976302_C0_NATIVE_task_050,976302,C0_NATIVE,50,dialog_trajectories/seed_976302/C0_NATIVE/task_050.json,mechanism_traces/seed_976302/C0_NATIVE/task_050.json,1,1,0.0023694899999999997,0.00392,11.00672616600059,21ddbbfcdc6a43d43d510be4a4dae0b14bff8c40644228a19de22b55af1853d8,f25fc227cb950ca5b93d46268cbb8333e71019cc09d2503553d393eb85e77227
seed_976302_C0_NATIVE_task_051,976302,C0_NATIVE,51,dialog_trajectories/seed_976302/C0_NATIVE/task_051.json,mechanism_traces/seed_976302/C0_NATIVE/task_051.json,1,1,0.00478788,0.011977999999999999,29.467232666997006,84e547a7d02244f83433756df08162140260447b13cd4c66a092f664cc7ea484,fc52fe7ecf863ba4028910d257e2fd1081bb283d0df970a35f55f9da04b00e72
seed_976302_C0_NATIVE_task_053,976302,C0_NATIVE,53,dialog_trajectories/seed_976302/C0_NATIVE/task_053.json,mechanism_traces/seed_976302/C0_NATIVE/task_053.json,1,1,0.006133,0.012416,32.33444716699887,d7871c77a843ef4df996070e6f0993f8df4d84bdb0cef556c8bc9c6260f44269,bc7084ac3efde1a47722f4319e63ffaadad8c4a89c5621b16a3a810f41f76e76
seed_976302_C0_NATIVE_task_054,976302,C0_NATIVE,54,dialog_trajectories/seed_976302/C0_NATIVE/task_054.json,mechanism_traces/seed_976302/C0_NATIVE/task_054.json,0,0,0.01090231,0.01222,51.9353507499909,2bb43ca91b9625ebd20579424ed21a8116b9a1d80a45b1f8d7b3dded921354f5,6596aa1dd7a7161d255eaaaaf5bdd7bb4d81683b6f3db173cd23192df78a4bfa
seed_976302_C0_NATIVE_task_055,976302,C0_NATIVE,55,dialog_trajectories/seed_976302/C0_NATIVE/task_055.json,mechanism_traces/seed_976302/C0_NATIVE/task_055.json,1,1,0.00721223,0.013422,38.95207850000588,52f454bf3cc8f9b913976ea832f0131bdfbe745ee3c35d2c78d10b6e7fbe456b,63a902ae68e13e4b3c200e07d6789f09d4cd88b23e67feb26010a01fc0b435cb
seed_976302_C0_NATIVE_task_056,976302,C0_NATIVE,56,dialog_trajectories/seed_976302/C0_NATIVE/task_056.json,mechanism_traces/seed_976302/C0_NATIVE/task_056.json,1,1,0.0060668200000000005,0.010259999999999998,39.010139916994376,a393c2e9783153b625fa7115bc035682bc11b9c2c6f9f7dc8936b642de0df54d,21c547519ac6528a709d308e7e35b40785b39547b0ae410d89dab3b77d6fe2e7
seed_976302_C0_NATIVE_task_059,976302,C0_NATIVE,59,dialog_trajectories/seed_976302/C0_NATIVE/task_059.json,mechanism_traces/seed_976302/C0_NATIVE/task_059.json,1,1,0.004581879999999999,0.013667999999999998,28.692445624998072,384fc5394d7a0fbc73f2ec884f1c65f0f48e30ebe66bba85dd4ef397f0cb38d7,45ec3e43db323f37e0862e8e42378bce551dfcb65234cd15b613c8ea1f0fd658
seed_976302_C0_NATIVE_task_060,976302,C0_NATIVE,60,dialog_trajectories/seed_976302/C0_NATIVE/task_060.json,mechanism_traces/seed_976302/C0_NATIVE/task_060.json,0,0,0.00470804,0.007662,29.624146709000343,37e45dd251f963fe5bc40cf2df7433da825226e0a0e16ed76dcc2ece1c4f2864,e99fd6dd9dc41274cd7ee67e4972cbf44fe71f5a8a1dfdaeb68c24f1cfa14d9d
seed_976302_C0_NATIVE_task_061,976302,C0_NATIVE,61,dialog_trajectories/seed_976302/C0_NATIVE/task_061.json,mechanism_traces/seed_976302/C0_NATIVE/task_061.json,1,1,0.0039108400000000005,0.00818,20.31608120900637,59cd66bcfb97f66fce42be9182dde5f2818b2c35839d3718a0641f13c71824c3,8746fa35c3818013dd247d11b12a4bbca953a45d760a8d4382bf16766c0f3d9e
seed_976302_C0_NATIVE_task_062,976302,C0_NATIVE,62,dialog_trajectories/seed_976302/C0_NATIVE/task_062.json,mechanism_traces/seed_976302/C0_NATIVE/task_062.json,1,1,0.00584633,0.01287,41.74421595899912,f92119e90920272993edb29e402eee989688ad6fc1f39f0c64c7bead0be7da35,b01257254aa35a613df22ee6f5a2b14703158b39c8f62393922039ebea244a6a
seed_976302_C0_NATIVE_task_064,976302,C0_NATIVE,64,dialog_trajectories/seed_976302/C0_NATIVE/task_064.json,mechanism_traces/seed_976302/C0_NATIVE/task_064.json,0,0,0.004674930000000001,0.008513999999999999,24.079763250003452,edee70c7660d8f72bf13b914d9b161429787bbc10be1b7f056354487c68562bc,922aff5d5909f63c30d72c7808eb6af6242abc7b871101e8f933281edd12a015
seed_976302_C0_NATIVE_task_065,976302,C0_NATIVE,65,dialog_trajectories/seed_976302/C0_NATIVE/task_065.json,mechanism_traces/seed_976302/C0_NATIVE/task_065.json,1,1,0.0028,0.00711,17.315651541997795,b7b2c909feeacbd8e68cc984511d4af4e22b7923b14e79c1716be9fb5eeed996,fe44b4b818d95a52f2cfff55c7ce37226d54c074ebe10a71040406d9efdeca21
seed_976302_C0_NATIVE_task_068,976302,C0_NATIVE,68,dialog_trajectories/seed_976302/C0_NATIVE/task_068.json,mechanism_traces/seed_976302/C0_NATIVE/task_068.json,1,1,0.0031991400000000005,0.009612,26.32075683301082,6f1d7b6acda295e5d0d725f1b87062645cd5129b9ccfe2c3b3fd8dc71522c95b,73d8c01bc4d678564ecf6d37c372f875fcf39b5747a8a302115e0c1f7d0a1a1b
seed_976302_C0_NATIVE_task_070,976302,C0_NATIVE,70,dialog_trajectories/seed_976302/C0_NATIVE/task_070.json,mechanism_traces/seed_976302/C0_NATIVE/task_070.json,1,1,0.006220840000000001,0.01424,33.37670116699883,acc954d3bf8108e5bdcd005da8636afeea39a1878eb2d95b160b8de6dbf35509,5b900052ac16b41cc55c9c0d997ad4858edd84a64a7e930b338fc4ba9c5720ad
seed_976302_C0_NATIVE_task_071,976302,C0_NATIVE,71,dialog_trajectories/seed_976302/C0_NATIVE/task_071.json,mechanism_traces/seed_976302/C0_NATIVE/task_071.json,0,0,0.008232419999999999,0.0152,43.44366274999629,0fe99a490d9a48c5a29c30214b709bcd190b06c0f3ad7cbb0314e5381e884877,a7f8c74d83c2d3f59cd7165c4f099da77024e1eaac1b6d540c28bed687f5c879
seed_976302_C0_NATIVE_task_073,976302,C0_NATIVE,73,dialog_trajectories/seed_976302/C0_NATIVE/task_073.json,mechanism_traces/seed_976302/C0_NATIVE/task_073.json,1,1,0.003918690000000001,0.010658,24.872961832996225,46af596da28610e727b536a55cef64e2f33848dcc476260dee0280ce824d475a,dd020ab6551bc59d79e8bf168601a02d45df27086c20a3ba162a268b73626db2
seed_976302_C0_NATIVE_task_074,976302,C0_NATIVE,74,dialog_trajectories/seed_976302/C0_NATIVE/task_074.json,mechanism_traces/seed_976302/C0_NATIVE/task_074.json,1,1,0.009187050000000002,0.017561999999999998,45.4476308329904,19da24f73e2d4396f092802a034572a3fb7942fc8ad1e3b796bf8bc1e5bfb1a3,69e872ba164fb4baac370a63b533c75873a87e4d1373f87446ec35800ce86a9f
seed_976302_C0_NATIVE_task_075,976302,C0_NATIVE,75,dialog_trajectories/seed_976302/C0_NATIVE/task_075.json,mechanism_traces/seed_976302/C0_NATIVE/task_075.json,1,1,0.0035936400000000004,0.007965999999999999,21.351889415993355,b8d4f641d26474e90a53672392a979ee45384965cee12f1e2b45dc1800679f25,2cf05e6d21474cb9a1d299f7ad29ba6924907f5eda348cb6ef92dd83fdbb0a3d
seed_976302_C0_NATIVE_task_077,976302,C0_NATIVE,77,dialog_trajectories/seed_976302/C0_NATIVE/task_077.json,mechanism_traces/seed_976302/C0_NATIVE/task_077.json,1,1,0.0041801,0.010032,28.246151124985772,a6ba07c0bdff698605f492cb0470837a0d540c26d626de6d28d40c92e8a87ec8,5c022f968e4a2b2b0f64a8b884c0f472126943540f81fc284616b0b3c4cef087
seed_976302_C0_NATIVE_task_079,976302,C0_NATIVE,79,dialog_trajectories/seed_976302/C0_NATIVE/task_079.json,mechanism_traces/seed_976302/C0_NATIVE/task_079.json,0,0,0.00707716,0.012029999999999999,34.90997554099886,cbc5874109438420f4052b44cf44c1ab56499831cb5c6c5844216869ff594909,8fbf80d2355a3acb525731cb1ff4e0c7b8a108967dc6880fdb5ba1434aa065a3
seed_976302_C0_NATIVE_task_080,976302,C0_NATIVE,80,dialog_trajectories/seed_976302/C0_NATIVE/task_080.json,mechanism_traces/seed_976302/C0_NATIVE/task_080.json,1,1,0.006248150000000001,0.013916000000000001,35.61497729200346,ca529ef714f26b5125b727e6b364115e19b083b501f03b6addf1f31aecad2a51,9334e4f847fd15d32b311e11f4dffb6ac3d5abde8f71d892b72bb89af45aeba2
seed_976302_C0_NATIVE_task_086,976302,C0_NATIVE,86,dialog_trajectories/seed_976302/C0_NATIVE/task_086.json,mechanism_traces/seed_976302/C0_NATIVE/task_086.json,0,0,0.010431619999999999,0.011117999999999998,51.85782720800489,adbb1cda7f7372c7341ab6123db274469274c26ce0f9fb42e8c1e6408b5deedf,eb20d2a03694759676e65e81c449cd1aef8389bf86fb71920e7af90330ffe7f9
seed_976302_C0_NATIVE_task_087,976302,C0_NATIVE,87,dialog_trajectories/seed_976302/C0_NATIVE/task_087.json,mechanism_traces/seed_976302/C0_NATIVE/task_087.json,1,1,0.0055271899999999995,0.01069,30.926861291009118,eda342da36bf7ba77fa9358949919fc024f78049ae51b038eb3740093f1f5a00,37a35ded36f1ffc72fc9498d53d51e93e6e8c98a04737c1041ea0aecf679f0d9
seed_976302_C0_NATIVE_task_090,976302,C0_NATIVE,90,dialog_trajectories/seed_976302/C0_NATIVE/task_090.json,mechanism_traces/seed_976302/C0_NATIVE/task_090.json,1,1,0.00478688,0.012488,29.216030916999443,18fbbd27dcef0aacf3111e4c063c6c433993e7b6bb886c8af64cbd7517df6b60,fdb797673c735d1939be3123255b6fbef05857270cd96bb1e60bd7dfa08e5b55
seed_976302_C0_NATIVE_task_091,976302,C0_NATIVE,91,dialog_trajectories/seed_976302/C0_NATIVE/task_091.json,mechanism_traces/seed_976302/C0_NATIVE/task_091.json,0,0,0.00450815,0.020166,31.917732041998534,32a64929cea0d9de21a01cae965cd572bfac739074d556400c187785c990863b,fe688782e2c6e92ccb7ef5af9396fd0f1291b73e7ab49f64f50fdee6f4e5eaf0
seed_976302_C0_NATIVE_task_094,976302,C0_NATIVE,94,dialog_trajectories/seed_976302/C0_NATIVE/task_094.json,mechanism_traces/seed_976302/C0_NATIVE/task_094.json,1,1,0.006232710000000001,0.012927999999999999,31.649847792010405,a7cfc8261c5eaa274085807fb944b95bea996fb221046f337fddbdef79cb5ff6,027904c67b37a31292d38129382ba9a44c7673a1aa5fc731914d7c0062074957
seed_976302_C0_NATIVE_task_095,976302,C0_NATIVE,95,dialog_trajectories/seed_976302/C0_NATIVE/task_095.json,mechanism_traces/seed_976302/C0_NATIVE/task_095.json,1,1,0.00991302,0.014894000000000001,53.24610791698797,63918cf8bfed938e9129274cc21d9ee885dea1c6b776575bc4a1ef84f6c7b1ff,7abf4203f7bc41a63d4f10ab08e5bddab7ea47bef85f8e781917558c1fe8fa2f
seed_976302_C0_NATIVE_task_097,976302,C0_NATIVE,97,dialog_trajectories/seed_976302/C0_NATIVE/task_097.json,mechanism_traces/seed_976302/C0_NATIVE/task_097.json,1,1,0.00787099,0.015269999999999999,42.61360570900433,b6789d258cb0618eb0102ed61e9a98ccd4f443785b638ca9e6537d7c90e454df,2338e1b80a3ce03eefc574bd95a820e963b80ca03c3757600094d7ee1311c839
seed_976302_C0_NATIVE_task_099,976302,C0_NATIVE,99,dialog_trajectories/seed_976302/C0_NATIVE/task_099.json,mechanism_traces/seed_976302/C0_NATIVE/task_099.json,1,1,0.011511710000000001,0.017356,59.649159583001165,4787bfc35d6e2fb73cb756e27ee1c2ea587846a09e7be442e704a41b93768534,8b981f980dac09f06722508a966cd47e716868936ee6fdce82839446346e4a9f
seed_976302_C0_NATIVE_task_100,976302,C0_NATIVE,100,dialog_trajectories/seed_976302/C0_NATIVE/task_100.json,mechanism_traces/seed_976302/C0_NATIVE/task_100.json,1,1,0.01372008,0.020264,69.09853216698684,580666a05917e55ea2d59c05eb141325b28ab147c81f3fd0d84b894c5b7c09e4,4fe78c648199b171c7b32b9ee04335529b60f673c5dd8e1c55bae4ca36df691c
seed_976302_C0_NATIVE_task_101,976302,C0_NATIVE,101,dialog_trajectories/seed_976302/C0_NATIVE/task_101.json,mechanism_traces/seed_976302/C0_NATIVE/task_101.json,0,0,0.010658289999999999,0.015466,50.28418358300405,2ad97094a5a282fe33c1763eeafc0003437a1b16233f440ef37069cd4ed85061,638e20a93d00c16550d9ea3379e1bddfbd68e3e5275f63bc02846ecb887f6230
seed_976302_C0_NATIVE_task_102,976302,C0_NATIVE,102,dialog_trajectories/seed_976302/C0_NATIVE/task_102.json,mechanism_traces/seed_976302/C0_NATIVE/task_102.json,0,0,0.00544686,0.018439999999999998,32.79776554099226,5db96b56f70e3dd67033ac66565b06d47b0d4209b70642eed4861b8631ab70f9,9e55f6714e3e16d91435a07c286a1ec9a991f587e4c69b6f5be5d380a33032e2
seed_976302_C0_NATIVE_task_105,976302,C0_NATIVE,105,dialog_trajectories/seed_976302/C0_NATIVE/task_105.json,mechanism_traces/seed_976302/C0_NATIVE/task_105.json,0,0,0.00602505,0.015179999999999999,33.618538374998025,6fdcc1cab258b782f529e89073b1fce5e3caf85ff46a650bb1c6bfaa932eeac1,b47e7a824f3fade3737f9030a8a1e14f09c02ef14dfdac9c5a45482e5535f0b9
seed_976302_C0_NATIVE_task_108,976302,C0_NATIVE,108,dialog_trajectories/seed_976302/C0_NATIVE/task_108.json,mechanism_traces/seed_976302/C0_NATIVE/task_108.json,1,1,0.00578969,0.012316,36.80413299999782,7f1b53e13f6f14201a3f15f63b7cdb55f16e870ad1adbbd12214243ce8305a62,6ed2940cce43483a58d1a28a6203ac426003c4fe5cca4ad4a3910fbd98a0c63f
seed_976302_C0_NATIVE_task_111,976302,C0_NATIVE,111,dialog_trajectories/seed_976302/C0_NATIVE/task_111.json,mechanism_traces/seed_976302/C0_NATIVE/task_111.json,1,1,0.01079165,0.013343999999999998,66.33685912500368,9d5eaf4d7cd10ebc187677b7a9a75c2e5574fd84121ff49fbd21763fbe37fcff,4834db25d8f2ef527ee76666783f16682ef57106fc4069bd1d5d405a3b2daba9
seed_976302_C0_NATIVE_task_113,976302,C0_NATIVE,113,dialog_trajectories/seed_976302/C0_NATIVE/task_113.json,mechanism_traces/seed_976302/C0_NATIVE/task_113.json,1,1,0.00461909,0.007065999999999999,22.484600874988246,b2f5b3630d8fa183462107fcc5861d8312560b28c2aaa3bf8d7b871d0f09b3f2,b9f22bdf46d2e652fed7a710e421b344b38ac187ea5bdde50c46f669d8903ccf
seed_976302_C1_SEMANTIC_SUPPORT_task_000,976302,C1_SEMANTIC_SUPPORT,0,dialog_trajectories/seed_976302/C1_SEMANTIC_SUPPORT/task_000.json,mechanism_traces/seed_976302/C1_SEMANTIC_SUPPORT/task_000.json,1,1,0.00824628,0.009014000000000001,38.542026040988276,4a4fe08df488c5e84790887f170a13cd22e240835c73fd0b934b67fd5fb60048,d697b602e70a738effbec10a620e1742fa6252f01000d5b60e71e0ed8f739ab2
seed_976302_C1_SEMANTIC_SUPPORT_task_001,976302,C1_SEMANTIC_SUPPORT,1,dialog_trajectories/seed_976302/C1_SEMANTIC_SUPPORT/task_001.json,mechanism_traces/seed_976302/C1_SEMANTIC_SUPPORT/task_001.json,1,1,0.00836189,0.01069,44.58385008299956,d8551506499b7b1c890f9d714c05007806d9d045dd772a388dee05f1991c8a3e,55d35f08ede5d548f6194f1d6220ff86b0490475652c0f2de96dd504da6c8a86
seed_976302_C1_SEMANTIC_SUPPORT_task_002,976302,C1_SEMANTIC_SUPPORT,2,dialog_trajectories/seed_976302/C1_SEMANTIC_SUPPORT/task_002.json,mechanism_traces/seed_976302/C1_SEMANTIC_SUPPORT/task_002.json,1,1,0.013436859999999997,0.017258000000000003,71.80381670800853,2e4ddc58a5533a4da482c2b5ce7ca84d7c24061cb3e45a4ac4845cf09533cb71,2ae014245c5956d3b9550a034511718011802be0c394fe3dbbd0b69fd64dbeef
seed_976302_C1_SEMANTIC_SUPPORT_task_003,976302,C1_SEMANTIC_SUPPORT,3,dialog_trajectories/seed_976302/C1_SEMANTIC_SUPPORT/task_003.json,mechanism_traces/seed_976302/C1_SEMANTIC_SUPPORT/task_003.json,1,1,0.011241969999999999,0.012768000000000002,50.13995374998194,3f820bf7388daee7f383f861b170364ba144d1decad61b6daddbb869084282c1,96e97daf3e6e5ec0d0a86e07c480e8489413b025a856b5b18a4f119413004469
seed_976302_C1_SEMANTIC_SUPPORT_task_004,976302,C1_SEMANTIC_SUPPORT,4,dialog_trajectories/seed_976302/C1_SEMANTIC_SUPPORT/task_004.json,mechanism_traces/seed_976302/C1_SEMANTIC_SUPPORT/task_004.json,1,1,0.011357679999999998,0.010929999999999999,47.61399700000766,fe341ee642b2714fdf47b9ed0c51ab5fecee2b16ba0b89865e119463ff699775,45804fefd2094756159cc9d0a24301ae8b10592cbf73ab32275a568f44815047
seed_976302_C1_SEMANTIC_SUPPORT_task_005,976302,C1_SEMANTIC_SUPPORT,5,dialog_trajectories/seed_976302/C1_SEMANTIC_SUPPORT/task_005.json,mechanism_traces/seed_976302/C1_SEMANTIC_SUPPORT/task_005.json,1,1,0.011866290000000002,0.017606,52.93926320900209,4c629890533aed177f1048d5a57de44f3bd5e107ad217d60631f94691d6de42d,965d782569b0593b0c55d346af98a28a058ab2158f6440a9d7b918dc3232525f
seed_976302_C1_SEMANTIC_SUPPORT_task_006,976302,C1_SEMANTIC_SUPPORT,6,dialog_trajectories/seed_976302/C1_SEMANTIC_SUPPORT/task_006.json,mechanism_traces/seed_976302/C1_SEMANTIC_SUPPORT/task_006.json,1,1,0.01249885,0.014037999999999998,63.25440183300816,45b8fe59042af0d3483cbb5cf4513b1936be0c9728a90e999e5a366cfdffc8a3,5a0eb7a04a73996571404afdbb353aeb0aec0967a492690b6d123e392d77e118
seed_976302_C1_SEMANTIC_SUPPORT_task_007,976302,C1_SEMANTIC_SUPPORT,7,dialog_trajectories/seed_976302/C1_SEMANTIC_SUPPORT/task_007.json,mechanism_traces/seed_976302/C1_SEMANTIC_SUPPORT/task_007.json,1,1,0.012831369999999998,0.014589999999999999,50.243194208014756,86f02021714a8e37eb501bd8621608b61d53ae617353ab90a1abd12f18e39f1d,df99ac9792573c7905b59484298202490cfe6ce8998f487a1e1452a3bd640815
seed_976302_C1_SEMANTIC_SUPPORT_task_008,976302,C1_SEMANTIC_SUPPORT,8,dialog_trajectories/seed_976302/C1_SEMANTIC_SUPPORT/task_008.json,mechanism_traces/seed_976302/C1_SEMANTIC_SUPPORT/task_008.json,1,1,0.011030190000000002,0.017322,66.3598531250027,74d1b7a9967760483fdd3e0c377ed865427403f50335b4314d983bde9f445e75,246f90fdb010aeb74d78e5282c628bbed4a2e027221ba0a45a95e154174629e0
seed_976302_C1_SEMANTIC_SUPPORT_task_009,976302,C1_SEMANTIC_SUPPORT,9,dialog_trajectories/seed_976302/C1_SEMANTIC_SUPPORT/task_009.json,mechanism_traces/seed_976302/C1_SEMANTIC_SUPPORT/task_009.json,1,1,0.009664639999999999,0.014119999999999999,54.19167479099997,0310809dd1a9b93cfffc9dccbda6cea5c24e662cbbee32e3ab461a302e222883,4e5809471c4c267a394a52fa45b8ae1bbb3a284e38deb20b8abd524d3e195339
seed_976302_C1_SEMANTIC_SUPPORT_task_010,976302,C1_SEMANTIC_SUPPORT,10,dialog_trajectories/seed_976302/C1_SEMANTIC_SUPPORT/task_010.json,mechanism_traces/seed_976302/C1_SEMANTIC_SUPPORT/task_010.json,1,1,0.004929159999999999,0.007618,30.012626832991373,14e0d4079f97dc26fca554dd4929f074b51604c6d39aa627a4145b23f6d0ad45,a10c27d448eef89ccb3c99531a0c1dd2cc0fa9c13c639f7177b2f9a54cc3db6d
seed_976302_C1_SEMANTIC_SUPPORT_task_011,976302,C1_SEMANTIC_SUPPORT,11,dialog_trajectories/seed_976302/C1_SEMANTIC_SUPPORT/task_011.json,mechanism_traces/seed_976302/C1_SEMANTIC_SUPPORT/task_011.json,1,1,0.007996109999999999,0.013502,36.525406333006686,3716c658689ed73684f3f37503e2396acbe71416c1f7349b78d34c253a3fdc01,b9380b8b28987c99bf0b8ce51443e65c9dd05ea3f932cc1471054a044abe05e5
seed_976302_C1_SEMANTIC_SUPPORT_task_012,976302,C1_SEMANTIC_SUPPORT,12,dialog_trajectories/seed_976302/C1_SEMANTIC_SUPPORT/task_012.json,mechanism_traces/seed_976302/C1_SEMANTIC_SUPPORT/task_012.json,1,1,0.008003099999999999,0.015446,43.27270008400956,9fd067687c3eb797b726a89b0a5e53997c1ec9df6469ae5249bb06ef0ec6ecf5,3ebd7d6b03fb0c34338558b34cc77dfcaf81903e19434f0734777d15d1008f19
seed_976302_C1_SEMANTIC_SUPPORT_task_013,976302,C1_SEMANTIC_SUPPORT,13,dialog_trajectories/seed_976302/C1_SEMANTIC_SUPPORT/task_013.json,mechanism_traces/seed_976302/C1_SEMANTIC_SUPPORT/task_013.json,1,1,0.009763500000000001,0.019541999999999997,49.50029895899934,4f15f5aeff167c002fefceebd50e33a4f4a3c3bd58f250f3da27d8895f1e7522,c50cdf143d9de11233f4eb415ace5b8f3710b930d6797a0c599d8ffb075e82dc
seed_976302_C1_SEMANTIC_SUPPORT_task_014,976302,C1_SEMANTIC_SUPPORT,14,dialog_trajectories/seed_976302/C1_SEMANTIC_SUPPORT/task_014.json,mechanism_traces/seed_976302/C1_SEMANTIC_SUPPORT/task_014.json,1,1,0.0068299,0.009197999999999998,35.83081904100254,70e7b22caf8cf1b8b8bebb8a23e1802b4d70c931ae3a52dc4fc25ecabbb3537b,5a2d6ae68aefd264755d575ce9154c4b9d675b4e2928bd02032fb7876343843c
seed_976302_C1_SEMANTIC_SUPPORT_task_015,976302,C1_SEMANTIC_SUPPORT,15,dialog_trajectories/seed_976302/C1_SEMANTIC_SUPPORT/task_015.json,mechanism_traces/seed_976302/C1_SEMANTIC_SUPPORT/task_015.json,1,1,0.00870919,0.008931999999999999,37.414955957996426,a10ff4143b2ab4139d2d37fd96d1af4d0d3d7e928ed02acb0c08bfd87baba0d8,ba015407b7532aafc0116ef6f9edfd8ec4ebd91e820a0939f0b73230892f179e
seed_976302_C1_SEMANTIC_SUPPORT_task_016,976302,C1_SEMANTIC_SUPPORT,16,dialog_trajectories/seed_976302/C1_SEMANTIC_SUPPORT/task_016.json,mechanism_traces/seed_976302/C1_SEMANTIC_SUPPORT/task_016.json,1,1,0.00928136,0.00829,38.40108679200057,6aa4bc7178ee888f276f7eebdc0230f0e13ca9ece40c960c5ba5abeacfc11b31,923bf2facc796ca9dbf5a278fff4be25ef4c9e23e4319c1febe1be7990c751a6
seed_976302_C1_SEMANTIC_SUPPORT_task_017,976302,C1_SEMANTIC_SUPPORT,17,dialog_trajectories/seed_976302/C1_SEMANTIC_SUPPORT/task_017.json,mechanism_traces/seed_976302/C1_SEMANTIC_SUPPORT/task_017.json,1,1,0.0049123,0.007525999999999999,28.98868900000525,dbf9a35fbf230ed0c87512fe59e6cf6643c9d0047dcea1ce76519dd6efb6418a,5b4f5b4a29df886c2ea500cf96c3d4a1080076e4ec9a6461bbc352fc87e345ad
seed_976302_C1_SEMANTIC_SUPPORT_task_018,976302,C1_SEMANTIC_SUPPORT,18,dialog_trajectories/seed_976302/C1_SEMANTIC_SUPPORT/task_018.json,mechanism_traces/seed_976302/C1_SEMANTIC_SUPPORT/task_018.json,1,1,0.008046929999999999,0.016366,42.0133141670085,56e0f6906684ce55fd19f1002b5d260b8db9c49322a1c24f7ab3e530ad695666,7862aef30f7bfe60b5532982a8a9ffce9e8004d353689131f1c6a39fa776460a
seed_976302_C1_SEMANTIC_SUPPORT_task_019,976302,C1_SEMANTIC_SUPPORT,19,dialog_trajectories/seed_976302/C1_SEMANTIC_SUPPORT/task_019.json,mechanism_traces/seed_976302/C1_SEMANTIC_SUPPORT/task_019.json,0,0,0.012180250000000002,0.013095999999999998,57.170652375003556,e8e31cb821a623809e4aba41ce61cfaea0a67e49056c3b6520600680b5a7b81b,5c50021e84d6ee62ee9d97406a998a56d414bf99f18f92ab4bceaec0f15f5eb1
seed_976302_C1_SEMANTIC_SUPPORT_task_020,976302,C1_SEMANTIC_SUPPORT,20,dialog_trajectories/seed_976302/C1_SEMANTIC_SUPPORT/task_020.json,mechanism_traces/seed_976302/C1_SEMANTIC_SUPPORT/task_020.json,0,0,0.0063289,0.015972,39.20074950001435,5b6a8e0044e61cff9dfd098795d26f454954f243c0903013afc36160687abca1,2be61450bef10a92061fda047bb3725e4df82ed70ca6a33f6080c8f6a1e552a2
seed_976302_C1_SEMANTIC_SUPPORT_task_021,976302,C1_SEMANTIC_SUPPORT,21,dialog_trajectories/seed_976302/C1_SEMANTIC_SUPPORT/task_021.json,mechanism_traces/seed_976302/C1_SEMANTIC_SUPPORT/task_021.json,1,1,0.01252114,0.013733999999999998,57.95533883298049,4938bceb08a9bf8a43d05847d267b9ec430e5da5749aa0896dc42acd013af646,3b01868247a0d6b1dbe400c7672c123ff12f90fd29e50f87fe017c80509c3faf
seed_976302_C1_SEMANTIC_SUPPORT_task_022,976302,C1_SEMANTIC_SUPPORT,22,dialog_trajectories/seed_976302/C1_SEMANTIC_SUPPORT/task_022.json,mechanism_traces/seed_976302/C1_SEMANTIC_SUPPORT/task_022.json,1,1,0.01140323,0.011116,51.720254041982116,d3dc745dab911d6a01050350fd0dbcf7cc937cd8375269a5999335f0363b1247,db690728c3658660b07a9835a6e40419a26ffaa4e1ebc0c6b4df78a370b498a2
seed_976302_C1_SEMANTIC_SUPPORT_task_023,976302,C1_SEMANTIC_SUPPORT,23,dialog_trajectories/seed_976302/C1_SEMANTIC_SUPPORT/task_023.json,mechanism_traces/seed_976302/C1_SEMANTIC_SUPPORT/task_023.json,0,0,0.02102239,0.015605999999999998,92.3825919580122,1a295cb6ce8b506d64efcc1208adca9479bb2f8f9fe43195c5eca192073e1e35,121a66fe490f010ad97a19b8f54b49de0c48d38bcb149f34fc6bd13a12bf9afb
seed_976302_C1_SEMANTIC_SUPPORT_task_024,976302,C1_SEMANTIC_SUPPORT,24,dialog_trajectories/seed_976302/C1_SEMANTIC_SUPPORT/task_024.json,mechanism_traces/seed_976302/C1_SEMANTIC_SUPPORT/task_024.json,1,1,0.00391968,0.009034,24.789723666995997,4555c70bc471cc9757354627020243ffb13bfb88adb0addfd0b7dad70788eb3c,e2c2815a1b89fb44df09ba9a6b2e46658ec8dae12bc6330883894c56ea124eb5
seed_976302_C1_SEMANTIC_SUPPORT_task_025,976302,C1_SEMANTIC_SUPPORT,25,dialog_trajectories/seed_976302/C1_SEMANTIC_SUPPORT/task_025.json,mechanism_traces/seed_976302/C1_SEMANTIC_SUPPORT/task_025.json,1,1,0.007404600000000001,0.008964,49.26517800000147,b4548b4a7226e45f5efe30b96467ecd27ccabbf61a15c297630f10fee75456b3,83cc56e36d158e884268e2cefc26dcc361b9494cb65dd87c7506d1eb42e591ea
seed_976302_C1_SEMANTIC_SUPPORT_task_026,976302,C1_SEMANTIC_SUPPORT,26,dialog_trajectories/seed_976302/C1_SEMANTIC_SUPPORT/task_026.json,mechanism_traces/seed_976302/C1_SEMANTIC_SUPPORT/task_026.json,1,1,0.00571535,0.006339999999999999,31.527074375000666,ca1607adf9b31c351dc620c27e9c6bbff79ca1412387e993ee20c87da3d04750,c8f28700f1881274d8257f3c6bae6c042b89d68c837d7150cb3796624c33d3b6
seed_976302_C1_SEMANTIC_SUPPORT_task_027,976302,C1_SEMANTIC_SUPPORT,27,dialog_trajectories/seed_976302/C1_SEMANTIC_SUPPORT/task_027.json,mechanism_traces/seed_976302/C1_SEMANTIC_SUPPORT/task_027.json,0,0,0.012231569999999999,0.009455999999999999,57.130108707991894,2139439e091443bb73fb08708b3dfda2ce54f98553d06d02932dabfa68486b75,a349803c8149d3b5180428d995224cb08b50084743ad3114bfb35239a6b50d87
seed_976302_C1_SEMANTIC_SUPPORT_task_028,976302,C1_SEMANTIC_SUPPORT,28,dialog_trajectories/seed_976302/C1_SEMANTIC_SUPPORT/task_028.json,mechanism_traces/seed_976302/C1_SEMANTIC_SUPPORT/task_028.json,1,1,0.013733389999999998,0.026663999999999997,69.78617637499701,231d75d085ac58f880ba7050128ae3e1b5af9e1df5ac8df8dbf7f58aa947d4ad,35431d83d7706e189ed25f58c9d2691eb58666462285fa15a87eb7c41c4c3efb
seed_976302_C1_SEMANTIC_SUPPORT_task_029,976302,C1_SEMANTIC_SUPPORT,29,dialog_trajectories/seed_976302/C1_SEMANTIC_SUPPORT/task_029.json,mechanism_traces/seed_976302/C1_SEMANTIC_SUPPORT/task_029.json,1,1,0.01339914,0.010772,53.6493584580021,6bbb95891fd75bd3f03d9d59147fac852ba45eb4ce8ac449bda57bdb11da648d,3ff9fd53e9a23afe551f5a86d1f9ae1bf08ec098fd551fedb362441a2066e4ff
seed_976302_C1_SEMANTIC_SUPPORT_task_030,976302,C1_SEMANTIC_SUPPORT,30,dialog_trajectories/seed_976302/C1_SEMANTIC_SUPPORT/task_030.json,mechanism_traces/seed_976302/C1_SEMANTIC_SUPPORT/task_030.json,1,1,0.01941538,0.024753999999999995,96.76784716697875,b58936316e33150244eceb8f7291b6383d6dfb00ca91e8c4bcd5828994de8ddd,c5afe80ae5b30fc75521ac498ca5dc84d44cb0c7c51e34ba6ef64abfc39c8ca1
seed_976302_C1_SEMANTIC_SUPPORT_task_031,976302,C1_SEMANTIC_SUPPORT,31,dialog_trajectories/seed_976302/C1_SEMANTIC_SUPPORT/task_031.json,mechanism_traces/seed_976302/C1_SEMANTIC_SUPPORT/task_031.json,0,0,0.00621936,0.010095999999999999,32.79010041699803,93fb4b4d936b41957508ea43538995ca55635e6a41f6b5d45ec1497ae8fde047,b9d24cff424d7c40bae5253e6bca21b210e89c07299fff52d9c70566368f21dd
seed_976302_C1_SEMANTIC_SUPPORT_task_032,976302,C1_SEMANTIC_SUPPORT,32,dialog_trajectories/seed_976302/C1_SEMANTIC_SUPPORT/task_032.json,mechanism_traces/seed_976302/C1_SEMANTIC_SUPPORT/task_032.json,0,0,0.00571023,0.013515999999999999,38.73434012499638,70faf0c7a6753b91929ea96dc31f9172fc9449670b000b68fbd93dff44abd3ef,7d89f7de5b6fa630dff82039737c1697e551955d6df473e993ad945259b2cdb5
seed_976302_C1_SEMANTIC_SUPPORT_task_033,976302,C1_SEMANTIC_SUPPORT,33,dialog_trajectories/seed_976302/C1_SEMANTIC_SUPPORT/task_033.json,mechanism_traces/seed_976302/C1_SEMANTIC_SUPPORT/task_033.json,1,1,0.00774926,0.017502,50.06994491700607,2b0f69b08c8eaa45d94c2d601769476018a8671f4e60dc1db1ccc4fb64403dca,f18a65bf154fa99af1e028c7aa4be027907bed131602b5bed563fb0e30430fe9
seed_976302_C1_SEMANTIC_SUPPORT_task_034,976302,C1_SEMANTIC_SUPPORT,34,dialog_trajectories/seed_976302/C1_SEMANTIC_SUPPORT/task_034.json,mechanism_traces/seed_976302/C1_SEMANTIC_SUPPORT/task_034.json,0,0,0.0043211099999999995,0.014648000000000001,28.191213167010574,e218ef2049920141b1acca7a2203a3c9852e062ce0aec1f8465870967309b7c9,4220da03041a1bb2a5a2f142c4a508c00a48c07431b810a383401be96130dbaa
seed_976302_C1_SEMANTIC_SUPPORT_task_035,976302,C1_SEMANTIC_SUPPORT,35,dialog_trajectories/seed_976302/C1_SEMANTIC_SUPPORT/task_035.json,mechanism_traces/seed_976302/C1_SEMANTIC_SUPPORT/task_035.json,1,1,0.01610768,0.015602000000000001,73.64137595800275,2033126484dea3a25c6d1d4d9f91dffb151b3b530b31579c7700d888c0a91f72,1424b2aa55219bebb5c4c9adb22e950a5fffa7758b61e169b408a87b4ce8d402
seed_976302_C1_SEMANTIC_SUPPORT_task_036,976302,C1_SEMANTIC_SUPPORT,36,dialog_trajectories/seed_976302/C1_SEMANTIC_SUPPORT/task_036.json,mechanism_traces/seed_976302/C1_SEMANTIC_SUPPORT/task_036.json,1,1,0.01528478,0.016966,60.52160074999847,377e5ddcf796f9bcc82092b201c06b25ec701546367b5c58d88200eab25bc3b6,1e81e52d41c62d1931495895ba35bfc38973fca793d1764ff611749fab42d121
seed_976302_C1_SEMANTIC_SUPPORT_task_038,976302,C1_SEMANTIC_SUPPORT,38,dialog_trajectories/seed_976302/C1_SEMANTIC_SUPPORT/task_038.json,mechanism_traces/seed_976302/C1_SEMANTIC_SUPPORT/task_038.json,0,0,0.01200443,0.010407999999999999,52.45698974998959,cfc960c1461e59d3d7969caa84b03627b9df42121883e0bcdacb573771d04223,14b87ad03dbdfb10c816205eb0443e966055f941c656bf57e0fc877a93585041
seed_976302_C1_SEMANTIC_SUPPORT_task_039,976302,C1_SEMANTIC_SUPPORT,39,dialog_trajectories/seed_976302/C1_SEMANTIC_SUPPORT/task_039.json,mechanism_traces/seed_976302/C1_SEMANTIC_SUPPORT/task_039.json,0,0,0.00670688,0.01809,56.14687270800641,d5c1a9ea2608e0f17fa61ee1191dc8993948f657e173ad11beef0cd0aef31dc0,a486ca339e0eec202077d271bb8b8d56b12bc9056c62ad67a798142a06651719
seed_976302_C1_SEMANTIC_SUPPORT_task_040,976302,C1_SEMANTIC_SUPPORT,40,dialog_trajectories/seed_976302/C1_SEMANTIC_SUPPORT/task_040.json,mechanism_traces/seed_976302/C1_SEMANTIC_SUPPORT/task_040.json,1,1,0.005561460000000001,0.010963999999999998,29.099506041995483,e8c1b78d80bd01242918e7a2b6465dbfe8779058c42969b56aecdb054c79bc7f,4a02f17894ae8dd67ea9a397ed13dffaa6b3a438efe192b16c4ffa2bd89a9ba3
seed_976302_C1_SEMANTIC_SUPPORT_task_042,976302,C1_SEMANTIC_SUPPORT,42,dialog_trajectories/seed_976302/C1_SEMANTIC_SUPPORT/task_042.json,mechanism_traces/seed_976302/C1_SEMANTIC_SUPPORT/task_042.json,0,0,0.0124184,0.017254,54.66645191599673,a0f779a89dd69a62e0fafc7605c5d04f9dfa08bd089605a7f73b214bf21ae186,71de614adf1170c56aee84bf20f84a2d90217754c2a5f968947678dab0cb8360
seed_976302_C1_SEMANTIC_SUPPORT_task_043,976302,C1_SEMANTIC_SUPPORT,43,dialog_trajectories/seed_976302/C1_SEMANTIC_SUPPORT/task_043.json,mechanism_traces/seed_976302/C1_SEMANTIC_SUPPORT/task_043.json,0,0,0.0049165500000000004,0.00846,27.601878667002893,0a1a9ad260f9e42af9bbf5e49821a5f7b1276a4bc14f8d827880695ce5fcf87c,50e5d0fea8dc9496637ee966632ee2f4956326a07204d61cecdf4d2e71223628
seed_976302_C1_SEMANTIC_SUPPORT_task_045,976302,C1_SEMANTIC_SUPPORT,45,dialog_trajectories/seed_976302/C1_SEMANTIC_SUPPORT/task_045.json,mechanism_traces/seed_976302/C1_SEMANTIC_SUPPORT/task_045.json,1,1,0.01066166,0.012966,50.77148691601178,af33f4dfb92889b41fb2a3b8a3f5d524aff51a0f4ff78303680a12754333c617,2ffe6f5621c92b42caa89ea831dd040c33e0d5829435fa8630671a0261fd053b
seed_976302_C1_SEMANTIC_SUPPORT_task_049,976302,C1_SEMANTIC_SUPPORT,49,dialog_trajectories/seed_976302/C1_SEMANTIC_SUPPORT/task_049.json,mechanism_traces/seed_976302/C1_SEMANTIC_SUPPORT/task_049.json,1,1,0.012345440000000003,0.01423,57.59761554199213,750053b218d1b122e71a147186d9c38509bf1260037613c42e3258944a97d21d,c0e7f536d5501e29312f41e85fd49f74137f9816633cd889592060ce7feaa877
seed_976302_C1_SEMANTIC_SUPPORT_task_050,976302,C1_SEMANTIC_SUPPORT,50,dialog_trajectories/seed_976302/C1_SEMANTIC_SUPPORT/task_050.json,mechanism_traces/seed_976302/C1_SEMANTIC_SUPPORT/task_050.json,1,1,0.0021058200000000004,0.004016,16.97684966700035,925692d3e557af65cf673ca57712e505d27ad44ca934f54db412f8e41ade509a,c0618019b26a045ba8bfd190274d28a28147b1cfa12635643128da6316d4a84a
seed_976302_C1_SEMANTIC_SUPPORT_task_051,976302,C1_SEMANTIC_SUPPORT,51,dialog_trajectories/seed_976302/C1_SEMANTIC_SUPPORT/task_051.json,mechanism_traces/seed_976302/C1_SEMANTIC_SUPPORT/task_051.json,1,1,0.00865029,0.00989,51.53691104099562,d5b202f8fb420c49b81d2ecf8194a71d4928c00850f0507ac5ca0a96858e607c,10c90aa6cf4a6547e4ff6fd554740ac495fc10b215e608215a2d836e0c3fc359
seed_976302_C1_SEMANTIC_SUPPORT_task_053,976302,C1_SEMANTIC_SUPPORT,53,dialog_trajectories/seed_976302/C1_SEMANTIC_SUPPORT/task_053.json,mechanism_traces/seed_976302/C1_SEMANTIC_SUPPORT/task_053.json,1,1,0.005588289999999999,0.011532,32.98128216600162,006ca4692d7aaf62009dba655607b2d22b5fa10a2b5c7ef788445e261f0f546c,9388856808764dfe5c4062eec1b08a859014055491319f8f51db50ac72fb56e7
seed_976302_C1_SEMANTIC_SUPPORT_task_054,976302,C1_SEMANTIC_SUPPORT,54,dialog_trajectories/seed_976302/C1_SEMANTIC_SUPPORT/task_054.json,mechanism_traces/seed_976302/C1_SEMANTIC_SUPPORT/task_054.json,1,1,0.01288595,0.012284,48.67893770799856,2b18843a199435236ab02451ec27db39d5eb9f7e461429fd1300a871e83b3e41,1756a227e17689a9d8367e1bc24c6f6764a5a8693522c47a3531d38d6c20a7c8
seed_976302_C1_SEMANTIC_SUPPORT_task_055,976302,C1_SEMANTIC_SUPPORT,55,dialog_trajectories/seed_976302/C1_SEMANTIC_SUPPORT/task_055.json,mechanism_traces/seed_976302/C1_SEMANTIC_SUPPORT/task_055.json,1,1,0.01248987,0.014684000000000001,43.95179304100748,be04d98069d04ecfb3c8505a7363be74f2f982f3961cc62aa6d2e45a10c5edd2,eedd18e6caff9c20d786d4acff3ace930a62dae7ee2ecb91062a3fcffaacd20e
seed_976302_C1_SEMANTIC_SUPPORT_task_056,976302,C1_SEMANTIC_SUPPORT,56,dialog_trajectories/seed_976302/C1_SEMANTIC_SUPPORT/task_056.json,mechanism_traces/seed_976302/C1_SEMANTIC_SUPPORT/task_056.json,1,1,0.00853198,0.009718,39.81290670900489,4cd9b25509d4adbb9430d41a143b121ecb575033e3fe36452c92bb2169846b0f,a6457bd7679bf27d43513ddbc833f8be194e6a0172c216194bf8fc4be786536d
seed_976302_C1_SEMANTIC_SUPPORT_task_059,976302,C1_SEMANTIC_SUPPORT,59,dialog_trajectories/seed_976302/C1_SEMANTIC_SUPPORT/task_059.json,mechanism_traces/seed_976302/C1_SEMANTIC_SUPPORT/task_059.json,1,1,0.008079649999999999,0.011997999999999998,45.879392082992126,cc611e9a1741076bff53e0b70564cfa029c8e82ce416ecca9cf7121ebddb51f2,05e9fbf9278c07a06f3f705f49f11e356981d0cb07aeadb795599288bec3dec7
seed_976302_C1_SEMANTIC_SUPPORT_task_060,976302,C1_SEMANTIC_SUPPORT,60,dialog_trajectories/seed_976302/C1_SEMANTIC_SUPPORT/task_060.json,mechanism_traces/seed_976302/C1_SEMANTIC_SUPPORT/task_060.json,1,1,0.0065584300000000005,0.008334000000000001,31.824073249998037,45602b1dec3d15f55b849c6bfdced8184552471fa495efacbad2829698c5fd37,633c9dd9264f1c1ea14df18ebc2c8feb00cfd5ca71f1a70302967a1b43032c61
seed_976302_C1_SEMANTIC_SUPPORT_task_061,976302,C1_SEMANTIC_SUPPORT,61,dialog_trajectories/seed_976302/C1_SEMANTIC_SUPPORT/task_061.json,mechanism_traces/seed_976302/C1_SEMANTIC_SUPPORT/task_061.json,1,1,0.006467220000000001,0.005757999999999999,28.363066332996823,eb031a9f4a8d948859bd4aa6547e9342050de4b665cb18c32350c42c698cae11,f0dd0088767a80a957b9ee712bdab18f3cc294c0739567d21d6722dadbc62ed2
seed_976302_C1_SEMANTIC_SUPPORT_task_062,976302,C1_SEMANTIC_SUPPORT,62,dialog_trajectories/seed_976302/C1_SEMANTIC_SUPPORT/task_062.json,mechanism_traces/seed_976302/C1_SEMANTIC_SUPPORT/task_062.json,1,1,0.007437040000000001,0.016319999999999998,39.885218832991086,5cdf1165a33c3a1604ec84976afee6bda72927efcec1736dc76898366c99bec2,6d3cb1ac57842d33edd84eb9616eeda136324bf306828d80a491d2dfcf644eb3
seed_976302_C1_SEMANTIC_SUPPORT_task_064,976302,C1_SEMANTIC_SUPPORT,64,dialog_trajectories/seed_976302/C1_SEMANTIC_SUPPORT/task_064.json,mechanism_traces/seed_976302/C1_SEMANTIC_SUPPORT/task_064.json,0,0,0.01090356,0.022864,63.37717041600263,7f52719f6860fbeba3999e38a502cd61504a0df47f55b5fbeca10dedf7c1f41a,b41ba98050e63cac75b22e722e26ad78242ff771797a1d0b6760e35f445e6574
seed_976302_C1_SEMANTIC_SUPPORT_task_065,976302,C1_SEMANTIC_SUPPORT,65,dialog_trajectories/seed_976302/C1_SEMANTIC_SUPPORT/task_065.json,mechanism_traces/seed_976302/C1_SEMANTIC_SUPPORT/task_065.json,1,1,0.00292907,0.0032979999999999997,16.394222333998187,c59ac011f3c3d7f4732e7ba731aa555accd200a6847305c1844d9d7d794f4b01,713e081e88519d6b1c3c820a38ae2f5beb90893cecc21ff0bb018dd44b802891
seed_976302_C1_SEMANTIC_SUPPORT_task_068,976302,C1_SEMANTIC_SUPPORT,68,dialog_trajectories/seed_976302/C1_SEMANTIC_SUPPORT/task_068.json,mechanism_traces/seed_976302/C1_SEMANTIC_SUPPORT/task_068.json,1,1,0.00402803,0.009674,26.702739415995893,241dc663f6708667778dbcf55cbc28e44b06822709d6023c164e867df6e58d7c,992183c003e82df96d0d1d822c1a9a6c50128cb678b1f8870e5924901cb640de
seed_976302_C1_SEMANTIC_SUPPORT_task_070,976302,C1_SEMANTIC_SUPPORT,70,dialog_trajectories/seed_976302/C1_SEMANTIC_SUPPORT/task_070.json,mechanism_traces/seed_976302/C1_SEMANTIC_SUPPORT/task_070.json,1,1,0.00581405,0.010372,29.79424287499569,55958dc1ae6740bd4395291f681aa87b48d5fcf10d12339ad034472f408232b2,23896cd0397d7b96b43fcee41a332206315d747dec2655529a46408ff5457d45
seed_976302_C1_SEMANTIC_SUPPORT_task_071,976302,C1_SEMANTIC_SUPPORT,71,dialog_trajectories/seed_976302/C1_SEMANTIC_SUPPORT/task_071.json,mechanism_traces/seed_976302/C1_SEMANTIC_SUPPORT/task_071.json,1,1,0.01423115,0.0186,64.50507616699906,5159a2b078136bcb83b3f98ce58410581c964a775e4db02ef626ef1150959301,fb0dc78390820293ee22808167f46e67c37272f20b01407fa555388ae8d100f9
seed_976302_C1_SEMANTIC_SUPPORT_task_073,976302,C1_SEMANTIC_SUPPORT,73,dialog_trajectories/seed_976302/C1_SEMANTIC_SUPPORT/task_073.json,mechanism_traces/seed_976302/C1_SEMANTIC_SUPPORT/task_073.json,1,1,0.00605914,0.009788000000000002,33.781754541996634,f77590b32450e7cc89e2ba3e871b02ac43be2f7f6fa9e18cb1b6e15c461f3a79,0bbd26054cbf7a2b036d8676037b043c2f97cc7c776865bd9ee6d9fd34234eb0
seed_976302_C1_SEMANTIC_SUPPORT_task_074,976302,C1_SEMANTIC_SUPPORT,74,dialog_trajectories/seed_976302/C1_SEMANTIC_SUPPORT/task_074.json,mechanism_traces/seed_976302/C1_SEMANTIC_SUPPORT/task_074.json,1,1,0.016828620000000002,0.014612,60.17065966699738,ce237458d72458d0fe1f33498126498918a90aac0c32e58f8d89fa509934a1aa,f1bd89951c888712b521edfdd481460ef10da3ae8fa90e4a7104af5fc2c6fc3c
seed_976302_C1_SEMANTIC_SUPPORT_task_075,976302,C1_SEMANTIC_SUPPORT,75,dialog_trajectories/seed_976302/C1_SEMANTIC_SUPPORT/task_075.json,mechanism_traces/seed_976302/C1_SEMANTIC_SUPPORT/task_075.json,1,1,0.006820370000000001,0.010939999999999998,36.26775929200812,6815ef4ffc3d160c09f53284424a467765fa6c85971ef6992aff71809256f839,2747c5bd21aa9aba6cd0b56790335696589718d8e7d583b1f2fbba09fadaff17
seed_976302_C1_SEMANTIC_SUPPORT_task_077,976302,C1_SEMANTIC_SUPPORT,77,dialog_trajectories/seed_976302/C1_SEMANTIC_SUPPORT/task_077.json,mechanism_traces/seed_976302/C1_SEMANTIC_SUPPORT/task_077.json,1,1,0.0051013000000000005,0.009791999999999999,29.249630499994964,e0486c541789a000b8fbe4a7a646f246985294b1160c24c74b7505a97be4b140,268357f7be36a85f99f3391b2a1b9dc4fb90c382908fbe1ca04c31cb603e10c1
seed_976302_C1_SEMANTIC_SUPPORT_task_079,976302,C1_SEMANTIC_SUPPORT,79,dialog_trajectories/seed_976302/C1_SEMANTIC_SUPPORT/task_079.json,mechanism_traces/seed_976302/C1_SEMANTIC_SUPPORT/task_079.json,1,1,0.00941141,0.0152,66.38958641698991,a40a52819e0d6356ffce787695079406ba699bda9925089aebeb174a2219dd3d,3f9750d32724288010515c7deda039cb38ec219c3a38dbca2622119e1d825bcb
seed_976302_C1_SEMANTIC_SUPPORT_task_080,976302,C1_SEMANTIC_SUPPORT,80,dialog_trajectories/seed_976302/C1_SEMANTIC_SUPPORT/task_080.json,mechanism_traces/seed_976302/C1_SEMANTIC_SUPPORT/task_080.json,1,1,0.01010083,0.016492,48.6170729160076,91d2e0242c2a05e486c8be42279fd77344f586f518bd8ff5b3a3ff2973fbe336,e91474d61c85593ab225c07717b597580c8675844fd13d00c0b2bf65fe817403
seed_976302_C1_SEMANTIC_SUPPORT_task_086,976302,C1_SEMANTIC_SUPPORT,86,dialog_trajectories/seed_976302/C1_SEMANTIC_SUPPORT/task_086.json,mechanism_traces/seed_976302/C1_SEMANTIC_SUPPORT/task_086.json,1,1,0.014361269999999997,0.015676,64.71355274999223,459d1a17166be1e99c89d60d0d3a3c43ad60237fb546bf11fd3787b63a54fb44,befd8650d37cce25c867fad44bf62f4fe1e51fafb2ae6c1d328717c5f28f7f4e
seed_976302_C1_SEMANTIC_SUPPORT_task_087,976302,C1_SEMANTIC_SUPPORT,87,dialog_trajectories/seed_976302/C1_SEMANTIC_SUPPORT/task_087.json,mechanism_traces/seed_976302/C1_SEMANTIC_SUPPORT/task_087.json,1,1,0.00994231,0.007546,41.2825506250083,fc6bff0aced13053024541ead76b4c1ac47be17ea47f11f7f10da9600067d929,ea904ea43ce8d59b82660fac6b79df2ef0bfa3d876760282906928728f11af07
seed_976302_C1_SEMANTIC_SUPPORT_task_090,976302,C1_SEMANTIC_SUPPORT,90,dialog_trajectories/seed_976302/C1_SEMANTIC_SUPPORT/task_090.json,mechanism_traces/seed_976302/C1_SEMANTIC_SUPPORT/task_090.json,1,1,0.006465230000000001,0.012224,31.103797625008156,245febc868e4fe1af2c11d76f58df79906bcbb2550fa0c6c8d23e7423409c0e4,545dfa061952761a530cd4ff1420f03a108763886accee0cb3341320b14d0bc4
seed_976302_C1_SEMANTIC_SUPPORT_task_091,976302,C1_SEMANTIC_SUPPORT,91,dialog_trajectories/seed_976302/C1_SEMANTIC_SUPPORT/task_091.json,mechanism_traces/seed_976302/C1_SEMANTIC_SUPPORT/task_091.json,1,1,0.014943800000000002,0.016547999999999997,75.10592883400386,9a1a89a81148335803b09927ff4bf5c39400e03cf0f8670d79027ecdd08b2d3c,3366f3c798e4a3152083b228714196a73753234795034258450253eac35d8127
seed_976302_C1_SEMANTIC_SUPPORT_task_094,976302,C1_SEMANTIC_SUPPORT,94,dialog_trajectories/seed_976302/C1_SEMANTIC_SUPPORT/task_094.json,mechanism_traces/seed_976302/C1_SEMANTIC_SUPPORT/task_094.json,1,1,0.00872363,0.010629999999999999,37.68039091699757,4d8e12c149a06350dc39854e78dcb660868bfa238edf797c18edf2ac23b979ab,b5d11aefa39ef66bdb06d58f8224be86aedadec62bd6f2c68ce95122d289a6ea
seed_976302_C1_SEMANTIC_SUPPORT_task_095,976302,C1_SEMANTIC_SUPPORT,95,dialog_trajectories/seed_976302/C1_SEMANTIC_SUPPORT/task_095.json,mechanism_traces/seed_976302/C1_SEMANTIC_SUPPORT/task_095.json,1,1,0.01634131,0.015778,74.52410829198197,b8971f521427cab059c4452ec0cbb069a29c50b3a1c3caf6a84089bb6d8c929c,96f82e52b3521f44f6773f83d0dedcc609915b4cc88eed0fdae7fc694bf3e8fe
seed_976302_C1_SEMANTIC_SUPPORT_task_097,976302,C1_SEMANTIC_SUPPORT,97,dialog_trajectories/seed_976302/C1_SEMANTIC_SUPPORT/task_097.json,mechanism_traces/seed_976302/C1_SEMANTIC_SUPPORT/task_097.json,1,1,0.013560790000000001,0.014374000000000001,59.1004770409927,166b2f9f0e3bfc69c495889c6ef13527fe99d2bf8ccd23dcb8c53d5a669b4377,13a058d1d65bcd56045ff7430e7a9d118467e472f5d93f06e62d109316c2baf4
seed_976302_C1_SEMANTIC_SUPPORT_task_099,976302,C1_SEMANTIC_SUPPORT,99,dialog_trajectories/seed_976302/C1_SEMANTIC_SUPPORT/task_099.json,mechanism_traces/seed_976302/C1_SEMANTIC_SUPPORT/task_099.json,0,0,0.005416000000000001,0.009658,34.07627312501427,a0c12f5c18eba4d06d74313369eca023ccba20247c06323aa0810989f1579d57,05bfa4216edfb253dfb3ccbf77b511f813d3605568561fc5ca247e90fd916fcc
seed_976302_C1_SEMANTIC_SUPPORT_task_100,976302,C1_SEMANTIC_SUPPORT,100,dialog_trajectories/seed_976302/C1_SEMANTIC_SUPPORT/task_100.json,mechanism_traces/seed_976302/C1_SEMANTIC_SUPPORT/task_100.json,1,1,0.01215585,0.01591,46.57107658400491,be2b1ee051234a2013794d97936885e2dfcff8c8ea812f5ec8c2fd40e15b9a18,9f85a349b88a7bffdfab7e47d76264290f19181440b5a80dbcd957ad4e48074c
seed_976302_C1_SEMANTIC_SUPPORT_task_101,976302,C1_SEMANTIC_SUPPORT,101,dialog_trajectories/seed_976302/C1_SEMANTIC_SUPPORT/task_101.json,mechanism_traces/seed_976302/C1_SEMANTIC_SUPPORT/task_101.json,1,1,0.016356839999999997,0.015926,69.22648979100632,3995100fa9e0faf80c148253817cf2c859c5ae63b048486cd97d0ea7cb76148b,19f73e07e47175119531ddb9dad373292ab0184e0ce21f9684cca37be901302f
seed_976302_C1_SEMANTIC_SUPPORT_task_102,976302,C1_SEMANTIC_SUPPORT,102,dialog_trajectories/seed_976302/C1_SEMANTIC_SUPPORT/task_102.json,mechanism_traces/seed_976302/C1_SEMANTIC_SUPPORT/task_102.json,0,0,0.008134999999999998,0.022019999999999998,46.28805433299567,8d1881f9774655e5592c08944acd15f7a6b9d8f259ba20ca29f8b24677e7ed49,940aa38645e258672a4a9975c3f4e694a952cb8b6e2af2cc78a38d546a33c458
seed_976302_C1_SEMANTIC_SUPPORT_task_105,976302,C1_SEMANTIC_SUPPORT,105,dialog_trajectories/seed_976302/C1_SEMANTIC_SUPPORT/task_105.json,mechanism_traces/seed_976302/C1_SEMANTIC_SUPPORT/task_105.json,1,0,0.010332929999999999,0.013467999999999999,50.72270345900324,cd7df9c783726c5a2933a9a177522ad42c3ac2836686bf72c03d6320d18400a4,43151b97f7de2f2a01fb8b7c2aeff25e48f7de6b3af397e488911336fc176f38
seed_976302_C1_SEMANTIC_SUPPORT_task_108,976302,C1_SEMANTIC_SUPPORT,108,dialog_trajectories/seed_976302/C1_SEMANTIC_SUPPORT/task_108.json,mechanism_traces/seed_976302/C1_SEMANTIC_SUPPORT/task_108.json,1,1,0.009228189999999999,0.013806,46.21803974999057,b2e401e96bc6e52b922938dad83ac09ce51ef9cf6d6fbd891a8554817a3cb4a9,aaee23a7265e6e48180e9067eaeb1b9483e90af4bec281a0cd6e4846d93c4eb7
seed_976302_C1_SEMANTIC_SUPPORT_task_111,976302,C1_SEMANTIC_SUPPORT,111,dialog_trajectories/seed_976302/C1_SEMANTIC_SUPPORT/task_111.json,mechanism_traces/seed_976302/C1_SEMANTIC_SUPPORT/task_111.json,0,0,0.01890126,0.016488,112.62430170900188,6da4b5274d7f7a4de79f1fd21a37fa22bf20f797652b83c472d8c0f01752382b,05fa68bba69b72effd2416beb826af4a45d09cd732957271d4603feba1c16c1f
seed_976302_C1_SEMANTIC_SUPPORT_task_113,976302,C1_SEMANTIC_SUPPORT,113,dialog_trajectories/seed_976302/C1_SEMANTIC_SUPPORT/task_113.json,mechanism_traces/seed_976302/C1_SEMANTIC_SUPPORT/task_113.json,1,1,0.00677112,0.009696,29.403366124999593,683896a96fbb63f41e6dda1b97271a9d859cf9a44aaba47c9f3b38ebdbae87c9,886f1c718b22c214695c02b3ff1dd753f4bb71ac0dbc4a9f515f73b5e69d94d1
seed_976302_C2_PREWRITE_CONTROL_task_000,976302,C2_PREWRITE_CONTROL,0,dialog_trajectories/seed_976302/C2_PREWRITE_CONTROL/task_000.json,mechanism_traces/seed_976302/C2_PREWRITE_CONTROL/task_000.json,0,0,0.007430589999999999,0.009218,31.88644041697262,757af5727d1004928b829daf42db5bf910b7f4a088089fa69c53f83c12904ef4,36c8f2ac806670dac4672d3f6b417b8c78dd33cb2ca11ff1afe5305328d90c3d
seed_976302_C2_PREWRITE_CONTROL_task_001,976302,C2_PREWRITE_CONTROL,1,dialog_trajectories/seed_976302/C2_PREWRITE_CONTROL/task_001.json,mechanism_traces/seed_976302/C2_PREWRITE_CONTROL/task_001.json,1,1,0.00671579,0.015042000000000002,40.472765915998025,5ec8e185d21d0e6ec5571a5e927d8021c38465cb01e614140f29d39b1953461c,bf1478c4d6f2b8ec14e4090259e629dc8125934b75b58910f6b561835cd03a9a
seed_976302_C2_PREWRITE_CONTROL_task_002,976302,C2_PREWRITE_CONTROL,2,dialog_trajectories/seed_976302/C2_PREWRITE_CONTROL/task_002.json,mechanism_traces/seed_976302/C2_PREWRITE_CONTROL/task_002.json,1,1,0.006111240000000001,0.008126,28.892336416000035,ab0693e94f0cc17fbb62d6d835bf417f95bbfd9ca536a52fb03f0dcf71de127b,e0fb66140b6cbb54f159abe8cef74b192bd5b19c3e8531ab88fe272bfa12d61a
seed_976302_C2_PREWRITE_CONTROL_task_003,976302,C2_PREWRITE_CONTROL,3,dialog_trajectories/seed_976302/C2_PREWRITE_CONTROL/task_003.json,mechanism_traces/seed_976302/C2_PREWRITE_CONTROL/task_003.json,0,0,0.011159780000000001,0.015099999999999999,63.18782995897345,5dff03d4565afc2e82e4499407774435c2a61450e6d7b351dc54d8489255b54e,dfc5665a4439092e7dbaa7c2c2d4954a61b16f1584b7e414cddb2a3f2c3a6ab7
seed_976302_C2_PREWRITE_CONTROL_task_004,976302,C2_PREWRITE_CONTROL,4,dialog_trajectories/seed_976302/C2_PREWRITE_CONTROL/task_004.json,mechanism_traces/seed_976302/C2_PREWRITE_CONTROL/task_004.json,1,1,0.007461860000000002,0.010759999999999999,36.62686141699669,6cac720db25cc9e816ad9bb2b2427d6569ee7921a4e262ffc5747b896df4b7b3,90735de3bc0dc3254e689440345858eb13d9a31981ac18fc7399af623b42c2e9
seed_976302_C2_PREWRITE_CONTROL_task_005,976302,C2_PREWRITE_CONTROL,5,dialog_trajectories/seed_976302/C2_PREWRITE_CONTROL/task_005.json,mechanism_traces/seed_976302/C2_PREWRITE_CONTROL/task_005.json,1,1,0.00733522,0.014862,40.48429570799635,7bfce19f97806c943df727adae9bc54c828ebc214b8504e1130b599bd130a1fa,f8cf0c2958fac0c5f1da10753768456e8c74ff55a8b3d02e38f02f57c2b62388
seed_976302_C2_PREWRITE_CONTROL_task_006,976302,C2_PREWRITE_CONTROL,6,dialog_trajectories/seed_976302/C2_PREWRITE_CONTROL/task_006.json,mechanism_traces/seed_976302/C2_PREWRITE_CONTROL/task_006.json,1,1,0.008810479999999999,0.018439999999999998,61.79226895800093,7232a38e5913817c8843158289a4cca8aef7d2d8fc931f0e2f44be98aaec96be,41bbabd5cd49f09f202a55fbc62b42bc0f799157d318718bbdf150f0e9be6d04
seed_976302_C2_PREWRITE_CONTROL_task_007,976302,C2_PREWRITE_CONTROL,7,dialog_trajectories/seed_976302/C2_PREWRITE_CONTROL/task_007.json,mechanism_traces/seed_976302/C2_PREWRITE_CONTROL/task_007.json,1,1,0.00804802,0.01368,41.60632766599883,13c21e7b370bacbd69f003f850690079bd07cd6a85a4099d53d8ecf1d30b3914,5904896240193855c9e5c41ac664e965185747535c4f7d57bb255e218d88866e
seed_976302_C2_PREWRITE_CONTROL_task_008,976302,C2_PREWRITE_CONTROL,8,dialog_trajectories/seed_976302/C2_PREWRITE_CONTROL/task_008.json,mechanism_traces/seed_976302/C2_PREWRITE_CONTROL/task_008.json,1,1,0.007404880000000001,0.013596,38.391978416999336,836f178b8fb5f592e8eb067ddb5db9eb224e689b0b6377b5a7d47049175ac8e1,3cdc5274bd3a1490c8397d4070bc14538011fecad9a302fdbbe7218f9bc03b02
seed_976302_C2_PREWRITE_CONTROL_task_009,976302,C2_PREWRITE_CONTROL,9,dialog_trajectories/seed_976302/C2_PREWRITE_CONTROL/task_009.json,mechanism_traces/seed_976302/C2_PREWRITE_CONTROL/task_009.json,1,1,0.007652280000000001,0.012396000000000003,40.88164920800773,04508cfe947c0cfda3e45b959b446653d27a582c2854fbacd2857c0522e0700f,5ed7f96b1c72c161cf236c873d69747533297a30143c0f3172cbe139d8f2f225
seed_976302_C2_PREWRITE_CONTROL_task_010,976302,C2_PREWRITE_CONTROL,10,dialog_trajectories/seed_976302/C2_PREWRITE_CONTROL/task_010.json,mechanism_traces/seed_976302/C2_PREWRITE_CONTROL/task_010.json,1,1,0.003967920000000001,0.00927,24.965723499975866,45dc63b6ebce97d3b253bc9965fafde3680b64cad074d859de136da24e2edaac,c6b75512493fd655a4eb266ffd28c10226a107da13b73fcf8f0c0d64dd6fbf9a
seed_976302_C2_PREWRITE_CONTROL_task_011,976302,C2_PREWRITE_CONTROL,11,dialog_trajectories/seed_976302/C2_PREWRITE_CONTROL/task_011.json,mechanism_traces/seed_976302/C2_PREWRITE_CONTROL/task_011.json,0,0,0.004036769999999999,0.013822,31.8132949169958,32c496afae72a40f70140976a4b2600069094a0a2c9c9895274ec2fa25b952c9,37ae9378e1c15fcaae95c5c33bafe0b3e05f06c9e06f5ca408821575c8484451
seed_976302_C2_PREWRITE_CONTROL_task_012,976302,C2_PREWRITE_CONTROL,12,dialog_trajectories/seed_976302/C2_PREWRITE_CONTROL/task_012.json,mechanism_traces/seed_976302/C2_PREWRITE_CONTROL/task_012.json,1,1,0.0037804400000000004,0.007824,20.42852483400202,a66f27ac63ce05fd17efc65599a82bc679b046c0995d67e207b406e346a71cfb,8d7af5d3ce52858561563860272fb6429104ce82a2c2c86ecefa0aa3dbce805c
seed_976302_C2_PREWRITE_CONTROL_task_013,976302,C2_PREWRITE_CONTROL,13,dialog_trajectories/seed_976302/C2_PREWRITE_CONTROL/task_013.json,mechanism_traces/seed_976302/C2_PREWRITE_CONTROL/task_013.json,1,1,0.0058622000000000014,0.0173,41.32735154099646,7f9cee02e9ebf89dc1bdaa624f42ca19f59c0aad989f0f67defec03164649176,77e8527c1edda53252d4ecd29a799c666d26b979380e5f519e5ff80719f8f490
seed_976302_C2_PREWRITE_CONTROL_task_014,976302,C2_PREWRITE_CONTROL,14,dialog_trajectories/seed_976302/C2_PREWRITE_CONTROL/task_014.json,mechanism_traces/seed_976302/C2_PREWRITE_CONTROL/task_014.json,1,1,0.004867280000000001,0.016426,34.72844645800069,bda8850e309af151395edde351354a166a91eccb39b85e956a3bc5f4dfb6c668,0096e1417041460e406edb93ff49e865556aafaab45aec1dd1e74cf57fb51795
seed_976302_C2_PREWRITE_CONTROL_task_015,976302,C2_PREWRITE_CONTROL,15,dialog_trajectories/seed_976302/C2_PREWRITE_CONTROL/task_015.json,mechanism_traces/seed_976302/C2_PREWRITE_CONTROL/task_015.json,1,1,0.00553127,0.009018,29.900211791013135,0783946c7836d69d08dee3128d4ec57b5dda09fc175e643d5fd11a8e283e3437,53e2f5eaa1d8c49cb5cb8310851d77e6004889d39ad4d6e64c9ad8b8feb91866
seed_976302_C2_PREWRITE_CONTROL_task_016,976302,C2_PREWRITE_CONTROL,16,dialog_trajectories/seed_976302/C2_PREWRITE_CONTROL/task_016.json,mechanism_traces/seed_976302/C2_PREWRITE_CONTROL/task_016.json,1,1,0.00593064,0.009188,36.23848120798357,cae9cddcd6ce87e37b2e1cfaab2b409f7b342b8e4296c59057dde7d62bcd8ad9,41ec17b3278b57ae243fcab1bc998c3f0f3b51d14edecb9958372b1d80f72642
seed_976302_C2_PREWRITE_CONTROL_task_017,976302,C2_PREWRITE_CONTROL,17,dialog_trajectories/seed_976302/C2_PREWRITE_CONTROL/task_017.json,mechanism_traces/seed_976302/C2_PREWRITE_CONTROL/task_017.json,1,1,0.00383968,0.010757999999999998,24.678922250008327,422e26595b9f914b3255c427f5cb88a9a660f5afd0dda9f021f0b675e4e1ebb5,11f7a0c5b413ba9df6ae4b2dd04ab97b0b62e377031726f4d448c9bbc39c0ba3
seed_976302_C2_PREWRITE_CONTROL_task_018,976302,C2_PREWRITE_CONTROL,18,dialog_trajectories/seed_976302/C2_PREWRITE_CONTROL/task_018.json,mechanism_traces/seed_976302/C2_PREWRITE_CONTROL/task_018.json,1,1,0.00620988,0.014111999999999996,39.000095416995464,e9daaa7f9ae1d1d3cb6926eb5998ee8953b755fd2e8b4e6014b4e95d71a8fbac,df704e2535fadfd8d26e5e87f59b84fa1706883d843a4603cd29156faa76debb
seed_976302_C2_PREWRITE_CONTROL_task_019,976302,C2_PREWRITE_CONTROL,19,dialog_trajectories/seed_976302/C2_PREWRITE_CONTROL/task_019.json,mechanism_traces/seed_976302/C2_PREWRITE_CONTROL/task_019.json,1,1,0.010869960000000001,0.01385,53.90364479197888,16cefe9e1e22dab9be093810c75ea80c9b0707d50ad565c1ad5a77529b0b934d,a52e65cfad3fc5179de64b106c4c279aab05eb05b19bac683a8ea74ed621ea88
seed_976302_C2_PREWRITE_CONTROL_task_020,976302,C2_PREWRITE_CONTROL,20,dialog_trajectories/seed_976302/C2_PREWRITE_CONTROL/task_020.json,mechanism_traces/seed_976302/C2_PREWRITE_CONTROL/task_020.json,0,0,0.00427689,0.010032000000000001,21.150437958014663,4a321234ad31e1164c80fbf3f67f84b9e282cae8d4fd88fca04e0b5a2493f6f2,1aa5078e0938b98ea04eb5f02136aeb824c32083c4dcbafdb0f7d9ea31a52b57
seed_976302_C2_PREWRITE_CONTROL_task_021,976302,C2_PREWRITE_CONTROL,21,dialog_trajectories/seed_976302/C2_PREWRITE_CONTROL/task_021.json,mechanism_traces/seed_976302/C2_PREWRITE_CONTROL/task_021.json,0,0,0.0034286499999999992,0.008408,19.46957650000695,96508b7b94f2c45c042ddb109c4cd9dbd19916cf5e3c26525c0f13715c2e1277,7efd297c8d8f8e45f9951ad996ba9c87fb45459676c8c57ff6a35c8b4757d3dd
seed_976302_C2_PREWRITE_CONTROL_task_022,976302,C2_PREWRITE_CONTROL,22,dialog_trajectories/seed_976302/C2_PREWRITE_CONTROL/task_022.json,mechanism_traces/seed_976302/C2_PREWRITE_CONTROL/task_022.json,1,1,0.0065525900000000005,0.010868,30.650793791981414,3b904dc1c201b55a59b1e2c8809c0ffdd9f11b7cdf5c8d1ff57b6fbf6b867f9c,1de924775b0625229574e214537b10a2c06f5594c33fdcf704e603ef08b9a4e9
seed_976302_C2_PREWRITE_CONTROL_task_023,976302,C2_PREWRITE_CONTROL,23,dialog_trajectories/seed_976302/C2_PREWRITE_CONTROL/task_023.json,mechanism_traces/seed_976302/C2_PREWRITE_CONTROL/task_023.json,1,1,0.02210122,0.072188,124.535912249994,0d37861f70ef4e88536a021297748f8e6a8faf59fb63b29870ed077fa0605ce3,9a51f7cc7d5e3beb41c40c7ef01bf90e6cdebabf0e89b3c39999fdf84177bb98
seed_976302_C2_PREWRITE_CONTROL_task_024,976302,C2_PREWRITE_CONTROL,24,dialog_trajectories/seed_976302/C2_PREWRITE_CONTROL/task_024.json,mechanism_traces/seed_976302/C2_PREWRITE_CONTROL/task_024.json,1,1,0.004480250000000001,0.013488,27.766132834018208,9180353a3e3ea995c63f44e5759d81da4fbf40ec88a4fe5055d5347bce323bab,d6c78658f23f2d8ece48b37b51e1501c4188897b3b2f1c5f478a1e4361bce134
seed_976302_C2_PREWRITE_CONTROL_task_025,976302,C2_PREWRITE_CONTROL,25,dialog_trajectories/seed_976302/C2_PREWRITE_CONTROL/task_025.json,mechanism_traces/seed_976302/C2_PREWRITE_CONTROL/task_025.json,0,0,0.0043408200000000004,0.0073160000000000005,22.343805665994296,d3af00c1ec62bccbc00d4470b02ddb13f4b21cf3393c40c021366331721cc279,d355ba6ecd9379e2433e0fc4adc46e0860258cfd29c4aefeaeb62ead00f64059
seed_976302_C2_PREWRITE_CONTROL_task_026,976302,C2_PREWRITE_CONTROL,26,dialog_trajectories/seed_976302/C2_PREWRITE_CONTROL/task_026.json,mechanism_traces/seed_976302/C2_PREWRITE_CONTROL/task_026.json,1,1,0.0032915400000000004,0.006506,15.2623154999892,6f4e8986cfc09a096311173644a79568b0ee87907832ebb7eb9a60b0100ae6b5,e811db1230b25868fbace71cc9d0c24bbc11ffa833909123e2571fe4cd14d720
seed_976302_C2_PREWRITE_CONTROL_task_027,976302,C2_PREWRITE_CONTROL,27,dialog_trajectories/seed_976302/C2_PREWRITE_CONTROL/task_027.json,mechanism_traces/seed_976302/C2_PREWRITE_CONTROL/task_027.json,1,1,0.008038340000000001,0.013496000000000001,37.282315165997716,911c5d215388b7d165e2dce7d53fa3356473ebc512e36dfa19efeb9bead93d32,410fb282a19916a9190a5617a11e2d3162884896a7de7ef0bf305c3fc413da1e
seed_976302_C2_PREWRITE_CONTROL_task_028,976302,C2_PREWRITE_CONTROL,28,dialog_trajectories/seed_976302/C2_PREWRITE_CONTROL/task_028.json,mechanism_traces/seed_976302/C2_PREWRITE_CONTROL/task_028.json,1,1,0.010876930000000002,0.020669999999999997,58.06852487497963,85d1d239b1386a72a9d79c9f53c62670498b569ec67bb0787ff952d4f022daa2,441895ef02abde1d759bb06921a8a2e75c51b662cf78debef1c942397c764a2c
seed_976302_C2_PREWRITE_CONTROL_task_029,976302,C2_PREWRITE_CONTROL,29,dialog_trajectories/seed_976302/C2_PREWRITE_CONTROL/task_029.json,mechanism_traces/seed_976302/C2_PREWRITE_CONTROL/task_029.json,1,1,0.009839549999999999,0.010348000000000001,49.55604212501203,8bf4c2b34c1846788c6b183e305048d5f66dd6a18eaad173b95fb3b6e7bdbf19,5db5e1250d43dded5dbe60a4a311e0343e386a5dc296ac8aeedeee3c94a2e703
seed_976302_C2_PREWRITE_CONTROL_task_030,976302,C2_PREWRITE_CONTROL,30,dialog_trajectories/seed_976302/C2_PREWRITE_CONTROL/task_030.json,mechanism_traces/seed_976302/C2_PREWRITE_CONTROL/task_030.json,1,1,0.01079246,0.021780000000000004,62.77625991599052,1fa546afa86992aab7b689fc9467dec8a1f39c437852f445073c20a3872d2eab,521632f211198b1cc06a8598832596e0d82c5ebc5356582819139c0c16c4b9b5
seed_976302_C2_PREWRITE_CONTROL_task_031,976302,C2_PREWRITE_CONTROL,31,dialog_trajectories/seed_976302/C2_PREWRITE_CONTROL/task_031.json,mechanism_traces/seed_976302/C2_PREWRITE_CONTROL/task_031.json,0,0,0.01074076,0.027393999999999998,57.45383458399738,feba213ee44d6b08cf6573b3a5e53679582b976df8b7ba1353efce1ada226283,5e844094641753de7578dd3199409a5a7edd55bbc358a8301ba3b39a2494bd70
seed_976302_C2_PREWRITE_CONTROL_task_032,976302,C2_PREWRITE_CONTROL,32,dialog_trajectories/seed_976302/C2_PREWRITE_CONTROL/task_032.json,mechanism_traces/seed_976302/C2_PREWRITE_CONTROL/task_032.json,1,1,0.01002514,0.020047999999999996,92.57273133299896,090c47112e4859de279e631f2cbc5a80eb706e273435ce16bb8f51716718cf44,c392c678c57899800d9279142fdc14afe35dd129f9fbe884bf466cba943e3f38
seed_976302_C2_PREWRITE_CONTROL_task_033,976302,C2_PREWRITE_CONTROL,33,dialog_trajectories/seed_976302/C2_PREWRITE_CONTROL/task_033.json,mechanism_traces/seed_976302/C2_PREWRITE_CONTROL/task_033.json,0,0,0.00835678,0.0179,44.39565062499605,b282c4f066a96439b11749728d61d9cf399fe85b7443401f72b70bc8ef685f0a,aba2ed47fd85b419b07c868a451fb61b42749ddb70c7f6d86612d0cc7b19b515
seed_976302_C2_PREWRITE_CONTROL_task_034,976302,C2_PREWRITE_CONTROL,34,dialog_trajectories/seed_976302/C2_PREWRITE_CONTROL/task_034.json,mechanism_traces/seed_976302/C2_PREWRITE_CONTROL/task_034.json,0,0,0.00468133,0.016538,57.545405084005324,1bcec7bc53db284b88fdef97a0f513c39096c64af0769d128b7fa94704b5a90c,30ce19850b6034e5b7cb39c2b5433c7a79efbd1c0d463e1f714811f2c6a82a3a
seed_976302_C2_PREWRITE_CONTROL_task_035,976302,C2_PREWRITE_CONTROL,35,dialog_trajectories/seed_976302/C2_PREWRITE_CONTROL/task_035.json,mechanism_traces/seed_976302/C2_PREWRITE_CONTROL/task_035.json,1,1,0.01057498,0.014107999999999999,55.50929604200064,767fb333542663c717f8a8f453b47a7bd4a3cb13a3773b9e647d5ed26219f802,c96cd22507204866dd652d6c9f7f1760f3b3a4d7811eb9b6e72a3062602bab29
seed_976302_C2_PREWRITE_CONTROL_task_036,976302,C2_PREWRITE_CONTROL,36,dialog_trajectories/seed_976302/C2_PREWRITE_CONTROL/task_036.json,mechanism_traces/seed_976302/C2_PREWRITE_CONTROL/task_036.json,1,1,0.009876310000000001,0.018513999999999996,57.353904791991226,b647206cade22ce11a3b6a7a9fa71bb5e06f29e33a5fd2120d23babf3e341260,f10fe78d7ae9ca4652690b5159df1ee054772603e0e9f0d140fba5244f41fb29
seed_976302_C2_PREWRITE_CONTROL_task_038,976302,C2_PREWRITE_CONTROL,38,dialog_trajectories/seed_976302/C2_PREWRITE_CONTROL/task_038.json,mechanism_traces/seed_976302/C2_PREWRITE_CONTROL/task_038.json,0,0,0.007273569999999999,0.014197999999999999,38.566758792003384,870bdec2f29063e4435bb2ac35f766d12aea527d5af9dd029ac4cfab61d767f5,47db3dbee324630ff5dc9b0784b234c6f39f1fd9fbb348867a73dab727513daa
seed_976302_C2_PREWRITE_CONTROL_task_039,976302,C2_PREWRITE_CONTROL,39,dialog_trajectories/seed_976302/C2_PREWRITE_CONTROL/task_039.json,mechanism_traces/seed_976302/C2_PREWRITE_CONTROL/task_039.json,0,0,0.00667865,0.012595999999999998,35.67206716700457,ac157e6a910a4633f25e70a12fdd3a8c2ed374ca2fc2fdc15cd8da67737af748,063a3c21d0b522d75357212f14ec48f25f51baca02615422dd4ddd7a69c539e8
seed_976302_C2_PREWRITE_CONTROL_task_040,976302,C2_PREWRITE_CONTROL,40,dialog_trajectories/seed_976302/C2_PREWRITE_CONTROL/task_040.json,mechanism_traces/seed_976302/C2_PREWRITE_CONTROL/task_040.json,1,1,0.0035581799999999998,0.010946000000000001,23.757290459005162,46c035a2380237c981dcd49f14deecb133b86cb1b3c2693d282d34ee122a9100,d40bd190af8d5ab1d5b4ebeac18714b879dae9b6f84747e68c3ee48fc99cfef5
seed_976302_C2_PREWRITE_CONTROL_task_042,976302,C2_PREWRITE_CONTROL,42,dialog_trajectories/seed_976302/C2_PREWRITE_CONTROL/task_042.json,mechanism_traces/seed_976302/C2_PREWRITE_CONTROL/task_042.json,0,0,0.008286960000000001,0.013269999999999999,44.8345441249985,64c23aa0fee7d6cb06329201bc25b25015e9b8e6e51344cbf7ef331b13a0b39a,a4c0d7838be1b770f37b046cad334ebe9dbfe2eebe162c99d0592e968b3f8b2a
seed_976302_C2_PREWRITE_CONTROL_task_043,976302,C2_PREWRITE_CONTROL,43,dialog_trajectories/seed_976302/C2_PREWRITE_CONTROL/task_043.json,mechanism_traces/seed_976302/C2_PREWRITE_CONTROL/task_043.json,1,1,0.00395369,0.00847,22.33333545800997,fda706e20e3cd32586e69e2ed6d39fa419efaf802ca60d144a6ce61f8ce86b19,0a5a73af8fc0f03f6af6fe0d38edcb232150f08a8d7d5f6d724efcf3a0739e9d
seed_976302_C2_PREWRITE_CONTROL_task_045,976302,C2_PREWRITE_CONTROL,45,dialog_trajectories/seed_976302/C2_PREWRITE_CONTROL/task_045.json,mechanism_traces/seed_976302/C2_PREWRITE_CONTROL/task_045.json,1,1,0.007008440000000001,0.01145,45.44731829200464,46665c19bdd5f11c1480406de16a01f5fa66d429e036179cf8f149d5b530c2d5,d206fdb34c837a70621dd78cdf39c65d04d6c3e8c9261a2de6f2c0919bf62e01
seed_976302_C2_PREWRITE_CONTROL_task_049,976302,C2_PREWRITE_CONTROL,49,dialog_trajectories/seed_976302/C2_PREWRITE_CONTROL/task_049.json,mechanism_traces/seed_976302/C2_PREWRITE_CONTROL/task_049.json,1,1,0.00603886,0.010992,42.00754845899064,29871b1c8ecf56afa464a5d2d8c06b228c2f349f60cdfc557a7191b305dc4e15,97681d54dacc9f0481c13a78c0d9289c200d8d381f5b1a759652878bfcd454be
seed_976302_C2_PREWRITE_CONTROL_task_050,976302,C2_PREWRITE_CONTROL,50,dialog_trajectories/seed_976302/C2_PREWRITE_CONTROL/task_050.json,mechanism_traces/seed_976302/C2_PREWRITE_CONTROL/task_050.json,1,1,0.00290323,0.006312,18.26680154100177,f940493b7d0e7ac827e41e68ca7c1dd4ac5cb118dc1d1407f5d2c9ef7342be7b,a925e925b35398ec17a8e2490169e53cfa0fd04ec9fff527ccfbeaef91f87227
seed_976302_C2_PREWRITE_CONTROL_task_051,976302,C2_PREWRITE_CONTROL,51,dialog_trajectories/seed_976302/C2_PREWRITE_CONTROL/task_051.json,mechanism_traces/seed_976302/C2_PREWRITE_CONTROL/task_051.json,1,1,0.0038832100000000002,0.009412,21.34685316699324,905482a2bd94f40d58f526f9e2e2a606d5279fbaba013fa5362b80433ab40897,a43472bf31f0265f186d55801ca250e396bcc208de8ca76646b811289899e624
seed_976302_C2_PREWRITE_CONTROL_task_053,976302,C2_PREWRITE_CONTROL,53,dialog_trajectories/seed_976302/C2_PREWRITE_CONTROL/task_053.json,mechanism_traces/seed_976302/C2_PREWRITE_CONTROL/task_053.json,1,1,0.00667856,0.015577999999999998,38.80351487499138,f5a26786227521fbfc7daa2d54b35cc1ae9373d3002856d3623d16023b6f09d3,b3f199ac901c4a021f1e2335bde5c0ff8f6de03e15dd9308c638c1555d4a0d0f
seed_976302_C2_PREWRITE_CONTROL_task_054,976302,C2_PREWRITE_CONTROL,54,dialog_trajectories/seed_976302/C2_PREWRITE_CONTROL/task_054.json,mechanism_traces/seed_976302/C2_PREWRITE_CONTROL/task_054.json,1,1,0.010684070000000002,0.009714,48.824716500006616,8b712dcd81dda1d9cc116e4bbfeb73a3b330a6166a2aa5c9d325abb5805f0fce,ea5b7c0501fd70fd19ff28e6830d6747cab2e9800f519e0f374d3d4963f8714f
seed_976302_C2_PREWRITE_CONTROL_task_055,976302,C2_PREWRITE_CONTROL,55,dialog_trajectories/seed_976302/C2_PREWRITE_CONTROL/task_055.json,mechanism_traces/seed_976302/C2_PREWRITE_CONTROL/task_055.json,1,1,0.005853550000000001,0.011512000000000001,37.312442499998724,896abe5ec539e01ea75a5f1de728ca6af96ee34587de4f5542092122591d9837,c93ab933ad607af9c5d40aeab4c43a20c94fc512d0048249cc9f361419d4c795
seed_976302_C2_PREWRITE_CONTROL_task_056,976302,C2_PREWRITE_CONTROL,56,dialog_trajectories/seed_976302/C2_PREWRITE_CONTROL/task_056.json,mechanism_traces/seed_976302/C2_PREWRITE_CONTROL/task_056.json,0,0,0.004009230000000001,0.00698,20.312373084001592,66c657eca025088c48991d6e8a29f332690510ad4bbf5050a9a2793d89791c87,eed1c39fd4cc5a168657ac65b3400c7453029a4b1193f979139f93e28b409095
seed_976302_C2_PREWRITE_CONTROL_task_059,976302,C2_PREWRITE_CONTROL,59,dialog_trajectories/seed_976302/C2_PREWRITE_CONTROL/task_059.json,mechanism_traces/seed_976302/C2_PREWRITE_CONTROL/task_059.json,0,0,0.00460756,0.014001999999999999,33.08909449999919,53d97919b847407247e6caf491b3309d5e38cabe11b291d1f1d7ad06d4ad00e2,7bdabae59f5222e3b8157c771f6f11cb251adfff0a2822fca5c53ce2a45fd29c
seed_976302_C2_PREWRITE_CONTROL_task_060,976302,C2_PREWRITE_CONTROL,60,dialog_trajectories/seed_976302/C2_PREWRITE_CONTROL/task_060.json,mechanism_traces/seed_976302/C2_PREWRITE_CONTROL/task_060.json,1,1,0.004645720000000001,0.008187999999999999,23.20609616699221,640e9fbd1aeb0ae1b96717647b6e4b404920eb858fa6704030b153954f573f64,4c569263a3c7e395de48ef1d68309360bf07455a9d24ea6f49862186726b2f2d
seed_976302_C2_PREWRITE_CONTROL_task_061,976302,C2_PREWRITE_CONTROL,61,dialog_trajectories/seed_976302/C2_PREWRITE_CONTROL/task_061.json,mechanism_traces/seed_976302/C2_PREWRITE_CONTROL/task_061.json,1,1,0.00481639,0.009332,24.981469457998173,4784f68eceb31c139e7722b0e2c69814078eb77d40ab9a34554430f6dd5e0373,35660b5db2cb8b587e93340cdc4acf3493983630f90924b5a58f5aa149d83cad
seed_976302_C2_PREWRITE_CONTROL_task_062,976302,C2_PREWRITE_CONTROL,62,dialog_trajectories/seed_976302/C2_PREWRITE_CONTROL/task_062.json,mechanism_traces/seed_976302/C2_PREWRITE_CONTROL/task_062.json,1,1,0.00708764,0.016423999999999998,46.12585075000243,1f14b468f0c79472d3d5f791a4c12f0dc8b7e30de6a9da4309ee8652b619ad33,9edc639ea4d0a7e0502fcb9870ca545402205de91f485bb99389c002aec6c1b8
seed_976302_C2_PREWRITE_CONTROL_task_064,976302,C2_PREWRITE_CONTROL,64,dialog_trajectories/seed_976302/C2_PREWRITE_CONTROL/task_064.json,mechanism_traces/seed_976302/C2_PREWRITE_CONTROL/task_064.json,1,0,0.006674380000000001,0.019186,42.52435979200527,07e80b119e31b567e55a0928a82254a35e7eda6f1de3914b5c465fc3da0288e4,dd21ddfc286fca92865ab6f143e2de5d5e342f11665355a699b4947fdf7f488b
seed_976302_C2_PREWRITE_CONTROL_task_065,976302,C2_PREWRITE_CONTROL,65,dialog_trajectories/seed_976302/C2_PREWRITE_CONTROL/task_065.json,mechanism_traces/seed_976302/C2_PREWRITE_CONTROL/task_065.json,1,1,0.0021238700000000004,0.0031319999999999994,13.20875220799644,a0ee1d83010c1763531e9bfe985bd6ca1e87d07c7466af4833f1f83b8d7eea2c,83c901364f9bfb00ad0d6adda8cdb6e3740de9adac5a04805b3218aa67c0cf1d
seed_976302_C2_PREWRITE_CONTROL_task_068,976302,C2_PREWRITE_CONTROL,68,dialog_trajectories/seed_976302/C2_PREWRITE_CONTROL/task_068.json,mechanism_traces/seed_976302/C2_PREWRITE_CONTROL/task_068.json,1,1,0.0018180000000000002,0.005246,14.022335208006552,1ef9e1e978cea5844dba05070dd39eab0c4a6630ece1721efe7caa2b3ca72d67,3408879795dc8d0115d4276ba4124e8dbc7d160f2224e238c0ba12354ce0a058
seed_976302_C2_PREWRITE_CONTROL_task_070,976302,C2_PREWRITE_CONTROL,70,dialog_trajectories/seed_976302/C2_PREWRITE_CONTROL/task_070.json,mechanism_traces/seed_976302/C2_PREWRITE_CONTROL/task_070.json,1,1,0.00524784,0.010327999999999999,38.660125082999,9f9fa6313b9c6b2b5c0b52431dce8eca8aae9c8e383a81911e247d101cec16d5,eb4e2ba71f4a960d701f00b8deaf31ddae5b04e1d73b90b281b0dff317e7704b
seed_976302_C2_PREWRITE_CONTROL_task_071,976302,C2_PREWRITE_CONTROL,71,dialog_trajectories/seed_976302/C2_PREWRITE_CONTROL/task_071.json,mechanism_traces/seed_976302/C2_PREWRITE_CONTROL/task_071.json,0,0,0.00831598,0.013408,45.63718416700431,41378857220f955f3de95a7da5b89caccc207006a684054125a7d4dc066054b1,7dfeac6e5fd3d08fbd79b0e6f6321552590beecc9fbe3f1aad0d8baf45edb857
seed_976302_C2_PREWRITE_CONTROL_task_073,976302,C2_PREWRITE_CONTROL,73,dialog_trajectories/seed_976302/C2_PREWRITE_CONTROL/task_073.json,mechanism_traces/seed_976302/C2_PREWRITE_CONTROL/task_073.json,1,1,0.005132920000000001,0.013635999999999999,30.720595040998887,8256380925b11b3368313548bb96b8e490b6e5263473cf35fa58ffe3a2cbd73c,80cf12a4db80e1b4acdfbe556f1ed40ef24a520ac6dd55b5c31e1ee7e418f27f
seed_976302_C2_PREWRITE_CONTROL_task_074,976302,C2_PREWRITE_CONTROL,74,dialog_trajectories/seed_976302/C2_PREWRITE_CONTROL/task_074.json,mechanism_traces/seed_976302/C2_PREWRITE_CONTROL/task_074.json,1,1,0.00891324,0.014483999999999997,45.031092834004085,c0da6f26ca35369ff44f75e1e01a43d6977bb1cd228e9cd40357f32a65473e94,819d07085a0b6e143fe694bd2f6c164d9c0ec0772e36b9fffb143af8490a97e6
seed_976302_C2_PREWRITE_CONTROL_task_075,976302,C2_PREWRITE_CONTROL,75,dialog_trajectories/seed_976302/C2_PREWRITE_CONTROL/task_075.json,mechanism_traces/seed_976302/C2_PREWRITE_CONTROL/task_075.json,1,1,0.00650093,0.012547999999999998,37.27927237501717,9d96e8ed2720e977d0c18a87fa1498700560efbc3b8bf54735928333c8793dab,b64a1b67c09db07ef5d3aba040e36f7171d4640312c35990470a7039043bf8a6
seed_976302_C2_PREWRITE_CONTROL_task_077,976302,C2_PREWRITE_CONTROL,77,dialog_trajectories/seed_976302/C2_PREWRITE_CONTROL/task_077.json,mechanism_traces/seed_976302/C2_PREWRITE_CONTROL/task_077.json,1,1,0.004426120000000001,0.00913,34.475259750004625,c8d37510e94104dba962ff308650c70c26c426692844d894d86c08a347026910,a7763605cc20897165c1532addd3e0ff0fb794ec9d4a61283df780f99c858ed1
seed_976302_C2_PREWRITE_CONTROL_task_079,976302,C2_PREWRITE_CONTROL,79,dialog_trajectories/seed_976302/C2_PREWRITE_CONTROL/task_079.json,mechanism_traces/seed_976302/C2_PREWRITE_CONTROL/task_079.json,0,0,0.00780313,0.012844000000000001,39.10640795799554,66f028696e86c20943068714f84446d6d022f27b1056f2b6367768ef18d493cf,97ebd12da571deb15ea49aac00470472c815c7830dec871a34ec4777293489bb
seed_976302_C2_PREWRITE_CONTROL_task_080,976302,C2_PREWRITE_CONTROL,80,dialog_trajectories/seed_976302/C2_PREWRITE_CONTROL/task_080.json,mechanism_traces/seed_976302/C2_PREWRITE_CONTROL/task_080.json,1,1,0.00681438,0.0168,40.16022558300756,5363d92c1679633da53bcd3826d418f0e2c49c033a65f8333ebfb4910ff55f66,a54f516ce1b81d3a7fc934dfc354fd96a3ce9534f290f5f98f8659a1c0eb85d6
seed_976302_C2_PREWRITE_CONTROL_task_086,976302,C2_PREWRITE_CONTROL,86,dialog_trajectories/seed_976302/C2_PREWRITE_CONTROL/task_086.json,mechanism_traces/seed_976302/C2_PREWRITE_CONTROL/task_086.json,1,1,0.00945042,0.013895999999999999,50.15297375000955,cbbe43c6b1f1ab95c8e8a515a72a3d2b6201239d9ceb9aa0926c83d88f0c9b78,d622c16a287191f468ad56e296d3405d355a5e03fccdf3ccf63dfe6c564ac1cd
seed_976302_C2_PREWRITE_CONTROL_task_087,976302,C2_PREWRITE_CONTROL,87,dialog_trajectories/seed_976302/C2_PREWRITE_CONTROL/task_087.json,mechanism_traces/seed_976302/C2_PREWRITE_CONTROL/task_087.json,1,1,0.00525029,0.011046,25.55968308300362,1885e17957d81442b9c477f9452fa68f28a625c4e64e6a816f736152eae122f2,2f293f807e5cdf46886a5ffab1bc69129caaef878353d64d2ffe1892bb639ca9
seed_976302_C2_PREWRITE_CONTROL_task_090,976302,C2_PREWRITE_CONTROL,90,dialog_trajectories/seed_976302/C2_PREWRITE_CONTROL/task_090.json,mechanism_traces/seed_976302/C2_PREWRITE_CONTROL/task_090.json,0,0,0.0047090100000000005,0.012784,27.37379158299882,7ffdfe0067e013c2febf0841ee448aa761f790335e0e836eaf0153020375c8f4,203681e99760d21136c51b6e30dad147d73baa13b48bd48193a6839f3941063f
seed_976302_C2_PREWRITE_CONTROL_task_091,976302,C2_PREWRITE_CONTROL,91,dialog_trajectories/seed_976302/C2_PREWRITE_CONTROL/task_091.json,mechanism_traces/seed_976302/C2_PREWRITE_CONTROL/task_091.json,0,0,0.00788085,0.013759999999999998,38.4281492500013,85d2328a09ee86da8e2cd0d37692c8de8cbc220a8f61e23ae28390f32c44a2d2,81408df830e0c5c36c0978411abc3d5a91659955083ad8567e97faaaf10d3b69
seed_976302_C2_PREWRITE_CONTROL_task_094,976302,C2_PREWRITE_CONTROL,94,dialog_trajectories/seed_976302/C2_PREWRITE_CONTROL/task_094.json,mechanism_traces/seed_976302/C2_PREWRITE_CONTROL/task_094.json,1,1,0.00667898,0.01371,35.14051370800007,be44cc18d5740dd12c4cded6fe1a49f7cb860fc2e8701e44a51713e71f963825,b79db83e77f08fc2e940016ee2ea7813e9e0d9c06f6b010fe6b80b5bf9b34e4e
seed_976302_C2_PREWRITE_CONTROL_task_095,976302,C2_PREWRITE_CONTROL,95,dialog_trajectories/seed_976302/C2_PREWRITE_CONTROL/task_095.json,mechanism_traces/seed_976302/C2_PREWRITE_CONTROL/task_095.json,1,1,0.0083779,0.016488,44.450873290974414,15b3a9d1a838c474ede360d87accc5ad7eb1501117d1d6d6c27f2fff7ad12950,ff461a84e4136ea9f0fc19e1d27e5f9fcf57d84f45d2fabf3abd721c22e94733
seed_976302_C2_PREWRITE_CONTROL_task_097,976302,C2_PREWRITE_CONTROL,97,dialog_trajectories/seed_976302/C2_PREWRITE_CONTROL/task_097.json,mechanism_traces/seed_976302/C2_PREWRITE_CONTROL/task_097.json,1,1,0.00657822,0.009505999999999999,34.06090066599427,fc46cddd2805b22a6ad91d84d9105e58f937ec383371b682fea7cca67073a55e,1edfe6d4e886326760748b31b3c9bcb88c74a7c2fb56b4623fce6d6af2fb9dd1
seed_976302_C2_PREWRITE_CONTROL_task_099,976302,C2_PREWRITE_CONTROL,99,dialog_trajectories/seed_976302/C2_PREWRITE_CONTROL/task_099.json,mechanism_traces/seed_976302/C2_PREWRITE_CONTROL/task_099.json,0,0,0.019751,0.022488,95.9378405000025,24171594be43bbd6fd88b3fc235b5840274820a1c064fda6d1453d99135c0b16,879220747abd2ced66ed600a2b9ed1a0f289b47b3b2160a07bf5465c7042a150
seed_976302_C2_PREWRITE_CONTROL_task_100,976302,C2_PREWRITE_CONTROL,100,dialog_trajectories/seed_976302/C2_PREWRITE_CONTROL/task_100.json,mechanism_traces/seed_976302/C2_PREWRITE_CONTROL/task_100.json,1,1,0.00883354,0.012535999999999999,41.6889863749966,4dd1ec017e563fd834daa7e85766c871fedaef9ce26f4485ac109a55d1ad81ec,851f7350dd0f498aa2ad3245e23272939729a2b5c5301fd1f73742a9ec3115c8
seed_976302_C2_PREWRITE_CONTROL_task_101,976302,C2_PREWRITE_CONTROL,101,dialog_trajectories/seed_976302/C2_PREWRITE_CONTROL/task_101.json,mechanism_traces/seed_976302/C2_PREWRITE_CONTROL/task_101.json,1,1,0.01069677,0.017634,54.89455033399281,10a04db9cce044e9c6ade9829738f2df23f27db573c8509fdfe5a247038cb95c,803a1755d3e58dfb72d240c6498246448a88d7f128f7a23740c5b1cb7cb1619a
seed_976302_C2_PREWRITE_CONTROL_task_102,976302,C2_PREWRITE_CONTROL,102,dialog_trajectories/seed_976302/C2_PREWRITE_CONTROL/task_102.json,mechanism_traces/seed_976302/C2_PREWRITE_CONTROL/task_102.json,1,1,0.009460180000000002,0.01304,48.36317579098977,b406c92ede64891add69a990b5eac054fcd2e7ebbcb5774da2067db768e195c2,7de202fa8ce1042d24b807992df35b550aea4fe48f4a2b0951e7695793f3dbd0
seed_976302_C2_PREWRITE_CONTROL_task_105,976302,C2_PREWRITE_CONTROL,105,dialog_trajectories/seed_976302/C2_PREWRITE_CONTROL/task_105.json,mechanism_traces/seed_976302/C2_PREWRITE_CONTROL/task_105.json,0,0,0.005722380000000002,0.013364,29.013037249998888,4ad8afc5ab55bd38d261d76940babd2a7b1fb8fcf9a38c114571267e5c964d73,267be0c7f9940ee6b29addeb3b6a685c5c254421d3f2a8f754b1eaaf5467fc44
seed_976302_C2_PREWRITE_CONTROL_task_108,976302,C2_PREWRITE_CONTROL,108,dialog_trajectories/seed_976302/C2_PREWRITE_CONTROL/task_108.json,mechanism_traces/seed_976302/C2_PREWRITE_CONTROL/task_108.json,0,0,0.0067211,0.018496,39.4009537499951,f52f493d23c2d730ed3244fe16c039cb987175d840103c23698f75a33a50ff4c,3f72451be42d0fb20ca2a1496aaaf863e27712f48118f04fd7dffb5160f7ace7
seed_976302_C2_PREWRITE_CONTROL_task_111,976302,C2_PREWRITE_CONTROL,111,dialog_trajectories/seed_976302/C2_PREWRITE_CONTROL/task_111.json,mechanism_traces/seed_976302/C2_PREWRITE_CONTROL/task_111.json,1,1,0.011828679999999998,0.015384,64.3501780420047,09c9541e07de45447f94070f9640795ccc1712f0824c1f465a67dce03134bd03,66cf6a9748b9589e1d0900b57174f4592d0ac340737c1e4cbedd2dd940c6bda1
seed_976302_C2_PREWRITE_CONTROL_task_113,976302,C2_PREWRITE_CONTROL,113,dialog_trajectories/seed_976302/C2_PREWRITE_CONTROL/task_113.json,mechanism_traces/seed_976302/C2_PREWRITE_CONTROL/task_113.json,1,1,0.0046834699999999995,0.0075060000000000005,26.508207582999603,0439b5305169e94a2122c7d0921d9236c768cdfcddf441ed6948c6d0356e9cb8,f19c0d75b18a77b05c6b378b494a6f2da6f88551a88d627d42eb8cdc4fd577b5
seed_976302_C3_COMBINED_INTERVENTION_task_000,976302,C3_COMBINED_INTERVENTION,0,dialog_trajectories/seed_976302/C3_COMBINED_INTERVENTION/task_000.json,mechanism_traces/seed_976302/C3_COMBINED_INTERVENTION/task_000.json,1,1,0.01191182,0.011186,54.128776249999646,960b07c343161563973de28bc3029eee662900d8c23ebfe44b1b3c7c201085e9,5ba3c89cf6c113769543d0bd17562375a7d80aaf6a7696fde6474801a0f4853e
seed_976302_C3_COMBINED_INTERVENTION_task_001,976302,C3_COMBINED_INTERVENTION,1,dialog_trajectories/seed_976302/C3_COMBINED_INTERVENTION/task_001.json,mechanism_traces/seed_976302/C3_COMBINED_INTERVENTION/task_001.json,1,1,0.009465310000000001,0.01056,48.213356207998004,bf1af319914933837b64284472ec25c4a53e04af74f3123de8ddca01eda539f6,ced6ad125402a4705e1c06cc84f17e3be2612cff63dfe9e46948833c419bd370
seed_976302_C3_COMBINED_INTERVENTION_task_002,976302,C3_COMBINED_INTERVENTION,2,dialog_trajectories/seed_976302/C3_COMBINED_INTERVENTION/task_002.json,mechanism_traces/seed_976302/C3_COMBINED_INTERVENTION/task_002.json,0,0,0.006478310000000001,0.01692,47.41737541698967,fd48000c80cbeae5282c120a624a0cff70da10ea2a445d60f8d9958d298c6c77,7746424ac77f259caaa62debffeddbe7b93f611af402680e27c43a3478ff4322
seed_976302_C3_COMBINED_INTERVENTION_task_003,976302,C3_COMBINED_INTERVENTION,3,dialog_trajectories/seed_976302/C3_COMBINED_INTERVENTION/task_003.json,mechanism_traces/seed_976302/C3_COMBINED_INTERVENTION/task_003.json,1,1,0.009651820000000002,0.011078000000000001,50.588733625016175,e32e8d1c772aa615ba309a183dd94c30697d7d67e89ec465e28b279aa36ffa98,02caad9b32135f2b7865abf4c69f88d043dfb624d3e59f7ae1a93969f6203d17
seed_976302_C3_COMBINED_INTERVENTION_task_004,976302,C3_COMBINED_INTERVENTION,4,dialog_trajectories/seed_976302/C3_COMBINED_INTERVENTION/task_004.json,mechanism_traces/seed_976302/C3_COMBINED_INTERVENTION/task_004.json,1,1,0.011259720000000003,0.011422,62.01399858301738,ebddb454330ff8891e483f7045a71e6f6af0248a0d479ddafc04547f04728016,fab59c6d09264f16112a745985f2b5a287bfdcb056469994b4f8e14319f4f4aa
seed_976302_C3_COMBINED_INTERVENTION_task_005,976302,C3_COMBINED_INTERVENTION,5,dialog_trajectories/seed_976302/C3_COMBINED_INTERVENTION/task_005.json,mechanism_traces/seed_976302/C3_COMBINED_INTERVENTION/task_005.json,1,1,0.0135501,0.014517999999999998,59.84235674999945,f137b5ee9564fd2906b2de7e1cc33e349911c41b605959f3f986517fc54466ce,71bf1702570225fe437671c387f81fd1372dcca5409e51108f3aae69c1c65aa1
seed_976302_C3_COMBINED_INTERVENTION_task_006,976302,C3_COMBINED_INTERVENTION,6,dialog_trajectories/seed_976302/C3_COMBINED_INTERVENTION/task_006.json,mechanism_traces/seed_976302/C3_COMBINED_INTERVENTION/task_006.json,1,1,0.01030004,0.013998,127.9321644169977,8f5bf076bcb13f696a368dea05e5b30eea962221471044996157514e48acad5d,5ae615f5c87d5d063b31fa2c20e1bda76cac771939229ece402527d80069f6ac
seed_976302_C3_COMBINED_INTERVENTION_task_007,976302,C3_COMBINED_INTERVENTION,7,dialog_trajectories/seed_976302/C3_COMBINED_INTERVENTION/task_007.json,mechanism_traces/seed_976302/C3_COMBINED_INTERVENTION/task_007.json,1,1,0.01151284,0.015312,64.49092574999668,c4e0c9610e44d35b3b4e5213a8ad217af0cb4130aebeb95551e1636a3262086a,2fe5ed1d64070189a4c241904242fa13ebc2a269f0d83dc51f9221df53902c41
seed_976302_C3_COMBINED_INTERVENTION_task_008,976302,C3_COMBINED_INTERVENTION,8,dialog_trajectories/seed_976302/C3_COMBINED_INTERVENTION/task_008.json,mechanism_traces/seed_976302/C3_COMBINED_INTERVENTION/task_008.json,1,1,0.01217375,0.018321999999999998,73.4714755419991,6833a86948c173a3525f2d974228e2d4821ab5d17dc74565cdee909108220919,715a8935f7028dadc6f286e8e41fbbab815fcf95a0c000fa60e6fb6f3cb59c50
seed_976302_C3_COMBINED_INTERVENTION_task_009,976302,C3_COMBINED_INTERVENTION,9,dialog_trajectories/seed_976302/C3_COMBINED_INTERVENTION/task_009.json,mechanism_traces/seed_976302/C3_COMBINED_INTERVENTION/task_009.json,1,1,0.01048785,0.015833999999999997,56.13341783299984,fb791e14b6a4a834a8dcfc71fb5be2386fa806d4c96c51a9f154bafa00c3aad0,d235675633ee5f98dd9be6851565296b59919e8ebc2720eb7fcb5f6ccfa7136e
seed_976302_C3_COMBINED_INTERVENTION_task_010,976302,C3_COMBINED_INTERVENTION,10,dialog_trajectories/seed_976302/C3_COMBINED_INTERVENTION/task_010.json,mechanism_traces/seed_976302/C3_COMBINED_INTERVENTION/task_010.json,1,1,0.00638661,0.009876,36.716794833977474,21df82cbc914332420fe468b78ef95e0ff13e6cd0fab8f5c71088772fa614bb2,64c020de1e044deb5744edc1ff7f11bee551289fd1b29db0784aa199ad17def6
seed_976302_C3_COMBINED_INTERVENTION_task_011,976302,C3_COMBINED_INTERVENTION,11,dialog_trajectories/seed_976302/C3_COMBINED_INTERVENTION/task_011.json,mechanism_traces/seed_976302/C3_COMBINED_INTERVENTION/task_011.json,1,1,0.006767689999999999,0.008912,32.63278829099727,69b5859076b2b2d95926446f16a339b2d1962aff1c299eabdb93ba2cb5a8b27c,3b0b0aafa1d607c3f096442eb00a0d601a7ae97758ba7fa5bc924478d65835c5
seed_976302_C3_COMBINED_INTERVENTION_task_012,976302,C3_COMBINED_INTERVENTION,12,dialog_trajectories/seed_976302/C3_COMBINED_INTERVENTION/task_012.json,mechanism_traces/seed_976302/C3_COMBINED_INTERVENTION/task_012.json,1,1,0.005966099999999999,0.008952,30.512955499987584,9f4da8e4319d7d819a7e974cc89d90980b2a4bb60dfcc04544a01ec74a15c38c,e3ea93e068774febea33f42e9f6ffadef643a54e180bcdcfc3fe8249c54db7c8
seed_976302_C3_COMBINED_INTERVENTION_task_013,976302,C3_COMBINED_INTERVENTION,13,dialog_trajectories/seed_976302/C3_COMBINED_INTERVENTION/task_013.json,mechanism_traces/seed_976302/C3_COMBINED_INTERVENTION/task_013.json,0,0,0.00732787,0.012264,45.16348745799041,37e570c09633ac6bf00bbe7bac8c6c36f4820955bbd9aa869c3100db6228cf42,c7032bd101dddffd38fee9e01c6bdff072dfaff93d70db8d55624df205fda8d6
seed_976302_C3_COMBINED_INTERVENTION_task_014,976302,C3_COMBINED_INTERVENTION,14,dialog_trajectories/seed_976302/C3_COMBINED_INTERVENTION/task_014.json,mechanism_traces/seed_976302/C3_COMBINED_INTERVENTION/task_014.json,0,0,0.00779568,0.011584,41.43810008300352,078b8ef10bb549794d8fbfd200cce8650c6183fd15e9c038a9f16a64ad71d9b1,78e5c8212d95a92005c9bbade7b63745ea62585cc3f326d500e007e6aa22fcd4
seed_976302_C3_COMBINED_INTERVENTION_task_015,976302,C3_COMBINED_INTERVENTION,15,dialog_trajectories/seed_976302/C3_COMBINED_INTERVENTION/task_015.json,mechanism_traces/seed_976302/C3_COMBINED_INTERVENTION/task_015.json,0,0,0.011292139999999999,0.01353,55.49529387499206,c5f77f28c64710933da13f8e73246aabb9c089c1a80305b343113162f807b716,fe03d94d8a4b2d1f2d9bab7b25df47aa01fe1385cd73ba61d4e16f3dd169597a
seed_976302_C3_COMBINED_INTERVENTION_task_016,976302,C3_COMBINED_INTERVENTION,16,dialog_trajectories/seed_976302/C3_COMBINED_INTERVENTION/task_016.json,mechanism_traces/seed_976302/C3_COMBINED_INTERVENTION/task_016.json,1,1,0.009741640000000001,0.009388,41.57493320800131,ee51ef8153df1f680c27af7db2b9f3e15ed75f2727d907e079e0537c294e4d46,34e69ddfd10f6405ace6c9298394923654e46e3e6596cbc7eade14ededd19915
seed_976302_C3_COMBINED_INTERVENTION_task_017,976302,C3_COMBINED_INTERVENTION,17,dialog_trajectories/seed_976302/C3_COMBINED_INTERVENTION/task_017.json,mechanism_traces/seed_976302/C3_COMBINED_INTERVENTION/task_017.json,1,1,0.0052466200000000004,0.010017999999999999,28.859211916991626,28b2a1dc56fc02538621b39358f1c9cc2f393213c1e66010477510e7ebe3251c,b64f060d105bc52a6a1710b3db6120dd5d846c19faafa3b01aaaa1c950d17b1c
seed_976302_C3_COMBINED_INTERVENTION_task_018,976302,C3_COMBINED_INTERVENTION,18,dialog_trajectories/seed_976302/C3_COMBINED_INTERVENTION/task_018.json,mechanism_traces/seed_976302/C3_COMBINED_INTERVENTION/task_018.json,1,1,0.01013429,0.016779999999999996,49.06148191700049,bf8a53511169fa699bd6c667d0329350457c6461e5332229d812c0cd9b7d262c,f2e0f72c55d85aa1365a77c9b742a7fbcec1af2e51e0d6f0f97a6ad8d18998d6
seed_976302_C3_COMBINED_INTERVENTION_task_019,976302,C3_COMBINED_INTERVENTION,19,dialog_trajectories/seed_976302/C3_COMBINED_INTERVENTION/task_019.json,mechanism_traces/seed_976302/C3_COMBINED_INTERVENTION/task_019.json,1,1,0.0131748,0.009389999999999999,55.79661004099762,8fca92343ad2b41dfcfb6397df76e25e69a9ed54b5d7dc30ccff54989b952b84,525b51d472471a889a7b6b08627044e074b4a18075a767d1610439a6a4aa0c79
seed_976302_C3_COMBINED_INTERVENTION_task_020,976302,C3_COMBINED_INTERVENTION,20,dialog_trajectories/seed_976302/C3_COMBINED_INTERVENTION/task_020.json,mechanism_traces/seed_976302/C3_COMBINED_INTERVENTION/task_020.json,0,0,0.0025216500000000003,0.005546000000000001,16.78695991699351,0609fd59480d22462184f3d0d35cd8b619a9878a30c4a2cbd2f250b8397543a6,66345dcf918a78bdd289012044b9483dadb048a9caa2ed6e3e5b4fae33475e23
seed_976302_C3_COMBINED_INTERVENTION_task_021,976302,C3_COMBINED_INTERVENTION,21,dialog_trajectories/seed_976302/C3_COMBINED_INTERVENTION/task_021.json,mechanism_traces/seed_976302/C3_COMBINED_INTERVENTION/task_021.json,1,1,0.01640308,0.015536,88.71380679201684,14975149ac9d2eebaaccacfc6534be7829199d4604d40fcbec79c893006f8763,f28e25f4f9a8e510df15d8c8a00f52b2fdf4c3eb614d0e628dea32a5fbee2a78
seed_976302_C3_COMBINED_INTERVENTION_task_022,976302,C3_COMBINED_INTERVENTION,22,dialog_trajectories/seed_976302/C3_COMBINED_INTERVENTION/task_022.json,mechanism_traces/seed_976302/C3_COMBINED_INTERVENTION/task_022.json,1,1,0.01049918,0.011582,42.704927584010875,5553b21b220fe33acc0be402b773c6217d0a1b017208814d22b896607cb45399,69ff5221f09b63485cb80683816332799e394d86ee16599e1fff53f7057fb47c
seed_976302_C3_COMBINED_INTERVENTION_task_023,976302,C3_COMBINED_INTERVENTION,23,dialog_trajectories/seed_976302/C3_COMBINED_INTERVENTION/task_023.json,mechanism_traces/seed_976302/C3_COMBINED_INTERVENTION/task_023.json,1,1,0.01538919,0.011592,62.754428791988175,fc4a4292f970cf5d58b9c479de15e2aa060da0474a3bc4cb18b4c4c850143bdd,6f634e172e1976f38e16254c316403bea742d79fe413f7da688d9314ce4117f1
seed_976302_C3_COMBINED_INTERVENTION_task_024,976302,C3_COMBINED_INTERVENTION,24,dialog_trajectories/seed_976302/C3_COMBINED_INTERVENTION/task_024.json,mechanism_traces/seed_976302/C3_COMBINED_INTERVENTION/task_024.json,1,1,0.006687500000000001,0.015044,44.511122666997835,073dce8db7bfe140f7e9f310156afd4734d53fb27028b89604f020540180d652,819e3cb246c63596e1884d634cec55c3393fc651e51f73bb4bdddfe88c076964
seed_976302_C3_COMBINED_INTERVENTION_task_025,976302,C3_COMBINED_INTERVENTION,25,dialog_trajectories/seed_976302/C3_COMBINED_INTERVENTION/task_025.json,mechanism_traces/seed_976302/C3_COMBINED_INTERVENTION/task_025.json,1,1,0.006571940000000001,0.007806,36.06975458399393,0a3ab4c6d5e3bc474894a9f50c7811f0c3ff062a9d228c69b878892cb177feaa,f5fe3b91f9f9b1f8f9c13fd6c289887ef929d455e3cbf72e6451f2dd7f7d2972
seed_976302_C3_COMBINED_INTERVENTION_task_026,976302,C3_COMBINED_INTERVENTION,26,dialog_trajectories/seed_976302/C3_COMBINED_INTERVENTION/task_026.json,mechanism_traces/seed_976302/C3_COMBINED_INTERVENTION/task_026.json,1,1,0.00678122,0.010971999999999999,30.61425812500238,5c1195c50d5d3ebffa4cab52c2100f95d0d6f1385998e783fae9e1e1356c25d1,66bc09419ca78098f91a34e59ce2729fc24a0c91785f2f07fe6433378aa8788e
seed_976302_C3_COMBINED_INTERVENTION_task_027,976302,C3_COMBINED_INTERVENTION,27,dialog_trajectories/seed_976302/C3_COMBINED_INTERVENTION/task_027.json,mechanism_traces/seed_976302/C3_COMBINED_INTERVENTION/task_027.json,0,0,0.01122042,0.0072039999999999995,47.19822429200576,04f4af6e9fac81ded7108fa75dc921f02ae995aedc107b31da781fb7c06c9f3f,57bf8dcc3d788dc5cc70b8f4b69251b8f2d2992cb8d761b3d575ef6fbe879bb8
seed_976302_C3_COMBINED_INTERVENTION_task_028,976302,C3_COMBINED_INTERVENTION,28,dialog_trajectories/seed_976302/C3_COMBINED_INTERVENTION/task_028.json,mechanism_traces/seed_976302/C3_COMBINED_INTERVENTION/task_028.json,1,1,0.01483992,0.026675999999999995,74.44697216700297,26de6ddb5bcb1aab5ba91b90234a86db7843aecbabb814be2274c4327293de4d,fc1f608d23067d789aa0efa36cc7348ab63f52361524b463b4195ff94d18ef09
seed_976302_C3_COMBINED_INTERVENTION_task_029,976302,C3_COMBINED_INTERVENTION,29,dialog_trajectories/seed_976302/C3_COMBINED_INTERVENTION/task_029.json,mechanism_traces/seed_976302/C3_COMBINED_INTERVENTION/task_029.json,1,1,0.01416297,0.011753999999999999,177.1187856250035,a0f6599c2f7cde660e6351f499d2fe1bb37c36e53949f595d7ec55c037a7eb3e,752bb18aca046ca6ecc1351a4ca690d6c0922d99973d779104b9c665e79980e5
seed_976302_C3_COMBINED_INTERVENTION_task_030,976302,C3_COMBINED_INTERVENTION,30,dialog_trajectories/seed_976302/C3_COMBINED_INTERVENTION/task_030.json,mechanism_traces/seed_976302/C3_COMBINED_INTERVENTION/task_030.json,1,1,0.01856242,0.022366,83.05492762499489,de3a15883401528296858f32eb1ccca6ae8e7ff2778181098d0ee3ffb43d28bc,0564a5a1ae69e379c71449d3de29f4f2e7b62fa479dc26131377c33f7676c2e5
seed_976302_C3_COMBINED_INTERVENTION_task_031,976302,C3_COMBINED_INTERVENTION,31,dialog_trajectories/seed_976302/C3_COMBINED_INTERVENTION/task_031.json,mechanism_traces/seed_976302/C3_COMBINED_INTERVENTION/task_031.json,0,0,0.009700190000000001,0.017434,45.25026975000219,808284b58f344d8a3c8384bdd3b9327d1d56319c317e318ec95a393a2a953661,e2b7c83e3cc56bcd83bc262e946107913cb79c09d9cd2c037c39c1a0540ca767
seed_976302_C3_COMBINED_INTERVENTION_task_032,976302,C3_COMBINED_INTERVENTION,32,dialog_trajectories/seed_976302/C3_COMBINED_INTERVENTION/task_032.json,mechanism_traces/seed_976302/C3_COMBINED_INTERVENTION/task_032.json,0,0,0.006039210000000001,0.009906,32.06623654199939,d56375e990adf9bfea974439e3d4f821db560c6a27d8ae08ffb60015727a52b5,b6f68080e0e04d4120a1c1644a144742658aba7273575a7c8a80b4966fd86d67
seed_976302_C3_COMBINED_INTERVENTION_task_033,976302,C3_COMBINED_INTERVENTION,33,dialog_trajectories/seed_976302/C3_COMBINED_INTERVENTION/task_033.json,mechanism_traces/seed_976302/C3_COMBINED_INTERVENTION/task_033.json,1,1,0.00789194,0.013738,39.77595145899977,ec3b3a0d27f5ab1466dfbf8aade3b0ebc2c0e268ea00fbcc7e308caf0477104e,375283e85f06a160b310d23fa6687d4f3b8fd50944b84a31762f81b586430715
seed_976302_C3_COMBINED_INTERVENTION_task_034,976302,C3_COMBINED_INTERVENTION,34,dialog_trajectories/seed_976302/C3_COMBINED_INTERVENTION/task_034.json,mechanism_traces/seed_976302/C3_COMBINED_INTERVENTION/task_034.json,0,0,0.00913688,0.023722,56.11526179200155,119729573f9004c37460845e19ba1ef076935e9864069ad171050e8a21bb8459,2ee25d574af85b5934f2fa332062001dc84d82464a27546e5950c341493bb04d
seed_976302_C3_COMBINED_INTERVENTION_task_035,976302,C3_COMBINED_INTERVENTION,35,dialog_trajectories/seed_976302/C3_COMBINED_INTERVENTION/task_035.json,mechanism_traces/seed_976302/C3_COMBINED_INTERVENTION/task_035.json,1,1,0.02011593,0.019715999999999997,95.82236866600579,685b25b958e1fc60e19fce0159bd1c26291802d96c53729db959dde2f09dfc74,7b8a3de3af527e943151cdb340767135786d217f377c7fc0ccac4f721aaa5498
seed_976302_C3_COMBINED_INTERVENTION_task_036,976302,C3_COMBINED_INTERVENTION,36,dialog_trajectories/seed_976302/C3_COMBINED_INTERVENTION/task_036.json,mechanism_traces/seed_976302/C3_COMBINED_INTERVENTION/task_036.json,1,1,0.01773322,0.021863999999999998,72.5677202079969,f1052d2ac52b2526c64ce7c535958d620372fb92d3d402d788857fd7bae12523,611da291b3829f102bfdcfaee3a82d05e3dd100250d7934825cd3ab697a5e7bc
seed_976302_C3_COMBINED_INTERVENTION_task_038,976302,C3_COMBINED_INTERVENTION,38,dialog_trajectories/seed_976302/C3_COMBINED_INTERVENTION/task_038.json,mechanism_traces/seed_976302/C3_COMBINED_INTERVENTION/task_038.json,0,0,0.014260250000000002,0.021007999999999995,66.24397237499943,f907d37a8dee102a6d122dadc11b28db36078dc39e0da3e21dfcd91465bbc3ae,7d1ca84d74423ac330491b5309920252513f7551d19e271a16b4dec97d446afe
seed_976302_C3_COMBINED_INTERVENTION_task_039,976302,C3_COMBINED_INTERVENTION,39,dialog_trajectories/seed_976302/C3_COMBINED_INTERVENTION/task_039.json,mechanism_traces/seed_976302/C3_COMBINED_INTERVENTION/task_039.json,1,1,0.01108839,0.012407999999999999,51.23092883299978,73804fdb157b4c6d4f8393dfb7110b21d00bca29fc3812ec6ebfc75d124d068c,f5eeaca362ae68822e5467bbeb02b20c6ba5ac873ec402b81decab3566238690
seed_976302_C3_COMBINED_INTERVENTION_task_040,976302,C3_COMBINED_INTERVENTION,40,dialog_trajectories/seed_976302/C3_COMBINED_INTERVENTION/task_040.json,mechanism_traces/seed_976302/C3_COMBINED_INTERVENTION/task_040.json,1,1,0.005020510000000001,0.00972,28.385498499992536,d8fa1259285ce7abad95bddc8e40ce5c762ce6c3b361f96737cc6e31e319eaa0,cad1ba60df094175df5236921cde1bf39aee503430b00f024dd9252830ac4ae4
seed_976302_C3_COMBINED_INTERVENTION_task_042,976302,C3_COMBINED_INTERVENTION,42,dialog_trajectories/seed_976302/C3_COMBINED_INTERVENTION/task_042.json,mechanism_traces/seed_976302/C3_COMBINED_INTERVENTION/task_042.json,1,1,0.01260703,0.019267999999999997,54.70769645899418,aa08a33548762e7905f40ac8080385e77417523768d079cc443251543b868a26,26a9cb5542317dfa6fce54ed00fd4f683c55f73f7a0af4d99ad42ec61a70a350
seed_976302_C3_COMBINED_INTERVENTION_task_043,976302,C3_COMBINED_INTERVENTION,43,dialog_trajectories/seed_976302/C3_COMBINED_INTERVENTION/task_043.json,mechanism_traces/seed_976302/C3_COMBINED_INTERVENTION/task_043.json,0,0,0.01379963,0.017551999999999998,72.84151450000354,7fe8b19af38228370a28a55b53f4c5e37efbd5c37f3ba56cb76e59698fa93bd8,210b9e3e12a9597db9acfad2e91a79327493b0dec12db3175364c3450d8f94df
seed_976302_C3_COMBINED_INTERVENTION_task_045,976302,C3_COMBINED_INTERVENTION,45,dialog_trajectories/seed_976302/C3_COMBINED_INTERVENTION/task_045.json,mechanism_traces/seed_976302/C3_COMBINED_INTERVENTION/task_045.json,1,1,0.00786362,0.013191999999999999,38.42296579199319,2c8a9578e7df36e20e25df1f543574bac41c5fb9fd7adb73d7f964aa6aba368c,10ef2da2c86c68bef5fa77d7f325278a86df89ab4432b2d55894d201c945a337
seed_976302_C3_COMBINED_INTERVENTION_task_049,976302,C3_COMBINED_INTERVENTION,49,dialog_trajectories/seed_976302/C3_COMBINED_INTERVENTION/task_049.json,mechanism_traces/seed_976302/C3_COMBINED_INTERVENTION/task_049.json,1,1,0.011464219999999999,0.01691,55.87854587499169,27d1e50c963bfd7a7b1df998126f6c5e16cc53b2dcd83044910d1d95133fda38,5866765d8b0604d9024a64510380949a2c94175ceab2226fc6d8cea79f5567af
seed_976302_C3_COMBINED_INTERVENTION_task_050,976302,C3_COMBINED_INTERVENTION,50,dialog_trajectories/seed_976302/C3_COMBINED_INTERVENTION/task_050.json,mechanism_traces/seed_976302/C3_COMBINED_INTERVENTION/task_050.json,1,1,0.0021027700000000003,0.003912,13.481347582986928,dc4cb5a6fa93326a5267c335e9c650457730aaef419bf026c82cba67ebe2b7fc,a2d17adb68eca4ba835c2a0f387347ed1131f70653f4e332d40ac6ecddd29485
seed_976302_C3_COMBINED_INTERVENTION_task_051,976302,C3_COMBINED_INTERVENTION,51,dialog_trajectories/seed_976302/C3_COMBINED_INTERVENTION/task_051.json,mechanism_traces/seed_976302/C3_COMBINED_INTERVENTION/task_051.json,1,1,0.00626989,0.008708,34.79669454200484,6542e3627eacf851fc0fb979afda5e26eba34f008d48db27dda6c1efd0b7aab8,0323b3078216338e02b831e895b31e23859368f6fdd992a5ff9468fe97ddea8b
seed_976302_C3_COMBINED_INTERVENTION_task_053,976302,C3_COMBINED_INTERVENTION,53,dialog_trajectories/seed_976302/C3_COMBINED_INTERVENTION/task_053.json,mechanism_traces/seed_976302/C3_COMBINED_INTERVENTION/task_053.json,1,1,0.00654531,0.015211999999999998,44.46374008299608,702d40f021873edf0b2c80e91170af1019908a9cfbaffb618285694a92883ae5,3691275f001730936833fb83527b0f743d2eed0542efb0972711c2d5ead05ef3
seed_976302_C3_COMBINED_INTERVENTION_task_054,976302,C3_COMBINED_INTERVENTION,54,dialog_trajectories/seed_976302/C3_COMBINED_INTERVENTION/task_054.json,mechanism_traces/seed_976302/C3_COMBINED_INTERVENTION/task_054.json,1,1,0.01572142,0.009866000000000002,62.96088008399238,2e28ac59c5bd5e011e9beaaee0cd45b3fc7998b4d3777d575fdfdcdfb71bb7d1,ddb804c612c4136e91cfe2ac3cce64879775dd54e1457915f5a85396ccb1c91c
seed_976302_C3_COMBINED_INTERVENTION_task_055,976302,C3_COMBINED_INTERVENTION,55,dialog_trajectories/seed_976302/C3_COMBINED_INTERVENTION/task_055.json,mechanism_traces/seed_976302/C3_COMBINED_INTERVENTION/task_055.json,1,1,0.018399710000000003,0.019486,68.67743741700542,bbf0239c2fd6b1099d66e3538f319b6232c94d834a3100d78d39f6bfd01cffcb,c341eee0a539c422cc8fceef8f1f0b8c49684926f6eac57a0bba3223a8d6560e
seed_976302_C3_COMBINED_INTERVENTION_task_056,976302,C3_COMBINED_INTERVENTION,56,dialog_trajectories/seed_976302/C3_COMBINED_INTERVENTION/task_056.json,mechanism_traces/seed_976302/C3_COMBINED_INTERVENTION/task_056.json,1,1,0.01061873,0.010382,52.339017749996856,e11d8e68029efbc0860502da9592af63452bb1b4248d52b745550a32762540ba,6f34a85168cd0b4568a7e141055169eec3cadf45d8a1922260ff0c1b90a69a97
seed_976302_C3_COMBINED_INTERVENTION_task_059,976302,C3_COMBINED_INTERVENTION,59,dialog_trajectories/seed_976302/C3_COMBINED_INTERVENTION/task_059.json,mechanism_traces/seed_976302/C3_COMBINED_INTERVENTION/task_059.json,0,0,0.008091270000000001,0.011758000000000001,45.08145725000941,55c7333e9ac38a2e02804faf4bdb0e6ddf2e2859e753add0fa22b71ce748118e,5875b6e926454fdee5794742ed5b807da42df1b720fed991f0645175122c2442
seed_976302_C3_COMBINED_INTERVENTION_task_060,976302,C3_COMBINED_INTERVENTION,60,dialog_trajectories/seed_976302/C3_COMBINED_INTERVENTION/task_060.json,mechanism_traces/seed_976302/C3_COMBINED_INTERVENTION/task_060.json,1,1,0.007205670000000001,0.00882,34.37176379098673,a8bf74f16ba503edba30468533bf46139f3acfb9e80c797298ac5f66ab3095c3,e8fe0e418ec9c5640051fbf81f87d8f7de9d986721ffa83e9a7b45bc95ed69db
seed_976302_C3_COMBINED_INTERVENTION_task_061,976302,C3_COMBINED_INTERVENTION,61,dialog_trajectories/seed_976302/C3_COMBINED_INTERVENTION/task_061.json,mechanism_traces/seed_976302/C3_COMBINED_INTERVENTION/task_061.json,1,1,0.00595183,0.005188,27.967738000006648,a5c4b2ac95c3507e53966f2bbb013f11b3ecdf21579c97bbe55eb395e9b781a8,b882e2a94e4b3a66d383c327b11d8b81169c273b2d09e7a13897a16802933560
seed_976302_C3_COMBINED_INTERVENTION_task_062,976302,C3_COMBINED_INTERVENTION,62,dialog_trajectories/seed_976302/C3_COMBINED_INTERVENTION/task_062.json,mechanism_traces/seed_976302/C3_COMBINED_INTERVENTION/task_062.json,1,1,0.00609149,0.012063999999999998,41.012583957999595,0c6b782c03f949dbbefbf59af6b7015e00a4eb53ba8932d69abc73a9070637f0,6e114541c85501b5e259c7f31017ee21d4d55c964e3c06e07382fa363e254bb8
seed_976302_C3_COMBINED_INTERVENTION_task_064,976302,C3_COMBINED_INTERVENTION,64,dialog_trajectories/seed_976302/C3_COMBINED_INTERVENTION/task_064.json,mechanism_traces/seed_976302/C3_COMBINED_INTERVENTION/task_064.json,1,0,0.00893718,0.010492,48.56237383399275,a3cbe8e6d79091941528651f21c1d8455a63a6b6ae93716ee22f8ceca1273670,f95c06dc16bae4ee898abf7beb4f48e5baa1fb576a3053184439aeb6cc0c08fe
seed_976302_C3_COMBINED_INTERVENTION_task_065,976302,C3_COMBINED_INTERVENTION,65,dialog_trajectories/seed_976302/C3_COMBINED_INTERVENTION/task_065.json,mechanism_traces/seed_976302/C3_COMBINED_INTERVENTION/task_065.json,1,1,0.0050317,0.00583,35.51661612499447,1038b9310ecf351831f0f928bd8ff2c7bc9e3e724c4bb956327cbab7977b1e20,8f6f1cf048c3cd2a2c75ccf7410d8aaf2f77fe9deb2b906bf4ca7a9802517015
seed_976302_C3_COMBINED_INTERVENTION_task_068,976302,C3_COMBINED_INTERVENTION,68,dialog_trajectories/seed_976302/C3_COMBINED_INTERVENTION/task_068.json,mechanism_traces/seed_976302/C3_COMBINED_INTERVENTION/task_068.json,1,1,0.0020317200000000003,0.005324,14.417158084004768,6176bbe827bb5dc4aa176f1d96da6e872dea9394829b85a4b38e5dee0b9a1da9,42c834cff99d7f5f467abba24d54bd2fd1df03e6ed8c2b468fd63dae48417cf9
seed_976302_C3_COMBINED_INTERVENTION_task_070,976302,C3_COMBINED_INTERVENTION,70,dialog_trajectories/seed_976302/C3_COMBINED_INTERVENTION/task_070.json,mechanism_traces/seed_976302/C3_COMBINED_INTERVENTION/task_070.json,1,1,0.0067694,0.011399999999999999,36.33131491699896,42ff7eb8011fae42a3b992566dca4f4a208dd1cb499a4dc957c2e626c47c626d,6a67174b046097da86aac4065c8b4363ed8c47ca13ac26189d3f06263218228f
seed_976302_C3_COMBINED_INTERVENTION_task_071,976302,C3_COMBINED_INTERVENTION,71,dialog_trajectories/seed_976302/C3_COMBINED_INTERVENTION/task_071.json,mechanism_traces/seed_976302/C3_COMBINED_INTERVENTION/task_071.json,0,0,0.011706839999999998,0.016846,61.4538440000033,e6ce960f8e83eff066d06cbed8de4bd405985005a5c53aac1e4ac732f8daff34,aec9457d57b3e2f71e802fccd394008f75607746cce526131418c574fcfadc48
seed_976302_C3_COMBINED_INTERVENTION_task_073,976302,C3_COMBINED_INTERVENTION,73,dialog_trajectories/seed_976302/C3_COMBINED_INTERVENTION/task_073.json,mechanism_traces/seed_976302/C3_COMBINED_INTERVENTION/task_073.json,1,1,0.00443803,0.0064659999999999995,24.008057667000685,6e22374121e65306f1f3cb61fc79a6b4acf6d40f96b3a723ec497ff0cbc97fe6,57c10e967e836d4aaf4a62d223e5be1d0fbd57fc202a9a740b3f23e2974df04c
seed_976302_C3_COMBINED_INTERVENTION_task_074,976302,C3_COMBINED_INTERVENTION,74,dialog_trajectories/seed_976302/C3_COMBINED_INTERVENTION/task_074.json,mechanism_traces/seed_976302/C3_COMBINED_INTERVENTION/task_074.json,0,0,0.013271000000000002,0.016176,52.42441708399565,8b01e82cbb3b0902c20ddbe028583b15a38d4c466f8f99511f8d9bc81f4ea5aa,d43705f4819327c7f3cdc22faafc9da1f918eebfe483b86b1afab0ef30c408ab
seed_976302_C3_COMBINED_INTERVENTION_task_075,976302,C3_COMBINED_INTERVENTION,75,dialog_trajectories/seed_976302/C3_COMBINED_INTERVENTION/task_075.json,mechanism_traces/seed_976302/C3_COMBINED_INTERVENTION/task_075.json,1,1,0.007252120000000001,0.009337999999999999,47.4897206670139,d4c3aa0387e717f6df0424462e2d00ff28c7a2984a88e46a745a828a2af4ec09,25ef928a1896ac52caba28404f4455c10ec42bad341a44525ef7429546448272
seed_976302_C3_COMBINED_INTERVENTION_task_077,976302,C3_COMBINED_INTERVENTION,77,dialog_trajectories/seed_976302/C3_COMBINED_INTERVENTION/task_077.json,mechanism_traces/seed_976302/C3_COMBINED_INTERVENTION/task_077.json,1,1,0.00661982,0.013456,32.510732791997725,621ca57e7684c1123fbba59b38e155b0158763e52347fc51dd24ee33518b9c9a,c19ab25d33cf63cd5ad4310a74d5009a5e39f0b6395f8937312a186a33a85389
seed_976302_C3_COMBINED_INTERVENTION_task_079,976302,C3_COMBINED_INTERVENTION,79,dialog_trajectories/seed_976302/C3_COMBINED_INTERVENTION/task_079.json,mechanism_traces/seed_976302/C3_COMBINED_INTERVENTION/task_079.json,0,0,0.009577020000000002,0.014385999999999998,47.32421574999171,54b8dd4e6d22a123b4f7f2da2e53decf456f1b74bf5ccce73edb0378e7ea450b,61cfff834edb4b42c214cf070c9c9b978fcf82d997a1c8cab2e7ca5a3bdd0f92
seed_976302_C3_COMBINED_INTERVENTION_task_080,976302,C3_COMBINED_INTERVENTION,80,dialog_trajectories/seed_976302/C3_COMBINED_INTERVENTION/task_080.json,mechanism_traces/seed_976302/C3_COMBINED_INTERVENTION/task_080.json,1,1,0.01291836,0.019311999999999996,67.51445437500661,ffa19554c3c769fc446ea55fcbc734dce7f0892930cd81e8d9ec91fa43835417,3d0bbff076a2d56bdde781b97725e3b512033ded74f0c3db17fdb4f372709192
seed_976302_C3_COMBINED_INTERVENTION_task_086,976302,C3_COMBINED_INTERVENTION,86,dialog_trajectories/seed_976302/C3_COMBINED_INTERVENTION/task_086.json,mechanism_traces/seed_976302/C3_COMBINED_INTERVENTION/task_086.json,1,1,0.012052980000000001,0.010329999999999999,52.489924082998186,7457677f9b793184c2d9f119a93b3cf41b4b77af542378658a0281b12534fd8d,204dd608b8676329961028be67f5b9e238f7605dc98adf99aa0881e34ea9f76c
seed_976302_C3_COMBINED_INTERVENTION_task_087,976302,C3_COMBINED_INTERVENTION,87,dialog_trajectories/seed_976302/C3_COMBINED_INTERVENTION/task_087.json,mechanism_traces/seed_976302/C3_COMBINED_INTERVENTION/task_087.json,1,1,0.0109295,0.011337999999999999,47.39078845898621,564cdd78029ef66ff40b9ecdc6b2a2bed8b20c0784458d80e8107a6a40677453,e4803dd414c52e2c5e20202c2159eeefeb1f8a2529c5461d705c2de85500a503
seed_976302_C3_COMBINED_INTERVENTION_task_090,976302,C3_COMBINED_INTERVENTION,90,dialog_trajectories/seed_976302/C3_COMBINED_INTERVENTION/task_090.json,mechanism_traces/seed_976302/C3_COMBINED_INTERVENTION/task_090.json,1,1,0.007651270000000001,0.012724000000000001,39.80812612500449,320bfc1be75c011b5e5876104cbe49c1f8c3fd4c9046fee98da282b883bf499f,c07abd01ba9c70b30a361039842822d3f9a5751adeabaec17e01685581031c34
seed_976302_C3_COMBINED_INTERVENTION_task_091,976302,C3_COMBINED_INTERVENTION,91,dialog_trajectories/seed_976302/C3_COMBINED_INTERVENTION/task_091.json,mechanism_traces/seed_976302/C3_COMBINED_INTERVENTION/task_091.json,1,1,0.013472129999999999,0.018008,65.13289316699957,b569fcb6f798c922cff22e537b59abc03b899f74fddb6254d9ed27ef40bfa010,54069f149896f366408c7ecd04a2c076f074d3b5184f3a2dab31d56e6d1ac55e
seed_976302_C3_COMBINED_INTERVENTION_task_094,976302,C3_COMBINED_INTERVENTION,94,dialog_trajectories/seed_976302/C3_COMBINED_INTERVENTION/task_094.json,mechanism_traces/seed_976302/C3_COMBINED_INTERVENTION/task_094.json,1,1,0.00970201,0.008884,42.746764249997796,c5b23633cb0abdf9ab8a4800a11ff62fad7a84500667a744042abf4336af3e93,4dfa19e0872b71c6bdbef7b4ca22b003bc61ea0ad516267ccbb663df5536dbbb
seed_976302_C3_COMBINED_INTERVENTION_task_095,976302,C3_COMBINED_INTERVENTION,95,dialog_trajectories/seed_976302/C3_COMBINED_INTERVENTION/task_095.json,mechanism_traces/seed_976302/C3_COMBINED_INTERVENTION/task_095.json,1,1,0.010476260000000001,0.01039,47.737910083989846,07a8ece573c07a1216a5dea450b7ee39e147d295ef322b33907855ea4104400a,d5dbe5813cfb71462b276a5cfe3c075beeab1c88c23e156cb311f65a94b1146d
seed_976302_C3_COMBINED_INTERVENTION_task_097,976302,C3_COMBINED_INTERVENTION,97,dialog_trajectories/seed_976302/C3_COMBINED_INTERVENTION/task_097.json,mechanism_traces/seed_976302/C3_COMBINED_INTERVENTION/task_097.json,0,0,0.01037548,0.00873,45.51473695799359,96729bcefc4921fc26bb2abcacfc81ec5d04439edd74b90fc8a19a34190624ab,c42f778bcb049f864bfdf93ad8e7eac8fc66e20452c8b156c7566c4a263dcf89
seed_976302_C3_COMBINED_INTERVENTION_task_099,976302,C3_COMBINED_INTERVENTION,99,dialog_trajectories/seed_976302/C3_COMBINED_INTERVENTION/task_099.json,mechanism_traces/seed_976302/C3_COMBINED_INTERVENTION/task_099.json,1,1,0.01701931,0.013666000000000003,80.65756829199381,8b498fd0e1409fcc13e8e195b9c0ab63c4739e6614f15b0593a3a10abacf543c,23b8da202520612a15de992b83dfbc3f27e7accf55ac95084e90c262b1801aff
seed_976302_C3_COMBINED_INTERVENTION_task_100,976302,C3_COMBINED_INTERVENTION,100,dialog_trajectories/seed_976302/C3_COMBINED_INTERVENTION/task_100.json,mechanism_traces/seed_976302/C3_COMBINED_INTERVENTION/task_100.json,0,0,0.022512400000000002,0.012672,87.5316574590106,7ace3dc74cca2b9a6e08225d80cf6d95490904c92b51e4aa65846f63f9fde145,66469657a7ad49e52931f981ee085485bc1dd2e594f9302281f4c4770a4b7c47
seed_976302_C3_COMBINED_INTERVENTION_task_101,976302,C3_COMBINED_INTERVENTION,101,dialog_trajectories/seed_976302/C3_COMBINED_INTERVENTION/task_101.json,mechanism_traces/seed_976302/C3_COMBINED_INTERVENTION/task_101.json,0,0,0.02174031,0.015431999999999998,104.97162858399679,bb238f855017ccb33cbb71796e0e24ed8707d61671a39196ff9bc722eb25c832,c5e4dd26f25ea9a092966263f86598e24be2e29fdd2c257c74fb6e855fe8a21f
seed_976302_C3_COMBINED_INTERVENTION_task_102,976302,C3_COMBINED_INTERVENTION,102,dialog_trajectories/seed_976302/C3_COMBINED_INTERVENTION/task_102.json,mechanism_traces/seed_976302/C3_COMBINED_INTERVENTION/task_102.json,1,1,0.015359530000000001,0.016728,65.94089029199677,ef519b576b5629d64ea20375402578454754f18d0021aa3f2205e6580a8c49d8,a28be3fa4c92ab87acfb6d5f26c55ec8da5bd0eb7af4eb1564bdc8c05ca0d430
seed_976302_C3_COMBINED_INTERVENTION_task_105,976302,C3_COMBINED_INTERVENTION,105,dialog_trajectories/seed_976302/C3_COMBINED_INTERVENTION/task_105.json,mechanism_traces/seed_976302/C3_COMBINED_INTERVENTION/task_105.json,0,0,0.01010149,0.013034,48.02604012499796,9ac47904bffd39a73c654e251809e0b0085cd896b458bf38cd7a0915602cf08f,1f42b90d1c5838f66bedc3aa3fe5070832f1b25e912ed75585186ae2bac49ddd
seed_976302_C3_COMBINED_INTERVENTION_task_108,976302,C3_COMBINED_INTERVENTION,108,dialog_trajectories/seed_976302/C3_COMBINED_INTERVENTION/task_108.json,mechanism_traces/seed_976302/C3_COMBINED_INTERVENTION/task_108.json,0,0,0.007242039999999999,0.013928,42.4760617090069,af4aa468dc8b306ee612e8331b425103a0347b8c0ca77a8a1e27f871b44bc5b8,3f2d89aa4614a59747ebddfa4bdc724ec70d2ebce64cfebd26e6ed6d7d363afc
seed_976302_C3_COMBINED_INTERVENTION_task_111,976302,C3_COMBINED_INTERVENTION,111,dialog_trajectories/seed_976302/C3_COMBINED_INTERVENTION/task_111.json,mechanism_traces/seed_976302/C3_COMBINED_INTERVENTION/task_111.json,1,1,0.020716,0.017094,102.54544416700082,8b9348e0692c474e0600c111d56c87f9707cd6894f2dd14017203892023caa25,75863c44c0d3a67b1709a8563a40d17764a1ecf7816dc2a6b7aeb50a89d164b3
seed_976302_C3_COMBINED_INTERVENTION_task_113,976302,C3_COMBINED_INTERVENTION,113,dialog_trajectories/seed_976302/C3_COMBINED_INTERVENTION/task_113.json,mechanism_traces/seed_976302/C3_COMBINED_INTERVENTION/task_113.json,1,1,0.005753209999999999,0.00928,30.128520166006638,8e196414b47743807a36705b7daab5bd2bc0406026a1aa2a36e1c2d2fe99a77d,5f5d1e15a964d7fd46dc54545233eb2c30041108d99e29cb22a6475ad126feb9
seed_976303_C0_NATIVE_task_000,976303,C0_NATIVE,0,dialog_trajectories/seed_976303/C0_NATIVE/task_000.json,mechanism_traces/seed_976303/C0_NATIVE/task_000.json,1,1,0.00539007,0.006849999999999999,33.192862374999095,06bb5f4d9d7a6acaf690ca3ce14df110bdb1795f60446de85e9d43d865cb641c,1ef1eaca3f0d31669a088acbc6ce58563551589b30e5b7fb9ab99eab313956fa
seed_976303_C0_NATIVE_task_001,976303,C0_NATIVE,1,dialog_trajectories/seed_976303/C0_NATIVE/task_001.json,mechanism_traces/seed_976303/C0_NATIVE/task_001.json,1,1,0.00623822,0.011998000000000002,32.698768542002654,a6e3184b20826b811307cf22924221582de102d9cb62693903c89b81894d4a9f,05802cbc8c2724bafaedc4208e335709a3bab495a36c7ba46262baeb7957b38f
seed_976303_C0_NATIVE_task_002,976303,C0_NATIVE,2,dialog_trajectories/seed_976303/C0_NATIVE/task_002.json,mechanism_traces/seed_976303/C0_NATIVE/task_002.json,1,1,0.00845671,0.018869999999999998,41.90407083299942,bdc7137345d003bff57b49213c7ba78046bb305104974a6bc00f1bada5819a80,a7acc466126e27fa1270ccebb40ad15288760fe68268510066ed8285c6238d82
seed_976303_C0_NATIVE_task_003,976303,C0_NATIVE,3,dialog_trajectories/seed_976303/C0_NATIVE/task_003.json,mechanism_traces/seed_976303/C0_NATIVE/task_003.json,1,1,0.00726966,0.011459999999999998,39.79979012499098,a4adef9f3c54e0ace07a4e6a3975d98ee4e276e354ee640fc31cd69a83c9dc67,d5da4e52729155370f86a682c300187467a7f50be43fda9c0e5b3ddf36382e46
seed_976303_C0_NATIVE_task_004,976303,C0_NATIVE,4,dialog_trajectories/seed_976303/C0_NATIVE/task_004.json,mechanism_traces/seed_976303/C0_NATIVE/task_004.json,1,1,0.007377089999999999,0.009871999999999999,35.003360541013535,fb54f55252f77567b06badaa81e25b99e28a6aaa689c8127736e8ef51dcc5de1,a9d73be76d5b0c7206053eabe67f9f194cc2e735056f2e8f814b727d9199c407
seed_976303_C0_NATIVE_task_005,976303,C0_NATIVE,5,dialog_trajectories/seed_976303/C0_NATIVE/task_005.json,mechanism_traces/seed_976303/C0_NATIVE/task_005.json,1,1,0.00969919,0.02086,56.33650958399812,bb4a3867e5c961594ec6dca39588d931deacbcd650f08c0130cd75fe7cd79631,92e83f0bfd92ea33709f4cd3f5cddf7bf42cc9fc7688d4692b9d0c1d3dca397b
seed_976303_C0_NATIVE_task_006,976303,C0_NATIVE,6,dialog_trajectories/seed_976303/C0_NATIVE/task_006.json,mechanism_traces/seed_976303/C0_NATIVE/task_006.json,1,1,0.00755412,0.016582,41.29904049998731,818092c8b9f545c16e658ffc2cea5958354d22e744b7e96e29a3b3844bb59562,d04e450be286b45772cf29a82cd6436038d4d1556102a8a61aa9807ee8933505
seed_976303_C0_NATIVE_task_007,976303,C0_NATIVE,7,dialog_trajectories/seed_976303/C0_NATIVE/task_007.json,mechanism_traces/seed_976303/C0_NATIVE/task_007.json,1,1,0.00934941,0.016158,54.245822583005065,40de12e1dd4b024924284f8f4a7753e8cbb5802426c90b7ce28b0f374c49748e,15d84b847891a008d52488e7ce0151bffb4abdafd007b6a27bcbd577b96c58e5
seed_976303_C0_NATIVE_task_008,976303,C0_NATIVE,8,dialog_trajectories/seed_976303/C0_NATIVE/task_008.json,mechanism_traces/seed_976303/C0_NATIVE/task_008.json,1,1,0.008370889999999999,0.016336,44.66958133401931,3cf4d769f9c649f4fe57d688b92a951d893de215f7e48dc8826f3b7179fe5f2c,3c3f280200f77f8ac26a75a350a3a26644c49bff54561c482ad26ab97e083ab9
seed_976303_C0_NATIVE_task_009,976303,C0_NATIVE,9,dialog_trajectories/seed_976303/C0_NATIVE/task_009.json,mechanism_traces/seed_976303/C0_NATIVE/task_009.json,1,1,0.00623003,0.012782,33.273699666999164,89e8dda14de654d4a5e5d958886917e44515d9f0e3a856ce4a5af48f04afabe9,68899d506bd58317670d2ba9e3e16fb1eef1ae0ca7ac08477b8737a2da146532
seed_976303_C0_NATIVE_task_010,976303,C0_NATIVE,10,dialog_trajectories/seed_976303/C0_NATIVE/task_010.json,mechanism_traces/seed_976303/C0_NATIVE/task_010.json,1,1,0.0037628699999999998,0.009326,22.573382957998547,b4a043563868a026bc5284c42e252fdbab2b73da6cadd8d40a2f7c34310bd93e,01456ab7255fe9439f65dcc429959f10ff8ffe3d621840df92b60a5f1ea04715
seed_976303_C0_NATIVE_task_011,976303,C0_NATIVE,11,dialog_trajectories/seed_976303/C0_NATIVE/task_011.json,mechanism_traces/seed_976303/C0_NATIVE/task_011.json,1,1,0.006660800000000001,0.020558000000000003,38.89113866700791,3919bf57d7c32ff4de5d474bef6d60549d84709192cef61cac92dfab252d9f73,8d6c9720f5aa81cb2d3603f5ab86d3084bc77178983db1259632646340540656
seed_976303_C0_NATIVE_task_012,976303,C0_NATIVE,12,dialog_trajectories/seed_976303/C0_NATIVE/task_012.json,mechanism_traces/seed_976303/C0_NATIVE/task_012.json,1,1,0.0044274,0.00864,21.932998666001367,afd817df6248631744cc938884a992a1360ffcef3c17be3b09145193f42f319c,3fc031e7bef54513bd30f44113e4a53b9dd307ad795ae64921e6dd707fde8be0
seed_976303_C0_NATIVE_task_013,976303,C0_NATIVE,13,dialog_trajectories/seed_976303/C0_NATIVE/task_013.json,mechanism_traces/seed_976303/C0_NATIVE/task_013.json,1,1,0.00548483,0.01508,39.113016541989055,f0ff4f3ef8e594632f181e0b31a94da888137531ed85c5893648e439054b8510,5c06e8b2ed143bdcd47ec9d63a94af4da70e40c4f1646aa2f9a83117bb27a0b4
seed_976303_C0_NATIVE_task_014,976303,C0_NATIVE,14,dialog_trajectories/seed_976303/C0_NATIVE/task_014.json,mechanism_traces/seed_976303/C0_NATIVE/task_014.json,0,0,0.00650161,0.019852,43.21314979199087,bbf97de9ae6533ed53aa116b5084dd1bc44e22a0437d6275279b5b85d685dd2a,4706af45bc2755951b22669c3cac0e56ede05cc07ff17a551a63b7ff24ea6254
seed_976303_C0_NATIVE_task_015,976303,C0_NATIVE,15,dialog_trajectories/seed_976303/C0_NATIVE/task_015.json,mechanism_traces/seed_976303/C0_NATIVE/task_015.json,0,0,0.00639798,0.010173999999999999,34.59768029200495,d11a79665fb1fe431e246b4f7a0a2afb43c9e8b0eb6f016f4e9d083c3f6ca30c,59e7fbb886f9beadf481df477c9cdde7f5ae3bd62e77bdc63b27c11d12f72e44
seed_976303_C0_NATIVE_task_016,976303,C0_NATIVE,16,dialog_trajectories/seed_976303/C0_NATIVE/task_016.json,mechanism_traces/seed_976303/C0_NATIVE/task_016.json,1,1,0.00814808,0.011023999999999999,46.607206624990795,7698800fa6f95d8bd623ac637a81882309af0d8a76454e95340070df31dec7ee,0c0ec5b3846c90da84ee0df3e62862ad65b71ec86c25d66d8d91953af9921acf
seed_976303_C0_NATIVE_task_017,976303,C0_NATIVE,17,dialog_trajectories/seed_976303/C0_NATIVE/task_017.json,mechanism_traces/seed_976303/C0_NATIVE/task_017.json,1,1,0.0030380700000000004,0.011205999999999999,25.581498750005267,f3d6cdd33a82b99453526f13266880e0cb7a43d6a4dcd1535b13b485ca45932a,6e32b9caa752ce63a1116ecea839a009883051dfb9e82a5f030f62ce3f2c2874
seed_976303_C0_NATIVE_task_018,976303,C0_NATIVE,18,dialog_trajectories/seed_976303/C0_NATIVE/task_018.json,mechanism_traces/seed_976303/C0_NATIVE/task_018.json,1,1,0.006829440000000001,0.020225999999999994,50.533637125001405,5e01f85a1181ce391e2da1cfabf9b45f3cf23cdd433a7d5e8f5dc49768f1c8f9,21bab1f55eedef8568056987a96291a336e42ad86fbfa37c75a8dea4eddd6080
seed_976303_C0_NATIVE_task_019,976303,C0_NATIVE,19,dialog_trajectories/seed_976303/C0_NATIVE/task_019.json,mechanism_traces/seed_976303/C0_NATIVE/task_019.json,1,1,0.00760478,0.011760000000000001,45.68607416600571,91624cd4beb09bf75b3f2e04705811807bdf057ad2179181828e8cc02146b267,7356a0c1570d5423abd42e3eb44f6d781559487b2616a3f5d756232674babd67
seed_976303_C0_NATIVE_task_020,976303,C0_NATIVE,20,dialog_trajectories/seed_976303/C0_NATIVE/task_020.json,mechanism_traces/seed_976303/C0_NATIVE/task_020.json,1,1,0.008697260000000002,0.012249999999999999,41.71665087502333,04e5363b4cbccbdd30f1e015f6e2ffb32a6082f0398105de98deff0ff5ad4e02,d99227978471d6ac14c139d5eea10d5487537d36665a9fdebebfac630891b523
seed_976303_C0_NATIVE_task_021,976303,C0_NATIVE,21,dialog_trajectories/seed_976303/C0_NATIVE/task_021.json,mechanism_traces/seed_976303/C0_NATIVE/task_021.json,1,1,0.00953507,0.015272,54.31490291599766,4c6ad364ae26bc1e92cc4bd7cf012a569f6c5028d71921c81adc09eea611824c,4cfaf6bd217657829148a895b0053654fcabb93f037af551cc144da02c3a284a
seed_976303_C0_NATIVE_task_022,976303,C0_NATIVE,22,dialog_trajectories/seed_976303/C0_NATIVE/task_022.json,mechanism_traces/seed_976303/C0_NATIVE/task_022.json,0,0,0.00627415,0.010148,28.408574625005713,00a04be8576e6c5133f7aef71d87d70d82d385e432d2130b99b3d223691add40,2a0835ee1e554e4742734917efb5fc6059d164bcc2281587ee269468c34c7d7a
seed_976303_C0_NATIVE_task_023,976303,C0_NATIVE,23,dialog_trajectories/seed_976303/C0_NATIVE/task_023.json,mechanism_traces/seed_976303/C0_NATIVE/task_023.json,1,1,0.009651590000000002,0.010097999999999998,52.744277833000524,3e979cb53144264dc287464752eb4032abfdef61eee841439b1fbd09aabc78cf,29c6a299c421fd1dc8a5e782712424bb886ee7577289bdbb0b974a52c0899fbe
seed_976303_C0_NATIVE_task_024,976303,C0_NATIVE,24,dialog_trajectories/seed_976303/C0_NATIVE/task_024.json,mechanism_traces/seed_976303/C0_NATIVE/task_024.json,1,1,0.00485603,0.015761999999999998,34.887027040997054,bdfc5989f7c45ae70bf5bc6937eb4888cd69f617c1646a9066e3f031e0f824a4,b89a8afb736182257488216972ef7ee9ee7a7c8e4e2c003f0098256b34e27586
seed_976303_C0_NATIVE_task_025,976303,C0_NATIVE,25,dialog_trajectories/seed_976303/C0_NATIVE/task_025.json,mechanism_traces/seed_976303/C0_NATIVE/task_025.json,1,1,0.00473739,0.006984,26.592704749986297,126d434ba61bf4d20728c1927cc1859e2be12685618fa7b10b5e92d4c26f2eb8,4446996569f3056a442e668e1d004b4851f24437300dc08f0c58be5488c4b92e
seed_976303_C0_NATIVE_task_026,976303,C0_NATIVE,26,dialog_trajectories/seed_976303/C0_NATIVE/task_026.json,mechanism_traces/seed_976303/C0_NATIVE/task_026.json,1,1,0.00459264,0.010426,23.537766499997815,5ce21e47334f68ead557e077b768c90c165142a6306fe47329e0e673722cce25,8553c2c2cb0b4e70a8d1717cb6b9ba411f94d902637769ff62c41ce299e3467f
seed_976303_C0_NATIVE_task_027,976303,C0_NATIVE,27,dialog_trajectories/seed_976303/C0_NATIVE/task_027.json,mechanism_traces/seed_976303/C0_NATIVE/task_027.json,0,0,0.0065718,0.013263999999999998,43.155272290998255,a2ebf20434fbbce5f3641cd8532e61a8b6402956061426a9d5a339116b0eecd1,a0275fb66a7ae83a06dd766e888343453f972c1244ad709ac66eb08f4acf1bdf
seed_976303_C0_NATIVE_task_028,976303,C0_NATIVE,28,dialog_trajectories/seed_976303/C0_NATIVE/task_028.json,mechanism_traces/seed_976303/C0_NATIVE/task_028.json,1,1,0.0076672,0.017954,42.709388749994105,7f3e69cd532a166f40c8d79a76a05c651ba6babf59e6ead252d95bbd4d07664e,c50f9db4c0a5156a345afba893dc6fb44875cd9ad1dd534451ce3add6d07c6d9
seed_976303_C0_NATIVE_task_029,976303,C0_NATIVE,29,dialog_trajectories/seed_976303/C0_NATIVE/task_029.json,mechanism_traces/seed_976303/C0_NATIVE/task_029.json,1,1,0.00960869,0.010499999999999999,49.638351624977076,210d439b834550c12cb21d2da9c7a52364d0bf649227979b51e5b79deab38ea0,f32946673bfc01d7b1ade40011ea6e574fbf2d46632b171975fa53e72984f527
seed_976303_C0_NATIVE_task_030,976303,C0_NATIVE,30,dialog_trajectories/seed_976303/C0_NATIVE/task_030.json,mechanism_traces/seed_976303/C0_NATIVE/task_030.json,0,0,0.01219117,0.02215,61.5881412079907,9d13ef3a8e16ded0e5c7baa326355d833f5ff5483f9a2ee369e8647d8fc63f02,29c02659bae278c2784bde2e6490d834eb6705b4faea6a6c285652fb71798400
seed_976303_C0_NATIVE_task_031,976303,C0_NATIVE,31,dialog_trajectories/seed_976303/C0_NATIVE/task_031.json,mechanism_traces/seed_976303/C0_NATIVE/task_031.json,0,0,0.0032710899999999995,0.007313999999999999,19.72379625000758,001f11563d6dab802ffbf054fc343e7e9400489d6b9a2ac4ba14b5b3732b289f,25e5350be875398ff4662f4761b8d72ac9fa23bf465b1999eda0b3d0f0f1e7d8
seed_976303_C0_NATIVE_task_032,976303,C0_NATIVE,32,dialog_trajectories/seed_976303/C0_NATIVE/task_032.json,mechanism_traces/seed_976303/C0_NATIVE/task_032.json,1,1,0.00907404,0.01757,43.91430287499679,36fddf15bde7e42e3c27a8b43ce82e7de32e794fc95fb914449891237460305a,644490932d1cdbbbe29fe54d0a37dec1b3eda2589011d015e9bc2886133ceed7
seed_976303_C0_NATIVE_task_033,976303,C0_NATIVE,33,dialog_trajectories/seed_976303/C0_NATIVE/task_033.json,mechanism_traces/seed_976303/C0_NATIVE/task_033.json,0,0,0.00360835,0.0071200000000000005,18.842413125006715,c884e091c000757ab0a0e9265c5e9da4811ceeefb99fb9c471c91433befb1ed2,af747bd30b373d62ea54c278f70bf599ebc7580eb5e1e4aedaac1e9e816d5458
seed_976303_C0_NATIVE_task_034,976303,C0_NATIVE,34,dialog_trajectories/seed_976303/C0_NATIVE/task_034.json,mechanism_traces/seed_976303/C0_NATIVE/task_034.json,0,0,0.00585929,0.015178,36.33853658300359,fb56ecedb088d97cf39a08ca9be7a44f1fe95e6d703da1197eb4bf37ec8d22fd,8c6386490858b36434d5089fc3f9d41742215b47956dd4a0df80b677b5ba3726
seed_976303_C0_NATIVE_task_035,976303,C0_NATIVE,35,dialog_trajectories/seed_976303/C0_NATIVE/task_035.json,mechanism_traces/seed_976303/C0_NATIVE/task_035.json,1,1,0.01014926,0.016876,49.77425754201249,a844b89dd3d979022bb5bc65203529d2426ee280b23c770c90060fe982742150,3011a4460bf5d355a160ccc0fedc1e2a0dd9f6af48e45f50a670100aa819c417
seed_976303_C0_NATIVE_task_036,976303,C0_NATIVE,36,dialog_trajectories/seed_976303/C0_NATIVE/task_036.json,mechanism_traces/seed_976303/C0_NATIVE/task_036.json,0,0,0.0037569800000000005,0.012834,26.04274337500101,d94b88ccb0f7915084835056b7430d0ab12cf6fcb7a90d7b76154b731ac1f6e4,7d44a054b3e27cfd443503426c0ef9426c7ae6a9584569cfff1b4c57af15da8b
seed_976303_C0_NATIVE_task_038,976303,C0_NATIVE,38,dialog_trajectories/seed_976303/C0_NATIVE/task_038.json,mechanism_traces/seed_976303/C0_NATIVE/task_038.json,1,1,0.010154499999999999,0.019836,49.84035441699962,074854198a20653f3fbd0c4441a8763039a09563f176652e9b74bc7b342f747a,31336d46aed9808cc0c8fa2ddd6b9d1c1ec45e38f734ea2bb8fef0350dbe1f8f
seed_976303_C0_NATIVE_task_039,976303,C0_NATIVE,39,dialog_trajectories/seed_976303/C0_NATIVE/task_039.json,mechanism_traces/seed_976303/C0_NATIVE/task_039.json,1,1,0.007702050000000001,0.018490000000000003,46.86603858300077,61b525cd11dc62d50da3096377079e341b5fd546a6bb2cdc4bc798d79af11257,270ae711063cc871d39722924960cc2a2d301124e17ebcb2db29f7e0cbd89cb6
seed_976303_C0_NATIVE_task_040,976303,C0_NATIVE,40,dialog_trajectories/seed_976303/C0_NATIVE/task_040.json,mechanism_traces/seed_976303/C0_NATIVE/task_040.json,1,1,0.0032540799999999995,0.00936,23.82679733299301,c73ceab5481dee4ef1fd19acd7eb34a2bccb847d9d07944f657d00667760c3a4,78fbdb2c5ce167d5f66f1fddf469580b231d409472fb6c54d4e7b4c364a8517e
seed_976303_C0_NATIVE_task_042,976303,C0_NATIVE,42,dialog_trajectories/seed_976303/C0_NATIVE/task_042.json,mechanism_traces/seed_976303/C0_NATIVE/task_042.json,0,0,0.00812218,0.017862000000000003,46.30157729200437,78e28b1e8c574c41ec8047eebf861242df89b0e7c5e87813e4b9f9c1206cd692,6e2e75cbc03228e55e36a4a47b12ca34a82896e502753b2f1ffda2c575188884
seed_976303_C0_NATIVE_task_043,976303,C0_NATIVE,43,dialog_trajectories/seed_976303/C0_NATIVE/task_043.json,mechanism_traces/seed_976303/C0_NATIVE/task_043.json,0,0,0.00491771,0.015983999999999998,30.809279000008246,76287372eac1df4b160369378a8422e0757f55600991f07e0d342acf570230be,2d8327eb62b0d0c12e1bf0f5464bafab1fcb81068dd78e38e08167469c6f37ad
seed_976303_C0_NATIVE_task_045,976303,C0_NATIVE,45,dialog_trajectories/seed_976303/C0_NATIVE/task_045.json,mechanism_traces/seed_976303/C0_NATIVE/task_045.json,1,1,0.00890121,0.012616,48.544586499992874,f0f1b32b90c940036d7c92cbb366f6c974d3b59144cfa55751425223ace3a48b,fac0fb553f5a0339290a8d691808880096234d8d0e29852af52d672d1c9d46b1
seed_976303_C0_NATIVE_task_049,976303,C0_NATIVE,49,dialog_trajectories/seed_976303/C0_NATIVE/task_049.json,mechanism_traces/seed_976303/C0_NATIVE/task_049.json,1,1,0.0053713699999999994,0.010976,27.785119624997606,99327fa97e065db180ee366e38bb25af64dd556fc7fb7cef954028efb7e592b3,59a6b67d8e777e83ca4ee1e8352afb01bc30cf1661f6532355b91f01de4be0bb
seed_976303_C0_NATIVE_task_050,976303,C0_NATIVE,50,dialog_trajectories/seed_976303/C0_NATIVE/task_050.json,mechanism_traces/seed_976303/C0_NATIVE/task_050.json,1,1,0.00224667,0.0038899999999999994,12.619905750005273,79bfee6044d6f20f722f632b7ed4618f100cd935b793c56c1935857a2db3b910,9835f0b57eff13a28c3c173a33b3447ea58f3a745514dfdd8b65197ff30e29e3
seed_976303_C0_NATIVE_task_051,976303,C0_NATIVE,51,dialog_trajectories/seed_976303/C0_NATIVE/task_051.json,mechanism_traces/seed_976303/C0_NATIVE/task_051.json,1,1,0.00443718,0.011973999999999999,27.34349308400124,4963cebafd27ceea502cf2ebc5fdaac24197c3aca88315da7fe4abadc71da5e0,20107ac7e0b33ad5922b447ef0c7e000e9923070dfec8372cc02632325cc24fb
seed_976303_C0_NATIVE_task_053,976303,C0_NATIVE,53,dialog_trajectories/seed_976303/C0_NATIVE/task_053.json,mechanism_traces/seed_976303/C0_NATIVE/task_053.json,1,1,0.00731512,0.01288,33.43410004199541,12010f43d60d798d347cd19a0bbc798eb25440df5133e1c18a8561b23a957a8a,63c9b9f24ddbf86005023ac06b349fc13c9a06f03a187e32fc1af3e4e73bb056
seed_976303_C0_NATIVE_task_054,976303,C0_NATIVE,54,dialog_trajectories/seed_976303/C0_NATIVE/task_054.json,mechanism_traces/seed_976303/C0_NATIVE/task_054.json,1,1,0.010083560000000002,0.01436,59.623559915984515,fec8ee55a1d0f24cf332207247943e89b5be3faeaabf9af1070574502f9e747c,cd541c265afdee3848547d7b50a6803fa26890da4b2a818e5783eb52b320aea1
seed_976303_C0_NATIVE_task_055,976303,C0_NATIVE,55,dialog_trajectories/seed_976303/C0_NATIVE/task_055.json,mechanism_traces/seed_976303/C0_NATIVE/task_055.json,1,1,0.008052070000000001,0.017048,37.18657541599532,f97ba302365028e9b812aaabbdf4368caca6eeb7b5a16020ae0387fa6bf68bcd,2a4257360c386aa9d082691ad4992c2d891e530017753dbd52cb94d64cb79e7f
seed_976303_C0_NATIVE_task_056,976303,C0_NATIVE,56,dialog_trajectories/seed_976303/C0_NATIVE/task_056.json,mechanism_traces/seed_976303/C0_NATIVE/task_056.json,0,0,0.00361392,0.008823999999999999,23.407877375007956,1a78f072e69a500848512f6f40d1710231166c86dd8031a0600f4a6c52320554,c43337da9a28c582602183427e03e65a938392ad9ca7f2066cf037486e9d0b12
seed_976303_C0_NATIVE_task_059,976303,C0_NATIVE,59,dialog_trajectories/seed_976303/C0_NATIVE/task_059.json,mechanism_traces/seed_976303/C0_NATIVE/task_059.json,0,0,0.004954910000000001,0.013721999999999998,35.386840166989714,fe9806ab163067b95da3d03e7e805332b2d27673709e1589b869d5f085e7ed55,cabe22d2f3974fbf1d7135f677b5d1bd6d13dc5974491dab45b0930a86115c87
seed_976303_C0_NATIVE_task_060,976303,C0_NATIVE,60,dialog_trajectories/seed_976303/C0_NATIVE/task_060.json,mechanism_traces/seed_976303/C0_NATIVE/task_060.json,1,1,0.00303891,0.0057,15.187066665996099,2422ae955bfa0a3729b74c9fea5f61bb2166eee1960bbc08da383b42948da976,b5e81c67d1a4a9c9680a23ecbcee2dd5ecf67795ccb7024be87f374b67e86e52
seed_976303_C0_NATIVE_task_061,976303,C0_NATIVE,61,dialog_trajectories/seed_976303/C0_NATIVE/task_061.json,mechanism_traces/seed_976303/C0_NATIVE/task_061.json,1,1,0.00422106,0.008456,25.003037291011424,f3bf39751836a11520254184588e7a2813de81db065a5925800e69a96a65b3fb,52cd15dec156aaff200cc12dd43d9a452809f77e9cba6514594987f71f549a2d
seed_976303_C0_NATIVE_task_062,976303,C0_NATIVE,62,dialog_trajectories/seed_976303/C0_NATIVE/task_062.json,mechanism_traces/seed_976303/C0_NATIVE/task_062.json,1,1,0.006463460000000001,0.018883999999999998,38.39856562500063,bdbe237c9df4cf4fcf7fab96361f2d424a3e7922fb89ff206d95832caf8fd596,97f6251250a21252b065ed6ceebf11f9f5391d20bc009586c103cae0e6b11ac5
seed_976303_C0_NATIVE_task_064,976303,C0_NATIVE,64,dialog_trajectories/seed_976303/C0_NATIVE/task_064.json,mechanism_traces/seed_976303/C0_NATIVE/task_064.json,0,0,0.00506674,0.012802,30.49200933300017,8921df7ec96328309e4c484a5cb71c67a21ee8afefb6780afa0ee557b4d198c1,40de0b20dd9626fb55153c10333fc3acfce88415b67e0ebaa94a31291e9dcd41
seed_976303_C0_NATIVE_task_065,976303,C0_NATIVE,65,dialog_trajectories/seed_976303/C0_NATIVE/task_065.json,mechanism_traces/seed_976303/C0_NATIVE/task_065.json,1,1,0.00250392,0.003662,13.236723916998017,ed3df3a83d3a970a2fa9d4754abcb94628c0cc14643a44ebdd0bb44ebff3f582,1cf2f4d00740c6e134829c5f1a4038c4fe1dd9d488c0e1fd9099cdcc194ffa26
seed_976303_C0_NATIVE_task_068,976303,C0_NATIVE,68,dialog_trajectories/seed_976303/C0_NATIVE/task_068.json,mechanism_traces/seed_976303/C0_NATIVE/task_068.json,1,1,0.0024805599999999997,0.008452000000000001,17.796228082996095,40159ff9cf41a7ce016146df2725a4a3813603e692d75c67bf487118fd7fb8f9,3bef48ce923e1cdb954da733f805cb5d0b747e59d683958a619ed886a0d6c5d1
seed_976303_C0_NATIVE_task_070,976303,C0_NATIVE,70,dialog_trajectories/seed_976303/C0_NATIVE/task_070.json,mechanism_traces/seed_976303/C0_NATIVE/task_070.json,1,1,0.004834290000000001,0.009710000000000002,29.482047708996106,1cbc87343afeb7f51c302797193f8811c65f9e1a34fa8376207af4066a75eeea,cacfc88f7a27116969e7b8b530279d377789528f21089f7cfc0270b0f9725c51
seed_976303_C0_NATIVE_task_071,976303,C0_NATIVE,71,dialog_trajectories/seed_976303/C0_NATIVE/task_071.json,mechanism_traces/seed_976303/C0_NATIVE/task_071.json,0,0,0.008519920000000002,0.020618,45.03874687499774,cc28deb37c10d75bc50449069dd93cef48d566b3728cb629767dfc4e3bc8ee72,a615ca06502dac801b8d9c4346fc78cc0bef31a8055cd5d43b33bd8ed0e4c754
seed_976303_C0_NATIVE_task_073,976303,C0_NATIVE,73,dialog_trajectories/seed_976303/C0_NATIVE/task_073.json,mechanism_traces/seed_976303/C0_NATIVE/task_073.json,1,1,0.0032637700000000005,0.009394,25.17747441699612,89407d1c95c7ef745b242dbb4c8b1babf9a6ec77e5235a38777f1d9e3522683c,5b00992ebf23d9e50d52d8884a13743fad49da066abc1bb239c3694f63359d40
seed_976303_C0_NATIVE_task_074,976303,C0_NATIVE,74,dialog_trajectories/seed_976303/C0_NATIVE/task_074.json,mechanism_traces/seed_976303/C0_NATIVE/task_074.json,1,1,0.01027841,0.012686,51.55821370900958,b18185195696c12fe6bac5981738beb0a0f67a73f2e6b41a65ab6bf6848c9286,bbca698a2ed7beeed32234e43ca0161c3854bbbb1145594f3d5f25534ef61d0e
seed_976303_C0_NATIVE_task_075,976303,C0_NATIVE,75,dialog_trajectories/seed_976303/C0_NATIVE/task_075.json,mechanism_traces/seed_976303/C0_NATIVE/task_075.json,1,1,0.00536925,0.010918,29.24137516701012,a15e32edfebc689c514d4e4645c0c5dbc3a1faa535a5e3ab29c18110be5ffd7a,349a7046bf1b35fc2256e7b7f71ee0ebfbf8469410fd46466db02e4dc78ae0cf
seed_976303_C0_NATIVE_task_077,976303,C0_NATIVE,77,dialog_trajectories/seed_976303/C0_NATIVE/task_077.json,mechanism_traces/seed_976303/C0_NATIVE/task_077.json,1,1,0.0045437,0.009673999999999999,39.02856258400425,a2782650392c906d5a1b28b6a5f83e19121a3076400db7d669e01aa110e1a97c,1a490dcef927d98e901c8febb54fc9104233d954b52317af599d485b78cac945
seed_976303_C0_NATIVE_task_079,976303,C0_NATIVE,79,dialog_trajectories/seed_976303/C0_NATIVE/task_079.json,mechanism_traces/seed_976303/C0_NATIVE/task_079.json,0,0,0.0052312,0.01369,30.91674183300347,f245bd78dae9314508aa2fe8db2b3bbc4e72cc7c452257ccce893427a07d9760,8d482b7b33549fb22041e92b6ade77b0026f748e7ae58a791404d73d57df25e0
seed_976303_C0_NATIVE_task_080,976303,C0_NATIVE,80,dialog_trajectories/seed_976303/C0_NATIVE/task_080.json,mechanism_traces/seed_976303/C0_NATIVE/task_080.json,1,1,0.00510212,0.012676,35.34017045801738,5693693e8cfc70d1b855a52f671d82ee640885b5b7ea12a57d0cadc7e24024dc,80e13758d3341f24971c8ad6723945ebd2c2e86c0b2a2b320c15113eac32676a
seed_976303_C0_NATIVE_task_086,976303,C0_NATIVE,86,dialog_trajectories/seed_976303/C0_NATIVE/task_086.json,mechanism_traces/seed_976303/C0_NATIVE/task_086.json,1,1,0.007770280000000001,0.009937999999999999,34.57403245900059,2308cc0e73b4fae813b3e5ff3070aa8354d9eefdd88a112790ff3fd4a278cbdf,f6dcbabafa4d9247b9f5dbb9e8f65fea04d999f897e6eb00af292533d2290624
seed_976303_C0_NATIVE_task_087,976303,C0_NATIVE,87,dialog_trajectories/seed_976303/C0_NATIVE/task_087.json,mechanism_traces/seed_976303/C0_NATIVE/task_087.json,0,0,0.005922450000000001,0.010529999999999998,34.65132762500434,e14f3f034e8f0da1844b4fbc94973ec9e005116be523fef046f56008d4dd8211,e9e14dafad4ccf5ce81dae812356598ef17edbd54131c51f2970e8a364e5e1b6
seed_976303_C0_NATIVE_task_090,976303,C0_NATIVE,90,dialog_trajectories/seed_976303/C0_NATIVE/task_090.json,mechanism_traces/seed_976303/C0_NATIVE/task_090.json,1,1,0.00636849,0.011941999999999998,30.731088540997007,6816917f88ce87606f429f65fd435a8a41b102f37984c293ffdc705b64502e3d,79cef1b99b43bf8bec45ccc533213207ee6b1962bf129b1fc7bef692c65579b0
seed_976303_C0_NATIVE_task_091,976303,C0_NATIVE,91,dialog_trajectories/seed_976303/C0_NATIVE/task_091.json,mechanism_traces/seed_976303/C0_NATIVE/task_091.json,0,0,0.00446123,0.010193999999999998,27.305672041984508,5ed85093ac463b238b96dfde6ff352bd48a3065b7bc6ef636e3d516d1735dd2a,8060f23bee5e65ab2377f45f156ad09f1437b9f6aef8f43a71f10dc55a877df3
seed_976303_C0_NATIVE_task_094,976303,C0_NATIVE,94,dialog_trajectories/seed_976303/C0_NATIVE/task_094.json,mechanism_traces/seed_976303/C0_NATIVE/task_094.json,0,0,0.00572703,0.009968,37.228104916997836,4416a512fed737f68deee695ced05b552b334706d926570d2c2458e2615a3f84,995551fb562e3d9a02335f58c5e1e0cf819fb261b93c5e116e55217eb749cf8e
seed_976303_C0_NATIVE_task_095,976303,C0_NATIVE,95,dialog_trajectories/seed_976303/C0_NATIVE/task_095.json,mechanism_traces/seed_976303/C0_NATIVE/task_095.json,0,0,0.00381646,0.010384,21.162489666006877,06358f911dc957a5ff93e77574f85ef1dbc7d3d2d9207fe07320e9e8f6129cb7,abadef067d88eb21b6f3c9a8e7dfceb617001da74b90b1be50ff5425c72fedbd
seed_976303_C0_NATIVE_task_097,976303,C0_NATIVE,97,dialog_trajectories/seed_976303/C0_NATIVE/task_097.json,mechanism_traces/seed_976303/C0_NATIVE/task_097.json,1,1,0.00692709,0.010405999999999999,37.49053808300232,bb34153e2bc2544bd2ab2152f9243b4d375f37bffd2602ad8233fd01820ffa48,5cae09963b1dad9ff874efe76c39dcaa504f3cd55eebea391d7573063c2b0d9c
seed_976303_C0_NATIVE_task_099,976303,C0_NATIVE,99,dialog_trajectories/seed_976303/C0_NATIVE/task_099.json,mechanism_traces/seed_976303/C0_NATIVE/task_099.json,1,1,0.010241329999999998,0.01833,59.9373403750069,4620844bd8b0292798a6bcb8f534c93f9f79cc3b1f89de8f699062cb701fd69e,41a7432bfd1a031dea9eff5e5732db1ac8daba171f7359c7fa1224771615cf10
seed_976303_C0_NATIVE_task_100,976303,C0_NATIVE,100,dialog_trajectories/seed_976303/C0_NATIVE/task_100.json,mechanism_traces/seed_976303/C0_NATIVE/task_100.json,1,1,0.00898422,0.014231999999999998,48.03712395801267,11045f1571fbe5b451846e55fea09336924d3f8a8068aa09447ffc0ec4bc7cf4,78e5e0c2aec4f9837b9f67e08dbe9fbe26896a36f6c407964320b70f9955f455
seed_976303_C0_NATIVE_task_101,976303,C0_NATIVE,101,dialog_trajectories/seed_976303/C0_NATIVE/task_101.json,mechanism_traces/seed_976303/C0_NATIVE/task_101.json,0,0,0.010520960000000001,0.016536,62.80005245799839,f74e0a89e466718e9640e19f7c8cc20480933c90185ef8d6fefcd114f5882173,6c784fdf50a7649474bbaa9984f223c88103e139499ac2d38b2d76ea6971ffe6
seed_976303_C0_NATIVE_task_102,976303,C0_NATIVE,102,dialog_trajectories/seed_976303/C0_NATIVE/task_102.json,mechanism_traces/seed_976303/C0_NATIVE/task_102.json,1,1,0.01382919,0.018543999999999995,63.76255908299936,b96ec2674411d005ca54284ce5b3f75a3b05c01b1d9f30174536233ce28bd118,24854693fb54158e6050d84f45ecd2906724c081939b14ae73f054ec0134d0dc
seed_976303_C0_NATIVE_task_105,976303,C0_NATIVE,105,dialog_trajectories/seed_976303/C0_NATIVE/task_105.json,mechanism_traces/seed_976303/C0_NATIVE/task_105.json,0,0,0.006413100000000001,0.012816000000000003,37.95107158299652,52f703b7a4fef15684f1ee3283fb792b00bd60de9849f57a64042aa0300b7403,744956a65bfab88ea778535cd53d862e7ed3b76da6c65771b8891f8a11ae617b
seed_976303_C0_NATIVE_task_108,976303,C0_NATIVE,108,dialog_trajectories/seed_976303/C0_NATIVE/task_108.json,mechanism_traces/seed_976303/C0_NATIVE/task_108.json,1,1,0.0073073700000000005,0.014928,50.89950204199704,f55277b371e5a6e1b5f25ab88d1d5fdd900df4460cdfbcd57df61e7da3b63a2d,e32e584af7cba27c0c160287ee5c5d8697ad81b056afb56e5c3ec576190aea76
seed_976303_C0_NATIVE_task_111,976303,C0_NATIVE,111,dialog_trajectories/seed_976303/C0_NATIVE/task_111.json,mechanism_traces/seed_976303/C0_NATIVE/task_111.json,1,1,0.01534459,0.01619,74.9972476670082,73aff5967967514432f35213d2bbaa340189b7e38e345e114110d3825971bff6,e77e9b3b951957d97e0c21d95e59f28fb498ba5c88e701ab86c1915fda88694a
seed_976303_C0_NATIVE_task_113,976303,C0_NATIVE,113,dialog_trajectories/seed_976303/C0_NATIVE/task_113.json,mechanism_traces/seed_976303/C0_NATIVE/task_113.json,1,1,0.00412856,0.009271999999999999,19.02411591699638,8954c324080e689046dc5226e157899e401c91d61db0543b9f807e6bc740dab4,da545b6a8433babb7f0ef4faacfaecc32a1e33534875d6b76a13ff74d439e23e
seed_976303_C1_SEMANTIC_SUPPORT_task_000,976303,C1_SEMANTIC_SUPPORT,0,dialog_trajectories/seed_976303/C1_SEMANTIC_SUPPORT/task_000.json,mechanism_traces/seed_976303/C1_SEMANTIC_SUPPORT/task_000.json,1,1,0.00792249,0.010512,40.69673366600182,8a866d493033b229fcdd3ff80a0be9b32722583e7986f284ff21e3544d657c2f,34767f1502ec43477b17db9f765b35899783d2f68d4b84bc634dd81d0b19ba0d
seed_976303_C1_SEMANTIC_SUPPORT_task_001,976303,C1_SEMANTIC_SUPPORT,1,dialog_trajectories/seed_976303/C1_SEMANTIC_SUPPORT/task_001.json,mechanism_traces/seed_976303/C1_SEMANTIC_SUPPORT/task_001.json,1,1,0.00945798,0.011522000000000001,43.640810500015505,f114bae81fde09494dd262f5dfc12630596eb94e74b1d6a3480cb53a9446e08d,82a7223fff3cc2b416775175e380e17d3cbb35602dc3b3ea3c8558eaabfae8a6
seed_976303_C1_SEMANTIC_SUPPORT_task_002,976303,C1_SEMANTIC_SUPPORT,2,dialog_trajectories/seed_976303/C1_SEMANTIC_SUPPORT/task_002.json,mechanism_traces/seed_976303/C1_SEMANTIC_SUPPORT/task_002.json,1,1,0.010830139999999999,0.012284,54.3576168330037,91634f4141ab2fb81eae17ef661bc849ccbabfb7b6106e6dfe16d5e9a4c52d44,6d828229dbd0815a49f31d7ce48e9493de25d2402a71528152cacd1043a9e835
seed_976303_C1_SEMANTIC_SUPPORT_task_003,976303,C1_SEMANTIC_SUPPORT,3,dialog_trajectories/seed_976303/C1_SEMANTIC_SUPPORT/task_003.json,mechanism_traces/seed_976303/C1_SEMANTIC_SUPPORT/task_003.json,1,1,0.009218460000000001,0.008968,39.15239208302228,f4d54b998f9f10a601de80367587821665ee8e5e90722b0ca75387e7dadc324d,499d52eb5b9f05a6538815e3b6b6965df67cc057f19bc27de65fb4223c579f86
seed_976303_C1_SEMANTIC_SUPPORT_task_004,976303,C1_SEMANTIC_SUPPORT,4,dialog_trajectories/seed_976303/C1_SEMANTIC_SUPPORT/task_004.json,mechanism_traces/seed_976303/C1_SEMANTIC_SUPPORT/task_004.json,1,1,0.00819753,0.009822000000000001,39.31179920799332,41d6bbaaeaf3697bf05241789b127a17961d253c4c85dff04ca7cbc6a7b50eb3,9d2211ea9a09aa2e5b4121d7879da15718ae3e0976220b9c7b1182bc4c182b6f
seed_976303_C1_SEMANTIC_SUPPORT_task_005,976303,C1_SEMANTIC_SUPPORT,5,dialog_trajectories/seed_976303/C1_SEMANTIC_SUPPORT/task_005.json,mechanism_traces/seed_976303/C1_SEMANTIC_SUPPORT/task_005.json,1,1,0.012466170000000002,0.018261999999999997,56.543529041999136,07f1021a85326f4c962634562483918eb29c8800510490374a68afaa3808c5c5,e14e2c0b34325e3d45f7679e45d2a93c63c9ba89b40d3bacbd384fc88799363f
seed_976303_C1_SEMANTIC_SUPPORT_task_006,976303,C1_SEMANTIC_SUPPORT,6,dialog_trajectories/seed_976303/C1_SEMANTIC_SUPPORT/task_006.json,mechanism_traces/seed_976303/C1_SEMANTIC_SUPPORT/task_006.json,0,0,0.01360665,0.018487999999999997,75.94505087501602,673d48a684670c7480f804d1d945588009c21af6ec90edb7b0afd64d5df559a9,5e717cd90af505fbc2f47e5e281877b4f1cdbe5e540f62d6cb3d1963d7c66abb
seed_976303_C1_SEMANTIC_SUPPORT_task_007,976303,C1_SEMANTIC_SUPPORT,7,dialog_trajectories/seed_976303/C1_SEMANTIC_SUPPORT/task_007.json,mechanism_traces/seed_976303/C1_SEMANTIC_SUPPORT/task_007.json,1,1,0.00991686,0.016388,54.94250045900117,c601874df516fd206b2210d469dad727cca1053bd3da03a6a2bdb1fce4f215bc,43ae753e62f926b2c034b2c108a8aa5b156110b1370f1a3ad6e2b756ecc067f8
seed_976303_C1_SEMANTIC_SUPPORT_task_008,976303,C1_SEMANTIC_SUPPORT,8,dialog_trajectories/seed_976303/C1_SEMANTIC_SUPPORT/task_008.json,mechanism_traces/seed_976303/C1_SEMANTIC_SUPPORT/task_008.json,1,1,0.01123152,0.014443999999999999,57.52245791599853,d21724ee87afe34ac89521b2e6e55c5a8577417c9862faf0f81b1476039dcbcb,bf476965e335851d215da719975b8de106dbc008dbdefe4e1be49c6b7c1ceedb
seed_976303_C1_SEMANTIC_SUPPORT_task_009,976303,C1_SEMANTIC_SUPPORT,9,dialog_trajectories/seed_976303/C1_SEMANTIC_SUPPORT/task_009.json,mechanism_traces/seed_976303/C1_SEMANTIC_SUPPORT/task_009.json,1,1,0.00924599,0.012518,46.70706058299402,a0a021edc3147838eaac430f92371dad181f92f1957b6a454eaecb3e5ddc4e51,85c46795354a6a80d8242ea0e5e45d1616171e257ea1b10c068e31e1bd3e370b
seed_976303_C1_SEMANTIC_SUPPORT_task_010,976303,C1_SEMANTIC_SUPPORT,10,dialog_trajectories/seed_976303/C1_SEMANTIC_SUPPORT/task_010.json,mechanism_traces/seed_976303/C1_SEMANTIC_SUPPORT/task_010.json,1,1,0.00434573,0.010874,31.647817250006483,968a731cd09a972a5d60b23b7c14db9723d712d6c39fc56f5e963d86dfd298ee,a52f946b7e085824e8a418eb0f167d0b2e1da86aabe24541c4140c138bd9ed6b
seed_976303_C1_SEMANTIC_SUPPORT_task_011,976303,C1_SEMANTIC_SUPPORT,11,dialog_trajectories/seed_976303/C1_SEMANTIC_SUPPORT/task_011.json,mechanism_traces/seed_976303/C1_SEMANTIC_SUPPORT/task_011.json,1,1,0.009848899999999999,0.012820000000000002,48.118713250005385,1e26f8b0752dfbe084b5373bce0fab88afd9c9b3799ecd815c57699f72115715,634c6ad258f9805ef8262c9597653e35c2f047dc01a7828d6b8270abbd64892c
seed_976303_C1_SEMANTIC_SUPPORT_task_012,976303,C1_SEMANTIC_SUPPORT,12,dialog_trajectories/seed_976303/C1_SEMANTIC_SUPPORT/task_012.json,mechanism_traces/seed_976303/C1_SEMANTIC_SUPPORT/task_012.json,1,1,0.00734908,0.010702,38.086121874992386,38ed61b43f6b9dfe414d161d55ae94c711887a0dbcc262921501970686245856,e20ee1e872951cd918564b84230d244a3bf8ff640d00b27a03f18aaaccc0ba9a
seed_976303_C1_SEMANTIC_SUPPORT_task_013,976303,C1_SEMANTIC_SUPPORT,13,dialog_trajectories/seed_976303/C1_SEMANTIC_SUPPORT/task_013.json,mechanism_traces/seed_976303/C1_SEMANTIC_SUPPORT/task_013.json,1,1,0.00843309,0.016714,54.87061904100119,d2efed08981afce7adbd51ad9df7ff5c127c85f3427695c57fb4b66378f3c8d0,fbb477a8fcd7e8aec1937b7fc31ea76c28432cc1377b6ef8f814841174517736
seed_976303_C1_SEMANTIC_SUPPORT_task_014,976303,C1_SEMANTIC_SUPPORT,14,dialog_trajectories/seed_976303/C1_SEMANTIC_SUPPORT/task_014.json,mechanism_traces/seed_976303/C1_SEMANTIC_SUPPORT/task_014.json,1,1,0.0082577,0.011672,43.0271730000095,83316277b1242d53b361ea225c8ba2c12c6255fc29e7005364d3a031a196199a,ea1a60d334be3556c2eb943a3cc848d26742edf21a94af0ad1f80eda0b710978
seed_976303_C1_SEMANTIC_SUPPORT_task_015,976303,C1_SEMANTIC_SUPPORT,15,dialog_trajectories/seed_976303/C1_SEMANTIC_SUPPORT/task_015.json,mechanism_traces/seed_976303/C1_SEMANTIC_SUPPORT/task_015.json,0,0,0.0107581,0.014362,54.87227779100067,1aa8a6735d2c6767f8247cab2dbcac9fb36ac19542e3705beb7f82609c696fd1,c601499a775468fa5a967987bc93bea4400afb1b2262cdae64f8365d012b1d7a
seed_976303_C1_SEMANTIC_SUPPORT_task_016,976303,C1_SEMANTIC_SUPPORT,16,dialog_trajectories/seed_976303/C1_SEMANTIC_SUPPORT/task_016.json,mechanism_traces/seed_976303/C1_SEMANTIC_SUPPORT/task_016.json,1,1,0.00861201,0.007308,36.93486416700762,3dc817771b5cd2cd1c0cbe7036ec83517dd6b4675d2ae188b76d0b0ac0f71b76,29782b6a3898e1cc06f623ea1dedb14a2411d37864eb41ce68cdb8dd6cee1752
seed_976303_C1_SEMANTIC_SUPPORT_task_017,976303,C1_SEMANTIC_SUPPORT,17,dialog_trajectories/seed_976303/C1_SEMANTIC_SUPPORT/task_017.json,mechanism_traces/seed_976303/C1_SEMANTIC_SUPPORT/task_017.json,1,1,0.00454326,0.010075999999999998,27.395670083991718,e4ee80aea304cbe71b3266387b80b50c44755d98c36802380137a41abc716dcc,74801940d633979a242d2a7e28d89818a62aa26a098797c5f8403935348ed624
seed_976303_C1_SEMANTIC_SUPPORT_task_018,976303,C1_SEMANTIC_SUPPORT,18,dialog_trajectories/seed_976303/C1_SEMANTIC_SUPPORT/task_018.json,mechanism_traces/seed_976303/C1_SEMANTIC_SUPPORT/task_018.json,1,1,0.010862860000000002,0.018389999999999997,67.29281304100004,1f1b72af5ce0f0f57bbac3a0ebd7434157b20b5fde53e1ab489190cc874006aa,bc8671cf80652b0c83fedfe7257426e5eee34caa09830ce9ba0dd629bac0252e
seed_976303_C1_SEMANTIC_SUPPORT_task_019,976303,C1_SEMANTIC_SUPPORT,19,dialog_trajectories/seed_976303/C1_SEMANTIC_SUPPORT/task_019.json,mechanism_traces/seed_976303/C1_SEMANTIC_SUPPORT/task_019.json,1,1,0.013869410000000002,0.015642,75.3879792499938,bd8545ae6d764e4e88c9c6519459497b30f1fb2a757f4e4d17d80603320a11df,136a838b0c04a1bcdad631a8b8c387f07e05e1fe8115c380faf7c3ca093dcbb6
seed_976303_C1_SEMANTIC_SUPPORT_task_020,976303,C1_SEMANTIC_SUPPORT,20,dialog_trajectories/seed_976303/C1_SEMANTIC_SUPPORT/task_020.json,mechanism_traces/seed_976303/C1_SEMANTIC_SUPPORT/task_020.json,1,1,0.00817741,0.012279999999999998,38.01212437500362,198b6421f2a70bb7a9682ab76e4637667ed1ddc6bb9a1c66b61f95f8347fcfbb,8d4f1dcab4726cf1c7ea18571d21faaf887a78f7f10858d6f3e0df46e4bc5b25
seed_976303_C1_SEMANTIC_SUPPORT_task_021,976303,C1_SEMANTIC_SUPPORT,21,dialog_trajectories/seed_976303/C1_SEMANTIC_SUPPORT/task_021.json,mechanism_traces/seed_976303/C1_SEMANTIC_SUPPORT/task_021.json,1,1,0.011408320000000001,0.011045999999999999,54.94030220899731,418e4e4a8806c61a2c15eccd2b17e8bb3180d3886b7026ea6ea25d3a53e724b5,40d81a8073d7127a445996c2cfd3b4a958179d4be29968d028ff8bb3a92f28ea
seed_976303_C1_SEMANTIC_SUPPORT_task_022,976303,C1_SEMANTIC_SUPPORT,22,dialog_trajectories/seed_976303/C1_SEMANTIC_SUPPORT/task_022.json,mechanism_traces/seed_976303/C1_SEMANTIC_SUPPORT/task_022.json,1,1,0.011072589999999998,0.011316,45.61808737498359,1ea371c1fd5f16f40d0650412fe87bfd8318356e31d972b5f4bfb6f4f2537242,14d2361995ba63cd4fab8ce3d38081a18c0947bbae1aba249ca196c959f7165e
seed_976303_C1_SEMANTIC_SUPPORT_task_023,976303,C1_SEMANTIC_SUPPORT,23,dialog_trajectories/seed_976303/C1_SEMANTIC_SUPPORT/task_023.json,mechanism_traces/seed_976303/C1_SEMANTIC_SUPPORT/task_023.json,0,0,0.018460800000000003,0.012949999999999996,78.39859720900131,eb4ae3c8c1f2058906acfc26243931532310fe5433fe0afa69e7d0b0b385af50,118fbf85a8f77b910cfb7fcaa7f92c533c7fd4eeac3167a92a9be6649015b119
seed_976303_C1_SEMANTIC_SUPPORT_task_024,976303,C1_SEMANTIC_SUPPORT,24,dialog_trajectories/seed_976303/C1_SEMANTIC_SUPPORT/task_024.json,mechanism_traces/seed_976303/C1_SEMANTIC_SUPPORT/task_024.json,1,1,0.00411434,0.01092,23.875664749997668,f4e7f094b148d6f9d8cd2b3ae1386cd5264a605621f522a689730f2d5575d7a4,e2b4c8aeed773790fd2fe5f620ddb62e4d2f1a458e364c1809949220eb7607c5
seed_976303_C1_SEMANTIC_SUPPORT_task_025,976303,C1_SEMANTIC_SUPPORT,25,dialog_trajectories/seed_976303/C1_SEMANTIC_SUPPORT/task_025.json,mechanism_traces/seed_976303/C1_SEMANTIC_SUPPORT/task_025.json,0,0,0.00808392,0.009122,41.62482674999046,ce1c06ff3a23d61c2f680e3e958085b53aa9534212cabd82e55b50109da0f5a0,83a429089bf524cc9db1e26e548e3cb16532e83a36e3e2f3707491b14888000f
seed_976303_C1_SEMANTIC_SUPPORT_task_026,976303,C1_SEMANTIC_SUPPORT,26,dialog_trajectories/seed_976303/C1_SEMANTIC_SUPPORT/task_026.json,mechanism_traces/seed_976303/C1_SEMANTIC_SUPPORT/task_026.json,1,1,0.006832790000000001,0.008681999999999999,31.337457499990705,3251ef033649c21a631e7f7581f31de5c45b4a7725eb4e5842cded1566eff01a,b20c4f69e4dcc1732b6781f1191d721e21e492dea751f633a855146226e27abe
seed_976303_C1_SEMANTIC_SUPPORT_task_027,976303,C1_SEMANTIC_SUPPORT,27,dialog_trajectories/seed_976303/C1_SEMANTIC_SUPPORT/task_027.json,mechanism_traces/seed_976303/C1_SEMANTIC_SUPPORT/task_027.json,1,1,0.01194914,0.012155999999999998,58.94214629101043,15281bf93d4fec48fe1860cd540d42fcd593cfd908d5ea18f9d3d7ec4e7c9b8a,b8043ae6dba88b7b0e501247f332d15372e3a35d557954e3f494d828bb5446fb
seed_976303_C1_SEMANTIC_SUPPORT_task_028,976303,C1_SEMANTIC_SUPPORT,28,dialog_trajectories/seed_976303/C1_SEMANTIC_SUPPORT/task_028.json,mechanism_traces/seed_976303/C1_SEMANTIC_SUPPORT/task_028.json,1,1,0.011357170000000002,0.025519999999999998,63.36339912499534,9d3b046bfeb4ba70663ebe0c60d04f62202de13fde4591368d8f4df37db93445,e12b8b68f3f866374c7e2a51a4f5c0d9cff313f071bf21ae1dda3638b7825761
seed_976303_C1_SEMANTIC_SUPPORT_task_029,976303,C1_SEMANTIC_SUPPORT,29,dialog_trajectories/seed_976303/C1_SEMANTIC_SUPPORT/task_029.json,mechanism_traces/seed_976303/C1_SEMANTIC_SUPPORT/task_029.json,1,1,0.011363469999999999,0.011698,51.16449066699715,6630182e39eee02b2fe02a4789824153ee68b8a6526a0c6d1f763f8a6282af26,a79ae34fdb8093f3285ef3b53ec7ecb44e68a3ff36041bcfb9d3e1b2ae20e417
seed_976303_C1_SEMANTIC_SUPPORT_task_030,976303,C1_SEMANTIC_SUPPORT,30,dialog_trajectories/seed_976303/C1_SEMANTIC_SUPPORT/task_030.json,mechanism_traces/seed_976303/C1_SEMANTIC_SUPPORT/task_030.json,1,1,0.01663086,0.018279999999999998,69.47956150001846,edf468acfdd64fe1090f960372ea97a9c9203f3b66f74c264c85dfebaec3ddc6,02e971249d983fa665581962f8f65f5677b361f93e02ac4d5788fb7b6e62daf7
seed_976303_C1_SEMANTIC_SUPPORT_task_031,976303,C1_SEMANTIC_SUPPORT,31,dialog_trajectories/seed_976303/C1_SEMANTIC_SUPPORT/task_031.json,mechanism_traces/seed_976303/C1_SEMANTIC_SUPPORT/task_031.json,0,0,0.00414191,0.007313999999999999,21.312990791993798,ef9d21dfee3eeaefc10918e854c95e2533531763a5d7e1e98f9fa7482ae18e1d,6eeefe0ffac7047a9c6a1971aa7e32eafdd64c1099f84c371af1a459f46c15b2
seed_976303_C1_SEMANTIC_SUPPORT_task_032,976303,C1_SEMANTIC_SUPPORT,32,dialog_trajectories/seed_976303/C1_SEMANTIC_SUPPORT/task_032.json,mechanism_traces/seed_976303/C1_SEMANTIC_SUPPORT/task_032.json,1,1,0.01432557,0.018844000000000003,63.09554137499072,2e8ccda51816933ebc07c2b430d8772f56709b67178305f1d2967476f68d6330,f0e8685f2672e6f554827485c506d16fbf15947f9e3fa604293a01f41eef5148
seed_976303_C1_SEMANTIC_SUPPORT_task_033,976303,C1_SEMANTIC_SUPPORT,33,dialog_trajectories/seed_976303/C1_SEMANTIC_SUPPORT/task_033.json,mechanism_traces/seed_976303/C1_SEMANTIC_SUPPORT/task_033.json,1,1,0.01013473,0.018986000000000003,49.96681179199368,aea730b2402d3a5197de4f2702e8a22fc2ebf714b4e32b74b4b77e3c946648e6,1f6870a0f769031b783fa78492a033904f53d1666017475540b61f9b250dc8d0
seed_976303_C1_SEMANTIC_SUPPORT_task_034,976303,C1_SEMANTIC_SUPPORT,34,dialog_trajectories/seed_976303/C1_SEMANTIC_SUPPORT/task_034.json,mechanism_traces/seed_976303/C1_SEMANTIC_SUPPORT/task_034.json,0,0,0.01173751,0.022369999999999998,67.21791400000802,0bbd9d7eb33adbfe0ad5d72b6a7c5d76252a674df008fe12d04911945e22c105,c8efc1dd0f0c5dbf4c06ebd3926d467bcd32ec2402e18f049aaaca59e3c09afa
seed_976303_C1_SEMANTIC_SUPPORT_task_035,976303,C1_SEMANTIC_SUPPORT,35,dialog_trajectories/seed_976303/C1_SEMANTIC_SUPPORT/task_035.json,mechanism_traces/seed_976303/C1_SEMANTIC_SUPPORT/task_035.json,1,1,0.016749229999999997,0.022196,75.10358083300525,d4e5fea4a928fa9272b8c7800e9b2ca13f778565a17ec23e17a92ff19be61b6b,490d2b728f39b98bdd503dffdcf3f896de088375c7438ce8b6b7dac368db6936
seed_976303_C1_SEMANTIC_SUPPORT_task_036,976303,C1_SEMANTIC_SUPPORT,36,dialog_trajectories/seed_976303/C1_SEMANTIC_SUPPORT/task_036.json,mechanism_traces/seed_976303/C1_SEMANTIC_SUPPORT/task_036.json,1,1,0.01076685,0.011492,49.59819258398784,6b25f05353806ebf8c5aafa84445a8e26395be3e807af30cadf230e1b78a35a4,b3621623f0d3a2944695c0a0ccff13e596d580e22591629edfdb039e671d3524
seed_976303_C1_SEMANTIC_SUPPORT_task_038,976303,C1_SEMANTIC_SUPPORT,38,dialog_trajectories/seed_976303/C1_SEMANTIC_SUPPORT/task_038.json,mechanism_traces/seed_976303/C1_SEMANTIC_SUPPORT/task_038.json,0,0,0.01352143,0.01586,66.75379995899857,5eba32be61365570b820760ced164a340d05bd6a0996d17e73d21cc02de87161,71c1a397d9253f023b4ca5ccd27dab3293ecc63cab263a0266a1ee204b7c2ab9
seed_976303_C1_SEMANTIC_SUPPORT_task_039,976303,C1_SEMANTIC_SUPPORT,39,dialog_trajectories/seed_976303/C1_SEMANTIC_SUPPORT/task_039.json,mechanism_traces/seed_976303/C1_SEMANTIC_SUPPORT/task_039.json,1,1,0.00540953,0.013412,35.965959042005125,38e9080db2e8388d16b08b37ac4c7cf45344c4e4ac4158b44838ea554526b149,529ac8914f409da14bd9e83e9dee71524ea6f7d70e48e2b1381c0914f4bab76d
seed_976303_C1_SEMANTIC_SUPPORT_task_040,976303,C1_SEMANTIC_SUPPORT,40,dialog_trajectories/seed_976303/C1_SEMANTIC_SUPPORT/task_040.json,mechanism_traces/seed_976303/C1_SEMANTIC_SUPPORT/task_040.json,1,1,0.00439947,0.010452,26.45400924999558,f42fed4a36aa68e4da6e4313959de7b37f7011350f52107d8d82ad54de96a2fe,12ac56042edfbfdf733aaff0602e7c4723e5436ecabca827a23de983759c0614
seed_976303_C1_SEMANTIC_SUPPORT_task_042,976303,C1_SEMANTIC_SUPPORT,42,dialog_trajectories/seed_976303/C1_SEMANTIC_SUPPORT/task_042.json,mechanism_traces/seed_976303/C1_SEMANTIC_SUPPORT/task_042.json,0,0,0.010986300000000001,0.016444,47.0383379170089,5aece40f49f3d7855c4fa3b3456a8a8fd021651a089dae818eba7e32778add27,c7b12cca66cbfaf1ad7ff650f34e3e1ce3bca3102a063949f66c05967c5e6c84
seed_976303_C1_SEMANTIC_SUPPORT_task_043,976303,C1_SEMANTIC_SUPPORT,43,dialog_trajectories/seed_976303/C1_SEMANTIC_SUPPORT/task_043.json,mechanism_traces/seed_976303/C1_SEMANTIC_SUPPORT/task_043.json,0,0,0.008341649999999999,0.015902,49.041808709007455,056df68ebc7fc5d50cfff8662415134ac871da694b5d4373a735311eb12f21e4,ac598576622bea6519411a750bda85f09f366bd50df9bb3bc62ad1aecd9e7414
seed_976303_C1_SEMANTIC_SUPPORT_task_045,976303,C1_SEMANTIC_SUPPORT,45,dialog_trajectories/seed_976303/C1_SEMANTIC_SUPPORT/task_045.json,mechanism_traces/seed_976303/C1_SEMANTIC_SUPPORT/task_045.json,0,0,0.007610830000000001,0.015691999999999998,40.21047020799597,5883e78e0a8de856b792870f351579f9a0509085716c286d8db19f848cf80dc0,e6b053ca56487bf3dbf43e03435d7902bae642e32e3f483792d4a652554b35b5
seed_976303_C1_SEMANTIC_SUPPORT_task_049,976303,C1_SEMANTIC_SUPPORT,49,dialog_trajectories/seed_976303/C1_SEMANTIC_SUPPORT/task_049.json,mechanism_traces/seed_976303/C1_SEMANTIC_SUPPORT/task_049.json,1,1,0.01370376,0.02028,64.92966104099469,e2d9875ac9d7385c77fa62fa04b737c3ed9cf348836819ca2c23c500be38971f,6c10e673411f8bd81af769ff3ef9173071e5740edcfd4dd32e3481397e72267b
seed_976303_C1_SEMANTIC_SUPPORT_task_050,976303,C1_SEMANTIC_SUPPORT,50,dialog_trajectories/seed_976303/C1_SEMANTIC_SUPPORT/task_050.json,mechanism_traces/seed_976303/C1_SEMANTIC_SUPPORT/task_050.json,1,1,0.00234167,0.004076,14.664911542000482,552766910d268d953ea458618f792a46b9f5dc4235d9df9d8ba3e13998b84df7,3ad6ce25142ef32c94b443457d538657ff35e2ecece21a1c77ea6851d490f9d6
seed_976303_C1_SEMANTIC_SUPPORT_task_051,976303,C1_SEMANTIC_SUPPORT,51,dialog_trajectories/seed_976303/C1_SEMANTIC_SUPPORT/task_051.json,mechanism_traces/seed_976303/C1_SEMANTIC_SUPPORT/task_051.json,1,1,0.00632374,0.011195999999999998,36.063578375004,33ea06307378315ebae49a1765a1c71d6b60b9bac6ca7ea414d2200a39d28978,aa885897410ec834e12232e08d93998ed17fd4b0b2dc5908e8d0d4134d39ce2e
seed_976303_C1_SEMANTIC_SUPPORT_task_053,976303,C1_SEMANTIC_SUPPORT,53,dialog_trajectories/seed_976303/C1_SEMANTIC_SUPPORT/task_053.json,mechanism_traces/seed_976303/C1_SEMANTIC_SUPPORT/task_053.json,1,1,0.0074322799999999994,0.010524,48.112217125002644,cc8ae91536cda29a11fd04355329960d7443407a9ffd80396c276860d2bfde0c,7c97f66e3527fddac5b38417cddeb8f20a8eda9a7770e56849ee9a80235fb65e
seed_976303_C1_SEMANTIC_SUPPORT_task_054,976303,C1_SEMANTIC_SUPPORT,54,dialog_trajectories/seed_976303/C1_SEMANTIC_SUPPORT/task_054.json,mechanism_traces/seed_976303/C1_SEMANTIC_SUPPORT/task_054.json,1,1,0.01371313,0.010575999999999999,52.94401962499251,720baf86ced9e0d4e0f8496f43654c514391f4f3f32f2ddd69099af3c15597d8,e7cf81682235c3bc32adeae37e0942b1993d8074dfc7e22a30d136d24f0a5868
seed_976303_C1_SEMANTIC_SUPPORT_task_055,976303,C1_SEMANTIC_SUPPORT,55,dialog_trajectories/seed_976303/C1_SEMANTIC_SUPPORT/task_055.json,mechanism_traces/seed_976303/C1_SEMANTIC_SUPPORT/task_055.json,1,1,0.01473525,0.019497999999999998,51.80737883300753,f9b2a4df7a1cb79bc627be773142628aff1f7e5ff518f0c8726888098e3716ba,41a40905b7a0f1c034cec2cc5b466353f1528fd5e8349ddb6920f45d7f81c642
seed_976303_C1_SEMANTIC_SUPPORT_task_056,976303,C1_SEMANTIC_SUPPORT,56,dialog_trajectories/seed_976303/C1_SEMANTIC_SUPPORT/task_056.json,mechanism_traces/seed_976303/C1_SEMANTIC_SUPPORT/task_056.json,0,0,0.0034614900000000002,0.0073019999999999995,18.897810708003817,4e8c81671a82f83e4a14f6e99fb770c254824006d5eec3d8646a0cb6108ca736,639de6296d46ef368b74108297c4e0c5e43eeefa43770260f16bddb7adf39b77
seed_976303_C1_SEMANTIC_SUPPORT_task_059,976303,C1_SEMANTIC_SUPPORT,59,dialog_trajectories/seed_976303/C1_SEMANTIC_SUPPORT/task_059.json,mechanism_traces/seed_976303/C1_SEMANTIC_SUPPORT/task_059.json,0,0,0.00646528,0.011695999999999998,30.61488599999575,4c5c40e88117d926eb0a9c316521db0f9801f03878a39bbd3a34ab98acf708b3,00e328d4bc50bdb348b3022a48fc9f8a0c2d048ca5d3d6746dbe569e83980969
seed_976303_C1_SEMANTIC_SUPPORT_task_060,976303,C1_SEMANTIC_SUPPORT,60,dialog_trajectories/seed_976303/C1_SEMANTIC_SUPPORT/task_060.json,mechanism_traces/seed_976303/C1_SEMANTIC_SUPPORT/task_060.json,1,1,0.006974210000000001,0.007532,34.47944562500925,f5875f84567e8c16ecbaf501e8f3570c5f51ede79b7c591a61e5af0d259c2a42,6c75b93fa0bb5038cff766c0eb9ea881a709ff47a39c074d1eec6c6a65edd8fa
seed_976303_C1_SEMANTIC_SUPPORT_task_061,976303,C1_SEMANTIC_SUPPORT,61,dialog_trajectories/seed_976303/C1_SEMANTIC_SUPPORT/task_061.json,mechanism_traces/seed_976303/C1_SEMANTIC_SUPPORT/task_061.json,1,1,0.00782015,0.007124,35.690853167005116,e302e30ce06a678e9c4d2a4e0083bec8292ede19f714294a5e757c648307b698,725e2cc183749081eff002256810ec243c036f3e09eeaf6410e68aa316b3eeae
seed_976303_C1_SEMANTIC_SUPPORT_task_062,976303,C1_SEMANTIC_SUPPORT,62,dialog_trajectories/seed_976303/C1_SEMANTIC_SUPPORT/task_062.json,mechanism_traces/seed_976303/C1_SEMANTIC_SUPPORT/task_062.json,1,1,0.00652843,0.013753999999999999,32.862863332993584,2fb6a69b98f2dc0c0340136d464ef13068cb10927b83562b4c548f8c939c53c9,2531bbabe0b55834356c79e63342a8b7f8f4aed8feda88d408ee214e225363cc
seed_976303_C1_SEMANTIC_SUPPORT_task_064,976303,C1_SEMANTIC_SUPPORT,64,dialog_trajectories/seed_976303/C1_SEMANTIC_SUPPORT/task_064.json,mechanism_traces/seed_976303/C1_SEMANTIC_SUPPORT/task_064.json,0,0,0.00386308,0.006732,26.022865165999974,126738172f17bf478954faf4bdb64695ba89822a96a6892a4c1cb54320c21d8e,52cb4944aeed33f9eb1073b9f8f21adaaf8deb1d3c3a0b6dd707df865b78133e
seed_976303_C1_SEMANTIC_SUPPORT_task_065,976303,C1_SEMANTIC_SUPPORT,65,dialog_trajectories/seed_976303/C1_SEMANTIC_SUPPORT/task_065.json,mechanism_traces/seed_976303/C1_SEMANTIC_SUPPORT/task_065.json,1,1,0.00508458,0.009555999999999999,27.05733829199744,388653a946c0b453acc8970f12eeb391872528c46c9f64e3c6bc7d17ff633310,c4d9a64092793bcce47c96ecf43c2a73e3cd9895ac2dca5a4f514c221023a3b9
seed_976303_C1_SEMANTIC_SUPPORT_task_068,976303,C1_SEMANTIC_SUPPORT,68,dialog_trajectories/seed_976303/C1_SEMANTIC_SUPPORT/task_068.json,mechanism_traces/seed_976303/C1_SEMANTIC_SUPPORT/task_068.json,1,1,0.0023263600000000004,0.008712,17.156277750007575,e29004cca45dc9d663e9e55f14cf2377b0a87fcfc2a319e030fde4a699fbda9e,1edb632febbc50d752483d670ae4c4bc2837687a79c20b3d4f595103cd0fc7ff
seed_976303_C1_SEMANTIC_SUPPORT_task_070,976303,C1_SEMANTIC_SUPPORT,70,dialog_trajectories/seed_976303/C1_SEMANTIC_SUPPORT/task_070.json,mechanism_traces/seed_976303/C1_SEMANTIC_SUPPORT/task_070.json,1,1,0.00715515,0.013404,47.98779304198979,4f5b329e1c22132f604bd81f07b80ecb014a07cbe228e520bacf55fadf61dc08,d03df1eb25174310ea43beb1f5224a52386eaef633c86cd079111cfc86ae6f12
seed_976303_C1_SEMANTIC_SUPPORT_task_071,976303,C1_SEMANTIC_SUPPORT,71,dialog_trajectories/seed_976303/C1_SEMANTIC_SUPPORT/task_071.json,mechanism_traces/seed_976303/C1_SEMANTIC_SUPPORT/task_071.json,0,0,0.01416077,0.017367999999999998,66.9072397909913,40c156e1a1a8fd419dd948c5be5c516cf8b51a852af21116b0ec7fc174baad70,9c5527e2a45debe2893614a7814ca054295477ccf11764c1dc51826fc678d76d
seed_976303_C1_SEMANTIC_SUPPORT_task_073,976303,C1_SEMANTIC_SUPPORT,73,dialog_trajectories/seed_976303/C1_SEMANTIC_SUPPORT/task_073.json,mechanism_traces/seed_976303/C1_SEMANTIC_SUPPORT/task_073.json,1,1,0.0033517099999999995,0.005598,20.79985579199274,ac59ad4f28f8cf9c1d0b39e96d5570a6398c71ff6f90b55bec84e817f194e859,9413b3bac01ba17a4add62b45cd8b9ad0633ee787a19454e94a2bb72a2ed3aec
seed_976303_C1_SEMANTIC_SUPPORT_task_074,976303,C1_SEMANTIC_SUPPORT,74,dialog_trajectories/seed_976303/C1_SEMANTIC_SUPPORT/task_074.json,mechanism_traces/seed_976303/C1_SEMANTIC_SUPPORT/task_074.json,1,1,0.01354576,0.014623999999999998,55.731510457990225,2d732deeb51a13d3c399caa17274324afc6a327c3379354630504036e2e798d5,3f18eb19a2383cb9778f8a4b29761398d6acc35f645adaad5bafa79deca5e0c2
seed_976303_C1_SEMANTIC_SUPPORT_task_075,976303,C1_SEMANTIC_SUPPORT,75,dialog_trajectories/seed_976303/C1_SEMANTIC_SUPPORT/task_075.json,mechanism_traces/seed_976303/C1_SEMANTIC_SUPPORT/task_075.json,1,1,0.00545291,0.006743999999999999,30.729330834001303,a51d7a4bb3787e881bdda5284727d88fd046e88942f410e557c4961da4091a10,1c581e981a4d64953f28b60a1d0ceb9a03f36be43db2c6aad6a3559cf9c77396
seed_976303_C1_SEMANTIC_SUPPORT_task_077,976303,C1_SEMANTIC_SUPPORT,77,dialog_trajectories/seed_976303/C1_SEMANTIC_SUPPORT/task_077.json,mechanism_traces/seed_976303/C1_SEMANTIC_SUPPORT/task_077.json,1,1,0.00442429,0.006218,32.53534091600159,0b74f75a693aa1cfb50bc9da6d1cc251a4bf9cbd79340f71c7273e8e41733d9f,177ab0d00d5cc6ba8c1f723590cf0f3714c80de49ec8198e21b56a8411da0712
seed_976303_C1_SEMANTIC_SUPPORT_task_079,976303,C1_SEMANTIC_SUPPORT,79,dialog_trajectories/seed_976303/C1_SEMANTIC_SUPPORT/task_079.json,mechanism_traces/seed_976303/C1_SEMANTIC_SUPPORT/task_079.json,1,1,0.00917218,0.012985999999999998,43.59923408299801,79e746fdfd3e142a7f1d7f6152c93394975f1690ad773b1d8844c8d504a25649,42a8d8103867548b3a718b6fca952f5dfa6dde54e98926b4a58a33b88429a0fd
seed_976303_C1_SEMANTIC_SUPPORT_task_080,976303,C1_SEMANTIC_SUPPORT,80,dialog_trajectories/seed_976303/C1_SEMANTIC_SUPPORT/task_080.json,mechanism_traces/seed_976303/C1_SEMANTIC_SUPPORT/task_080.json,1,1,0.01222458,0.018295999999999996,58.755471250013215,e124bd83288de68356604e3016a2b51ffa8eb8cabd01a5596f4841b4937fa789,d320224503a7b29abcc2d22f16ee655de1a6dbff6058fb265762386fb760f835
seed_976303_C1_SEMANTIC_SUPPORT_task_086,976303,C1_SEMANTIC_SUPPORT,86,dialog_trajectories/seed_976303/C1_SEMANTIC_SUPPORT/task_086.json,mechanism_traces/seed_976303/C1_SEMANTIC_SUPPORT/task_086.json,0,0,0.016105570000000003,0.016763999999999998,80.64151379100804,e90d60608c6cc495e55a8821d7fa7dc68889a196712d1d02a09d5ad8ed2a008a,3a10b05b2228c62f87dc445c99cb2300f77a181ef2a19ef25630e21276f67f90
seed_976303_C1_SEMANTIC_SUPPORT_task_087,976303,C1_SEMANTIC_SUPPORT,87,dialog_trajectories/seed_976303/C1_SEMANTIC_SUPPORT/task_087.json,mechanism_traces/seed_976303/C1_SEMANTIC_SUPPORT/task_087.json,0,0,0.007803470000000001,0.00766,37.565981249994365,fddfd72451682881890dbb9157785d409b293d4efd06fed8ef8b946ccd785420,3d7eff5c8dc37e22cd1886fc4fc35faa8c8cd2f6e80c01d6439ba83f6feaa3d5
seed_976303_C1_SEMANTIC_SUPPORT_task_090,976303,C1_SEMANTIC_SUPPORT,90,dialog_trajectories/seed_976303/C1_SEMANTIC_SUPPORT/task_090.json,mechanism_traces/seed_976303/C1_SEMANTIC_SUPPORT/task_090.json,1,1,0.0080598,0.014254,42.90898770799686,fd3e627916973e762878d78eb21c6d4be8343b9efbf91374018002b543d3e7c2,3388c4e3ffbebd970e481628bbf05cdb094962fd5349637233b704b7fd26f2a4
seed_976303_C1_SEMANTIC_SUPPORT_task_091,976303,C1_SEMANTIC_SUPPORT,91,dialog_trajectories/seed_976303/C1_SEMANTIC_SUPPORT/task_091.json,mechanism_traces/seed_976303/C1_SEMANTIC_SUPPORT/task_091.json,0,0,0.009713940000000003,0.0192,56.60865329200169,d2dbb82482ceb848047c4fce838f840038be5b3a66c3a9eb87e632b44d483492,c024c0b4d6fec6de5a628b0db3074b890249034f62944fb1eaedc7cef0109b97
seed_976303_C1_SEMANTIC_SUPPORT_task_094,976303,C1_SEMANTIC_SUPPORT,94,dialog_trajectories/seed_976303/C1_SEMANTIC_SUPPORT/task_094.json,mechanism_traces/seed_976303/C1_SEMANTIC_SUPPORT/task_094.json,0,0,0.007722129999999999,0.010644,44.9611917079892,3e2fe82745ffbf357bad23c472c57eef0b6c967a574c79bece942defbcea24d4,55e8db2369134d63965f5b241c97adead0bf699f5bab0630a0fc83f3b940a986
seed_976303_C1_SEMANTIC_SUPPORT_task_095,976303,C1_SEMANTIC_SUPPORT,95,dialog_trajectories/seed_976303/C1_SEMANTIC_SUPPORT/task_095.json,mechanism_traces/seed_976303/C1_SEMANTIC_SUPPORT/task_095.json,1,1,0.013434380000000001,0.015707999999999996,67.94888650000212,e175a02d2d572cb2f7b3425ee896f45178105a6e79304612562f3197350033fd,731d3c098d1e907264af18cf096af850c18aaff68d9eb590312fb784901e0348
seed_976303_C1_SEMANTIC_SUPPORT_task_097,976303,C1_SEMANTIC_SUPPORT,97,dialog_trajectories/seed_976303/C1_SEMANTIC_SUPPORT/task_097.json,mechanism_traces/seed_976303/C1_SEMANTIC_SUPPORT/task_097.json,1,1,0.01114695,0.014849999999999999,59.09458508300304,5ea8c16575bb7c354f2b6d541955716334dd4a49fed20af241cd90079166f835,6667bbdfe98fecee0ac5829cb7eb05b4e192396038403a3db6a9544150906ddb
seed_976303_C1_SEMANTIC_SUPPORT_task_099,976303,C1_SEMANTIC_SUPPORT,99,dialog_trajectories/seed_976303/C1_SEMANTIC_SUPPORT/task_099.json,mechanism_traces/seed_976303/C1_SEMANTIC_SUPPORT/task_099.json,0,0,0.015760970000000003,0.009326,68.6150734170078,eda71403ae4c0b6c611903d50e86d7455c36a667d5cb37a1961e60c66fe7a368,3725b9a7f69c68cb2e0edec33fe423beda9a0df35b73577108040d9b2384840a
seed_976303_C1_SEMANTIC_SUPPORT_task_100,976303,C1_SEMANTIC_SUPPORT,100,dialog_trajectories/seed_976303/C1_SEMANTIC_SUPPORT/task_100.json,mechanism_traces/seed_976303/C1_SEMANTIC_SUPPORT/task_100.json,1,1,0.015432459999999999,0.012728,61.75451416699798,a99e28968d3ffca91bc733c22860be04fe47be70e7c111731889d3469d157809,0de21d41c98733b887b9977b0d9cb610b898c7d827219943854bf4152599ff51
seed_976303_C1_SEMANTIC_SUPPORT_task_101,976303,C1_SEMANTIC_SUPPORT,101,dialog_trajectories/seed_976303/C1_SEMANTIC_SUPPORT/task_101.json,mechanism_traces/seed_976303/C1_SEMANTIC_SUPPORT/task_101.json,1,1,0.016161190000000002,0.018618,86.04290304200549,36b0fb7bb752d3c2e00c282f1e3ae9413b69d3ef1242d84f30e0b8564f804129,9f8f05383f1df095c351baacfc3ca8326ca6ee61d70ee12bfcc5ee39ad5843c5
seed_976303_C1_SEMANTIC_SUPPORT_task_102,976303,C1_SEMANTIC_SUPPORT,102,dialog_trajectories/seed_976303/C1_SEMANTIC_SUPPORT/task_102.json,mechanism_traces/seed_976303/C1_SEMANTIC_SUPPORT/task_102.json,1,1,0.018067929999999996,0.016068,94.56133529100043,edd5d6d2ed39e98331d2c8b109bc5baf70c3862dd15a068f45767db32cb75e51,d811acbdc44b563a410a6d284ee61c3e96ee2111201d17e13b65b6ebaad49ae8
seed_976303_C1_SEMANTIC_SUPPORT_task_105,976303,C1_SEMANTIC_SUPPORT,105,dialog_trajectories/seed_976303/C1_SEMANTIC_SUPPORT/task_105.json,mechanism_traces/seed_976303/C1_SEMANTIC_SUPPORT/task_105.json,1,0,0.008037540000000001,0.011856,50.91906262500561,d6b654cdbfb64b9bb5de7155d757777197f369a34ed901a57cb3b07b7efcd9f1,c596775cad399b2237fe919de266721b1ab3cba3accd6edff8f4fb6c34661b64
seed_976303_C1_SEMANTIC_SUPPORT_task_108,976303,C1_SEMANTIC_SUPPORT,108,dialog_trajectories/seed_976303/C1_SEMANTIC_SUPPORT/task_108.json,mechanism_traces/seed_976303/C1_SEMANTIC_SUPPORT/task_108.json,1,1,0.00806419,0.013578000000000003,39.88630370800092,d161345a847de92d95d71959c29239973e0526e9378849992a96f16b117862c1,10ce8190ffdcd5a642cbc4466a57ffdacbe651eb2de956db4a877ce88378f009
seed_976303_C1_SEMANTIC_SUPPORT_task_111,976303,C1_SEMANTIC_SUPPORT,111,dialog_trajectories/seed_976303/C1_SEMANTIC_SUPPORT/task_111.json,mechanism_traces/seed_976303/C1_SEMANTIC_SUPPORT/task_111.json,0,0,0.02084071,0.019628,92.82504687500477,4c87cad9cb5e3b29b5724f1aad7d28570e11dc8a3b5407e54a12e16ec49ae0b5,228f121bce9800770f1ce2a1dcc2b9fbeb1df48828dafaa7a1292b82e7976279
seed_976303_C1_SEMANTIC_SUPPORT_task_113,976303,C1_SEMANTIC_SUPPORT,113,dialog_trajectories/seed_976303/C1_SEMANTIC_SUPPORT/task_113.json,mechanism_traces/seed_976303/C1_SEMANTIC_SUPPORT/task_113.json,1,1,0.00469624,0.0075899999999999995,25.05639358299959,d4b52f3607a492e001d0fca1b9b4fd8f37b742108f1c7ce29086e1e8a5edc0ae,c492f7c7dc50aa0b82cfe881131d73a200318ff4ab8a5895a15db1ae1aa7ee28
seed_976303_C2_PREWRITE_CONTROL_task_000,976303,C2_PREWRITE_CONTROL,0,dialog_trajectories/seed_976303/C2_PREWRITE_CONTROL/task_000.json,mechanism_traces/seed_976303/C2_PREWRITE_CONTROL/task_000.json,0,0,0.007300109999999999,0.010358,39.28241916600382,213aa2bdfcfc200ae4067ce17e58b53b0851bfa128e3cabf0f160edd57b0b46e,8ae1a3b285bfc954f603da76bc372131a6c25164ab61afaa5315527518377bc3
seed_976303_C2_PREWRITE_CONTROL_task_001,976303,C2_PREWRITE_CONTROL,1,dialog_trajectories/seed_976303/C2_PREWRITE_CONTROL/task_001.json,mechanism_traces/seed_976303/C2_PREWRITE_CONTROL/task_001.json,1,1,0.007156440000000001,0.008676,31.50549312500516,8e89e673fa547e1184efbcf143bfcf8068d1bf031bd1a7b1daaaaf8967836dfc,28c02f37228f8a2de3c0e73303a4f03c3901a896f78df84693abdea0c375cbe6
seed_976303_C2_PREWRITE_CONTROL_task_002,976303,C2_PREWRITE_CONTROL,2,dialog_trajectories/seed_976303/C2_PREWRITE_CONTROL/task_002.json,mechanism_traces/seed_976303/C2_PREWRITE_CONTROL/task_002.json,1,1,0.00622543,0.012638000000000002,30.43935000000056,1a0b9a1a06f1335c9ab05c013d113f9133ee39f07a837fbd91c4278b8aeb8efb,b367c6793695df236a317e84458850b076c98a2dd8a12c1ef6a53ae63440e2e8
seed_976303_C2_PREWRITE_CONTROL_task_003,976303,C2_PREWRITE_CONTROL,3,dialog_trajectories/seed_976303/C2_PREWRITE_CONTROL/task_003.json,mechanism_traces/seed_976303/C2_PREWRITE_CONTROL/task_003.json,0,0,0.00753628,0.008028,42.35902512498433,0b9269f0e5b0474dd919444263a4e14ef8a02f7f4ca8b607c1ec811987d129f5,e559c96dab288f545f083bbdab8851420c2c06a312bb66a103b7922a82be2609
seed_976303_C2_PREWRITE_CONTROL_task_004,976303,C2_PREWRITE_CONTROL,4,dialog_trajectories/seed_976303/C2_PREWRITE_CONTROL/task_004.json,mechanism_traces/seed_976303/C2_PREWRITE_CONTROL/task_004.json,1,1,0.007175770000000001,0.012601999999999999,38.704567874985514,d7308b80fb2cbccfd0f3950ef772ec8f3898bb212dc83e71fd4e6662d8e588d4,f564f50b4485e9f989ef28b70166b5455edc1ec3a7613a27f30f1804b82fda97
seed_976303_C2_PREWRITE_CONTROL_task_005,976303,C2_PREWRITE_CONTROL,5,dialog_trajectories/seed_976303/C2_PREWRITE_CONTROL/task_005.json,mechanism_traces/seed_976303/C2_PREWRITE_CONTROL/task_005.json,1,1,0.007413750000000001,0.01568,35.10062891599955,b9840fe21a7af7765a7b8d7d89bb3bcdceac17d74f0d794a35b70aedf05b951f,6f3b670d075fd5c1156cd231a22fcd10fe737e2b204af6ae3d57cf463a6b85cf
seed_976303_C2_PREWRITE_CONTROL_task_006,976303,C2_PREWRITE_CONTROL,6,dialog_trajectories/seed_976303/C2_PREWRITE_CONTROL/task_006.json,mechanism_traces/seed_976303/C2_PREWRITE_CONTROL/task_006.json,1,1,0.00894097,0.014770000000000002,50.261596207972616,5209cb21329b43ead460574f4761a9a9baf99e5012f2c78ec6375fb466fbf3da,d09a39935401fdbd6b926c451aa56266afd91e1c31e453f3abda0709fa532616
seed_976303_C2_PREWRITE_CONTROL_task_007,976303,C2_PREWRITE_CONTROL,7,dialog_trajectories/seed_976303/C2_PREWRITE_CONTROL/task_007.json,mechanism_traces/seed_976303/C2_PREWRITE_CONTROL/task_007.json,0,0,0.010809969999999999,0.015784,61.4323929999955,88a632671a891c1ec086e1d5b3468f2335f41b6c82b49c4d80e033fd461403c2,47bfac59426372d3803b11c9d857260fd068728830b367be88fba86af9f4bc23
seed_976303_C2_PREWRITE_CONTROL_task_008,976303,C2_PREWRITE_CONTROL,8,dialog_trajectories/seed_976303/C2_PREWRITE_CONTROL/task_008.json,mechanism_traces/seed_976303/C2_PREWRITE_CONTROL/task_008.json,1,1,0.007719419999999999,0.014772,41.04741337499581,26b44bb38062f1c0f98f7eff9b600e1b23b48563c45035d935f3c27d7c39da8d,ac7853e360b8123bb0172fb003e35a5f84a704599bef09affdfbdbd5c305c8e7
seed_976303_C2_PREWRITE_CONTROL_task_009,976303,C2_PREWRITE_CONTROL,9,dialog_trajectories/seed_976303/C2_PREWRITE_CONTROL/task_009.json,mechanism_traces/seed_976303/C2_PREWRITE_CONTROL/task_009.json,1,1,0.00711062,0.017877999999999998,41.708997374997125,89a1124e633f00b3e05ba9d78c46026f7d8d60ad26d82081a83770d3c0bb8e82,6468df8ee8fcab41076e97294d2fb02eea1b95d6736bd222577594a7defe7e96
seed_976303_C2_PREWRITE_CONTROL_task_010,976303,C2_PREWRITE_CONTROL,10,dialog_trajectories/seed_976303/C2_PREWRITE_CONTROL/task_010.json,mechanism_traces/seed_976303/C2_PREWRITE_CONTROL/task_010.json,1,1,0.00491881,0.012296,31.678244583003107,7a0298465a93ff45ab02cd8a0953de25db345200b53447837b9c2fa2e2dac122,4ce6ff4a57d2e4ab7554eeab48784e0f104e7092fc675264faa7d62590d0e3d8
seed_976303_C2_PREWRITE_CONTROL_task_011,976303,C2_PREWRITE_CONTROL,11,dialog_trajectories/seed_976303/C2_PREWRITE_CONTROL/task_011.json,mechanism_traces/seed_976303/C2_PREWRITE_CONTROL/task_011.json,1,1,0.006241189999999999,0.014577999999999999,34.09878504197695,200108a5897aa94c93a2368b70eab5b5729015c4439a50fd5ba75692edf050f5,5846569cfe50ea6f77c3b6ccdd53f6e61e6870d0cd7d4f3c87b20bc484e193e4
seed_976303_C2_PREWRITE_CONTROL_task_012,976303,C2_PREWRITE_CONTROL,12,dialog_trajectories/seed_976303/C2_PREWRITE_CONTROL/task_012.json,mechanism_traces/seed_976303/C2_PREWRITE_CONTROL/task_012.json,1,1,0.00400865,0.009692,23.907465833006427,6dddf7840163239d14188b01c0af4fb2dc3eb25eda6162f99cfccf3c80a79fce,d38a8e24e87fd1736926bbf761d8c671d9ba2e5a6e8b96991de30be378ae2fe3
seed_976303_C2_PREWRITE_CONTROL_task_013,976303,C2_PREWRITE_CONTROL,13,dialog_trajectories/seed_976303/C2_PREWRITE_CONTROL/task_013.json,mechanism_traces/seed_976303/C2_PREWRITE_CONTROL/task_013.json,1,1,0.00563886,0.015607999999999999,36.69259195800987,dad0d318ab5f3ba5ea2d95de7713092f35242046c27e21a64d0329da58a2f139,038f530d80cd4aec9ff655a733ba15fb9a4df17ca9c097530e06233979e85f6b
seed_976303_C2_PREWRITE_CONTROL_task_014,976303,C2_PREWRITE_CONTROL,14,dialog_trajectories/seed_976303/C2_PREWRITE_CONTROL/task_014.json,mechanism_traces/seed_976303/C2_PREWRITE_CONTROL/task_014.json,0,0,0.007633900000000002,0.026283999999999995,49.88017254101578,3c723aed36d0597e474fe1b2cce0fc77babba06ce00758cd0b02853a09495299,cb38d559beb248b06881a413b92d98ebf5066147ba87495b802984d92b242bb6
seed_976303_C2_PREWRITE_CONTROL_task_015,976303,C2_PREWRITE_CONTROL,15,dialog_trajectories/seed_976303/C2_PREWRITE_CONTROL/task_015.json,mechanism_traces/seed_976303/C2_PREWRITE_CONTROL/task_015.json,1,1,0.00826985,0.013981999999999998,43.7842820410151,59b4a291bf654472bbfcf5b997350835711911bf003fdf03b9f8fdb096174f75,2e3f8659d4b0bdca88751cb80613bedbbe5d206e449d8d7d03a93cb16854ce17
seed_976303_C2_PREWRITE_CONTROL_task_016,976303,C2_PREWRITE_CONTROL,16,dialog_trajectories/seed_976303/C2_PREWRITE_CONTROL/task_016.json,mechanism_traces/seed_976303/C2_PREWRITE_CONTROL/task_016.json,1,1,0.00790767,0.011219999999999999,35.97743550001178,9604b936fff4ab0e492092b3bb498a344a70d8577c97f745241c9b5556cd008d,2347e1886b67739521d5da19f0b407d90f008e7ad128713c864a3503c13878d0
seed_976303_C2_PREWRITE_CONTROL_task_017,976303,C2_PREWRITE_CONTROL,17,dialog_trajectories/seed_976303/C2_PREWRITE_CONTROL/task_017.json,mechanism_traces/seed_976303/C2_PREWRITE_CONTROL/task_017.json,1,1,0.00304674,0.010029999999999999,18.99817950000579,c92ba24e0edc77b4ae4cc0c534bc81cd54380f9d6ff1fc443d3d333ebea7adcc,082840cd52dc32ef201d50431d9a5527fbc27d36a0bb8d61c564073f8a788ad6
seed_976303_C2_PREWRITE_CONTROL_task_018,976303,C2_PREWRITE_CONTROL,18,dialog_trajectories/seed_976303/C2_PREWRITE_CONTROL/task_018.json,mechanism_traces/seed_976303/C2_PREWRITE_CONTROL/task_018.json,1,1,0.007300690000000001,0.018847999999999997,48.46492933398986,acf5d2ca55dc6182c07ac642b271c78d248ce4c625a8661019711f56af182428,90d5b4e3436d2211f0791905f8f8afe98599a0b136db9006446f2be8b7eff3a5
seed_976303_C2_PREWRITE_CONTROL_task_019,976303,C2_PREWRITE_CONTROL,19,dialog_trajectories/seed_976303/C2_PREWRITE_CONTROL/task_019.json,mechanism_traces/seed_976303/C2_PREWRITE_CONTROL/task_019.json,1,1,0.00822038,0.015971999999999997,39.71317141701002,288ed907ce05f01e65d48ef28a2494066b406cece66380706f7e09d53e7c11c6,cd7f8755c1dfad0eee41aca6a6d0b7fb1436a195a81b3c06dc1502ae554c917d
seed_976303_C2_PREWRITE_CONTROL_task_020,976303,C2_PREWRITE_CONTROL,20,dialog_trajectories/seed_976303/C2_PREWRITE_CONTROL/task_020.json,mechanism_traces/seed_976303/C2_PREWRITE_CONTROL/task_020.json,1,1,0.00866735,0.010616,44.863236833014525,027e531c193dec4a4e2c2062a9df95752ba42f20a515e48c9de7141dd7355b06,ebfe6dff00c97bee52c3fa1b37a6a1bc2da0fc5782bbe33d726260b247d0fddf
seed_976303_C2_PREWRITE_CONTROL_task_021,976303,C2_PREWRITE_CONTROL,21,dialog_trajectories/seed_976303/C2_PREWRITE_CONTROL/task_021.json,mechanism_traces/seed_976303/C2_PREWRITE_CONTROL/task_021.json,1,1,0.013933330000000002,0.01764,79.51249812499736,c284a6651a8dd13a901ca1905bc8f87bfbdc999c3a21e5f58f5296ebdd7a6ee1,08119b0239c2b5039f5ac417ed6bc21c769e77d21d3cfe271818a3bdcbf11efe
seed_976303_C2_PREWRITE_CONTROL_task_022,976303,C2_PREWRITE_CONTROL,22,dialog_trajectories/seed_976303/C2_PREWRITE_CONTROL/task_022.json,mechanism_traces/seed_976303/C2_PREWRITE_CONTROL/task_022.json,1,1,0.006407459999999999,0.011488,34.45039212499978,49d631a950ef66fe8d92c3bacc388a7cab82404f96cc2b021722343e1328b729,192ed574b4eeb56d68fe6bfabefa531e4745db2e796600d06871eaf006a96a69
seed_976303_C2_PREWRITE_CONTROL_task_023,976303,C2_PREWRITE_CONTROL,23,dialog_trajectories/seed_976303/C2_PREWRITE_CONTROL/task_023.json,mechanism_traces/seed_976303/C2_PREWRITE_CONTROL/task_023.json,1,1,0.009572939999999999,0.014904,49.53123900000355,cb38a80a4ae9e6674615ab757042e29b0a6666481d475f80c46315e7f3998597,d95c84ad7a30f82a6913faea1dcc8d2e1a6705314700fcf95fbfa4247479bdf7
seed_976303_C2_PREWRITE_CONTROL_task_024,976303,C2_PREWRITE_CONTROL,24,dialog_trajectories/seed_976303/C2_PREWRITE_CONTROL/task_024.json,mechanism_traces/seed_976303/C2_PREWRITE_CONTROL/task_024.json,1,1,0.0035784099999999998,0.01091,23.074583415989764,3bb967dfa3b6d6b0197ee8d47da8f91aa0231e7b64ebef1580fa2b2dc733db3c,739f6dc08188aec97347ec9e0be75bc1a077c4d031978391eef037683db06312
seed_976303_C2_PREWRITE_CONTROL_task_025,976303,C2_PREWRITE_CONTROL,25,dialog_trajectories/seed_976303/C2_PREWRITE_CONTROL/task_025.json,mechanism_traces/seed_976303/C2_PREWRITE_CONTROL/task_025.json,0,0,0.004945820000000001,0.009764,24.510600500012515,286274d943bcf56c1722057d10823630b6d4602bb7c6ac3fa56072138902b416,e0e7ad7e0ac23af333e72589730d9eff4641f1ccee1cb204803ea1635f45960b
seed_976303_C2_PREWRITE_CONTROL_task_026,976303,C2_PREWRITE_CONTROL,26,dialog_trajectories/seed_976303/C2_PREWRITE_CONTROL/task_026.json,mechanism_traces/seed_976303/C2_PREWRITE_CONTROL/task_026.json,1,1,0.00454019,0.010417999999999998,27.52737004100345,a27448dc5ba75ef0fbc09f8ea98e5009648e5a994bee739b0362c27c6bf2a332,bd2c0831910f01bd54e2c417d13bd620694ec0bb3864d16e820f38c774636a58
seed_976303_C2_PREWRITE_CONTROL_task_027,976303,C2_PREWRITE_CONTROL,27,dialog_trajectories/seed_976303/C2_PREWRITE_CONTROL/task_027.json,mechanism_traces/seed_976303/C2_PREWRITE_CONTROL/task_027.json,1,1,0.0064072,0.009961999999999999,34.856193957995856,efd2adbecc43441c82bb7098305d85830f931737c9494a047d42847ed3b02392,24aa1bdfe9f78f0855a53e6c1f7056d4a90a6d191c4a575fb12ac15fffbeddc5
seed_976303_C2_PREWRITE_CONTROL_task_028,976303,C2_PREWRITE_CONTROL,28,dialog_trajectories/seed_976303/C2_PREWRITE_CONTROL/task_028.json,mechanism_traces/seed_976303/C2_PREWRITE_CONTROL/task_028.json,1,1,0.01239682,0.032574,67.3223273330077,f57d084e52b739acda686b58ebcfc16b257cbe7c80580f9521e9a96e9aeab62a,fa1f25731f1ddaad0ec33ce37369d3f62f9790c836560f16de1ef18903f7e4a7
seed_976303_C2_PREWRITE_CONTROL_task_029,976303,C2_PREWRITE_CONTROL,29,dialog_trajectories/seed_976303/C2_PREWRITE_CONTROL/task_029.json,mechanism_traces/seed_976303/C2_PREWRITE_CONTROL/task_029.json,1,1,0.01064372,0.010043999999999999,53.438332582998555,ff4ae779044a9ed5fee678fa46e7d76af0b6ac06c0708b50cebe56e779a2a093,5d99603deab2acb69ef2b039b0e21a648e3c5c54d9df7550eb2ee9844f0198e1
seed_976303_C2_PREWRITE_CONTROL_task_030,976303,C2_PREWRITE_CONTROL,30,dialog_trajectories/seed_976303/C2_PREWRITE_CONTROL/task_030.json,mechanism_traces/seed_976303/C2_PREWRITE_CONTROL/task_030.json,1,1,0.009441600000000001,0.024378,53.22163170899148,0e250d7446496694384a7c03dc2933e5c9991aee61a9c75d1b541a0ca2840f73,ed3bfa35272df7381ebd3266e29b802304ef8c421cc8a514685a2c2ec69a5284
seed_976303_C2_PREWRITE_CONTROL_task_031,976303,C2_PREWRITE_CONTROL,31,dialog_trajectories/seed_976303/C2_PREWRITE_CONTROL/task_031.json,mechanism_traces/seed_976303/C2_PREWRITE_CONTROL/task_031.json,1,1,0.008015640000000001,0.01784,41.83487249999598,f18da73470918ed7dc5f5ff3d2369825844f41afaf98f8281e545eb43f91db22,03437325db0d440ab904872dcfb4bf8270c27e611ce383139df4b2c926b62a0f
seed_976303_C2_PREWRITE_CONTROL_task_032,976303,C2_PREWRITE_CONTROL,32,dialog_trajectories/seed_976303/C2_PREWRITE_CONTROL/task_032.json,mechanism_traces/seed_976303/C2_PREWRITE_CONTROL/task_032.json,0,0,0.0080743,0.019742,47.76695320800354,97472483c45a0d2735f8084899419e0a6399a9ff1240020fe0c8e82038a68208,3029a71f2aed4035b21ce99d4efbee5f3ed35fa8fc54b7286069c6090fc42b0b
seed_976303_C2_PREWRITE_CONTROL_task_033,976303,C2_PREWRITE_CONTROL,33,dialog_trajectories/seed_976303/C2_PREWRITE_CONTROL/task_033.json,mechanism_traces/seed_976303/C2_PREWRITE_CONTROL/task_033.json,0,0,0.0034684900000000003,0.009568,24.889089457996306,4501ab2a598877acb4c9fe050ad55f051ec23d4ff9e3ae44f521f051813a7470,5446b2e8d41dabde038c7426ddb0865a373eb550ffe61b2acef2e29689ae1562
seed_976303_C2_PREWRITE_CONTROL_task_034,976303,C2_PREWRITE_CONTROL,34,dialog_trajectories/seed_976303/C2_PREWRITE_CONTROL/task_034.json,mechanism_traces/seed_976303/C2_PREWRITE_CONTROL/task_034.json,0,0,0.0026241000000000007,0.008388,17.015969207976013,30acde6ca6c4084a0cec53d1d486a75a09050204831afa40ab0c824695a814a4,64c103eb34bddf1e5e0b93d445eff65ac6486c3a320968822209d2ebd277cc30
seed_976303_C2_PREWRITE_CONTROL_task_035,976303,C2_PREWRITE_CONTROL,35,dialog_trajectories/seed_976303/C2_PREWRITE_CONTROL/task_035.json,mechanism_traces/seed_976303/C2_PREWRITE_CONTROL/task_035.json,1,1,0.009635630000000001,0.011692,45.17567762499675,d360200cb2f3d672872d0e66f4f18044370e93398ad3f35217835968419a92fc,37d336143383f8c1e1bd639998bde327227a6e5c48d5328128a0716f5154267a
seed_976303_C2_PREWRITE_CONTROL_task_036,976303,C2_PREWRITE_CONTROL,36,dialog_trajectories/seed_976303/C2_PREWRITE_CONTROL/task_036.json,mechanism_traces/seed_976303/C2_PREWRITE_CONTROL/task_036.json,1,1,0.014372240000000001,0.01808,67.31839287499315,e3970a73d0f62b23aea296fa2079a0553d5cdc319af2de58baa81c8ee206a6d6,9dd19d8804d5d94ad984918f27534aa5f43623bb12948dc9323555d7adee6b6b
seed_976303_C2_PREWRITE_CONTROL_task_038,976303,C2_PREWRITE_CONTROL,38,dialog_trajectories/seed_976303/C2_PREWRITE_CONTROL/task_038.json,mechanism_traces/seed_976303/C2_PREWRITE_CONTROL/task_038.json,0,0,0.00784195,0.014712,35.03219570800138,4b67f7eaa162e72009595d91c2a4c1022f7b563cd6c00b3f79ecd1e2ad396d52,c70bbe4ca22fd0dcf87c560fdfb6bb9e2a08c39e1477ac9fd11d6639d69df38c
seed_976303_C2_PREWRITE_CONTROL_task_039,976303,C2_PREWRITE_CONTROL,39,dialog_trajectories/seed_976303/C2_PREWRITE_CONTROL/task_039.json,mechanism_traces/seed_976303/C2_PREWRITE_CONTROL/task_039.json,1,1,0.0061627600000000015,0.013109999999999997,43.02553008298855,e63af37774d10c44f85a1eed7b946ccfd7e6d2b8796ed740138d8dd8bb21e90f,58ed120a86e8e8c0cb80d686e4913fa0d778ac6e42df82e0c0a14007f12c3515
seed_976303_C2_PREWRITE_CONTROL_task_040,976303,C2_PREWRITE_CONTROL,40,dialog_trajectories/seed_976303/C2_PREWRITE_CONTROL/task_040.json,mechanism_traces/seed_976303/C2_PREWRITE_CONTROL/task_040.json,1,1,0.0026854500000000007,0.009412,17.2641908749938,9f22721ff3a58201fc9177fa3ffd2ba52d705a3269c23ac17d75f000b901f35a,558fdad59dd81763ed3834d2ac12ae9eadb446a3444e192e169502b192bad901
seed_976303_C2_PREWRITE_CONTROL_task_042,976303,C2_PREWRITE_CONTROL,42,dialog_trajectories/seed_976303/C2_PREWRITE_CONTROL/task_042.json,mechanism_traces/seed_976303/C2_PREWRITE_CONTROL/task_042.json,0,0,0.00877007,0.021648,50.32147562500904,9e5fe4080eba30319a2c58189c514e1b5750d87df4ff212e60bc24384e86e2f8,5a1749ffc9eea0003144fe40c403e1a1f4c6e5ce2aab39a31b2d74abd71054ff
seed_976303_C2_PREWRITE_CONTROL_task_043,976303,C2_PREWRITE_CONTROL,43,dialog_trajectories/seed_976303/C2_PREWRITE_CONTROL/task_043.json,mechanism_traces/seed_976303/C2_PREWRITE_CONTROL/task_043.json,1,1,0.00621969,0.01798,40.023539333982626,6bba422f7d7c1bcc7b6ee6e78b05ce6b6e93c061b6ca258f7b7c56e4ed3d7f90,40d82ca4295d695edbb8d912249ef01b87ef58af62169e9b6c390023fe1e68ba
seed_976303_C2_PREWRITE_CONTROL_task_045,976303,C2_PREWRITE_CONTROL,45,dialog_trajectories/seed_976303/C2_PREWRITE_CONTROL/task_045.json,mechanism_traces/seed_976303/C2_PREWRITE_CONTROL/task_045.json,1,1,0.006605120000000001,0.010604,35.473684166994644,91b87bdd9c1fddbdf853dbf405482e4629f866bb9f846c353b919a4800787cbf,02e3d1dd95f9c9404bbb8fce8c30e4f4200390e2a43ef72952623e209bdf33f7
seed_976303_C2_PREWRITE_CONTROL_task_049,976303,C2_PREWRITE_CONTROL,49,dialog_trajectories/seed_976303/C2_PREWRITE_CONTROL/task_049.json,mechanism_traces/seed_976303/C2_PREWRITE_CONTROL/task_049.json,1,1,0.00656579,0.010325999999999998,30.015804583003046,6df8070c8aeb27191d6f262899ede5da1f0b9733b0d8146c0b4c1c5408552560,4ff449ec1c965b94a360e8d6c9c04bc2cc49b979677ba57a8b48f87811fc62b0
seed_976303_C2_PREWRITE_CONTROL_task_050,976303,C2_PREWRITE_CONTROL,50,dialog_trajectories/seed_976303/C2_PREWRITE_CONTROL/task_050.json,mechanism_traces/seed_976303/C2_PREWRITE_CONTROL/task_050.json,1,1,0.0024473800000000003,0.005874,13.474360499996692,e1f8f01feabd8567935cca3bf7e99c83eac88999d24fcc03e83b9afb01119dae,74640ee1d47bdb4bcb2d602c8ca7ff390a30f2d9177b3054bf3f555486ef7f1c
seed_976303_C2_PREWRITE_CONTROL_task_051,976303,C2_PREWRITE_CONTROL,51,dialog_trajectories/seed_976303/C2_PREWRITE_CONTROL/task_051.json,mechanism_traces/seed_976303/C2_PREWRITE_CONTROL/task_051.json,1,1,0.00369735,0.009943999999999998,21.681894624998677,915fc0c231723b4f0271295e28041a498f2f4de3db787bbd414f605c94354754,d482b7d746bc91699771df4e1e9247e714fd4a6f58d36df9f60b50830b939bf1
seed_976303_C2_PREWRITE_CONTROL_task_053,976303,C2_PREWRITE_CONTROL,53,dialog_trajectories/seed_976303/C2_PREWRITE_CONTROL/task_053.json,mechanism_traces/seed_976303/C2_PREWRITE_CONTROL/task_053.json,1,1,0.00475737,0.01054,26.04809195800044,e9bae174779b88f3a406531d33a0a8abbed716e66489a98546d0be6df01ab7dc,ce4d4deba54ee97cb8f41b7c13af9c20eeee49bc48b77571b512dbb5cccc6817
seed_976303_C2_PREWRITE_CONTROL_task_054,976303,C2_PREWRITE_CONTROL,54,dialog_trajectories/seed_976303/C2_PREWRITE_CONTROL/task_054.json,mechanism_traces/seed_976303/C2_PREWRITE_CONTROL/task_054.json,1,1,0.00923589,0.008876,40.43992974999128,a242ca93eb168fc8f18f7b3aec1a8e25b226fa2f149dd49825de700b807c264a,f5ff34f248fce155431ebfb2e46255511039c86a71311c81eba53845b364f34d
seed_976303_C2_PREWRITE_CONTROL_task_055,976303,C2_PREWRITE_CONTROL,55,dialog_trajectories/seed_976303/C2_PREWRITE_CONTROL/task_055.json,mechanism_traces/seed_976303/C2_PREWRITE_CONTROL/task_055.json,1,1,0.00683335,0.015384000000000002,36.451736250004615,5278a13d683ffe1f36c008edff6391d55002b51e8f00cc0fd8f1d905760a607a,f9282cbd5cdd2025c921cc335030e682be47f0b8e2b2e0c34740ea3d9dcd49a2
seed_976303_C2_PREWRITE_CONTROL_task_056,976303,C2_PREWRITE_CONTROL,56,dialog_trajectories/seed_976303/C2_PREWRITE_CONTROL/task_056.json,mechanism_traces/seed_976303/C2_PREWRITE_CONTROL/task_056.json,1,1,0.006150429999999999,0.010455999999999998,38.79997508400993,f6dcb5adc7d535ad8fc36e28e8120aebcf3b48bb6670833b25dc6928d7c357f5,50b90a00cc5393d49d794c2bdbb6583895639971f8e32a22e5d7a70e46eda45b
seed_976303_C2_PREWRITE_CONTROL_task_059,976303,C2_PREWRITE_CONTROL,59,dialog_trajectories/seed_976303/C2_PREWRITE_CONTROL/task_059.json,mechanism_traces/seed_976303/C2_PREWRITE_CONTROL/task_059.json,0,0,0.004153300000000001,0.011496,28.346178624982713,622fb2a90f0848ba6b96c4f9ffcf205d5cb18b372c9a2b22de857f6727aca4dd,7b8abf73f00fc410c0ba962ed2b9fe1c97ac22e9e3eefcae61b44a8a39b2e8a0
seed_976303_C2_PREWRITE_CONTROL_task_060,976303,C2_PREWRITE_CONTROL,60,dialog_trajectories/seed_976303/C2_PREWRITE_CONTROL/task_060.json,mechanism_traces/seed_976303/C2_PREWRITE_CONTROL/task_060.json,1,1,0.00460028,0.008785999999999999,26.539422083005775,656f8d9b76c818d34a41dd37e09757c61b79b8410afbc4f7ce95fecb0c16e891,c48fa4437f83bec2e1df34a354dbc8945b68438a72d1c355fee586e5904a0fef
seed_976303_C2_PREWRITE_CONTROL_task_061,976303,C2_PREWRITE_CONTROL,61,dialog_trajectories/seed_976303/C2_PREWRITE_CONTROL/task_061.json,mechanism_traces/seed_976303/C2_PREWRITE_CONTROL/task_061.json,1,1,0.005326800000000001,0.00802,30.405274083008408,961c2519caf0d1ab0d0f575239072e13d9d0e8619aad2c40791e8b843fffc1bc,c5c4c2428dfca2367430fff296815a8b19e0750d78743f946866777bc00ccde7
seed_976303_C2_PREWRITE_CONTROL_task_062,976303,C2_PREWRITE_CONTROL,62,dialog_trajectories/seed_976303/C2_PREWRITE_CONTROL/task_062.json,mechanism_traces/seed_976303/C2_PREWRITE_CONTROL/task_062.json,1,1,0.00637501,0.014422,37.0517227500095,db80dd60acf988bf0e8a6fc478df6e9bbf8aabf425fd48488ef095ca20fce139,04cee0cf46b6b1bd20a7ae5903fb7dda9737191811e8263c4f46ab63ab6a8f15
seed_976303_C2_PREWRITE_CONTROL_task_064,976303,C2_PREWRITE_CONTROL,64,dialog_trajectories/seed_976303/C2_PREWRITE_CONTROL/task_064.json,mechanism_traces/seed_976303/C2_PREWRITE_CONTROL/task_064.json,0,0,0.00265325,0.007326,17.544540333008626,107e53df5905ae25e43f60cc5800ec4b6ae6a0ebb1ba5f63c2f73470f9d321eb,1206111797a7fa1096e534ae2e3d1236908dd970c3010eafebe7aca5d35ee037
seed_976303_C2_PREWRITE_CONTROL_task_065,976303,C2_PREWRITE_CONTROL,65,dialog_trajectories/seed_976303/C2_PREWRITE_CONTROL/task_065.json,mechanism_traces/seed_976303/C2_PREWRITE_CONTROL/task_065.json,1,1,0.0026402000000000005,0.006664,15.967758124999818,0de4b5abff0591cac0f0d8815ed12c5a3acbef9a34eeef1fa76aa17536d2d0ad,224f162bf5ab18c2193bf40c319a3a856edbfcb745f6348d3dbaf92b6dd3d57a
seed_976303_C2_PREWRITE_CONTROL_task_068,976303,C2_PREWRITE_CONTROL,68,dialog_trajectories/seed_976303/C2_PREWRITE_CONTROL/task_068.json,mechanism_traces/seed_976303/C2_PREWRITE_CONTROL/task_068.json,1,1,0.00208543,0.007098,18.690454374998808,4375f332113a2d2d8e390f6da1f91a7c7b733cd14b4b0e1daac686d85b9bb730,af8fa2586a931a6af0fcba6b909a07ac64781c5fc5233e4cce43f08ff3118fe7
seed_976303_C2_PREWRITE_CONTROL_task_070,976303,C2_PREWRITE_CONTROL,70,dialog_trajectories/seed_976303/C2_PREWRITE_CONTROL/task_070.json,mechanism_traces/seed_976303/C2_PREWRITE_CONTROL/task_070.json,1,1,0.00558317,0.011078,29.21130933301174,05813b27edbb68875305899dc56ed18ec8f08703015c52b83f5ae69d4d603dcc,d02b317eb324875be5cbc5e4195155e96c7d239886ba5835ebe871da5849771b
seed_976303_C2_PREWRITE_CONTROL_task_071,976303,C2_PREWRITE_CONTROL,71,dialog_trajectories/seed_976303/C2_PREWRITE_CONTROL/task_071.json,mechanism_traces/seed_976303/C2_PREWRITE_CONTROL/task_071.json,0,0,0.00945447,0.017742,45.360277957996004,e8836ef579b7fb58c9ffe138d9eee892e6c7066c9a2fe267dec1d1006efd1b55,518feaa3e7be5cf8df957d764d7825e1542613d9bb1f8bbf3fbff5b0cb00e030
seed_976303_C2_PREWRITE_CONTROL_task_073,976303,C2_PREWRITE_CONTROL,73,dialog_trajectories/seed_976303/C2_PREWRITE_CONTROL/task_073.json,mechanism_traces/seed_976303/C2_PREWRITE_CONTROL/task_073.json,1,1,0.00299974,0.0076159999999999995,18.15606745801051,f8e8f5eda4e48ff7503c2b2e9935c8496267abb1b5837061c0430e4d4e331538,347870161aa7293ae81cef2573f602f6035af09cdafa6eaea1118f4e96b5a4be
seed_976303_C2_PREWRITE_CONTROL_task_074,976303,C2_PREWRITE_CONTROL,74,dialog_trajectories/seed_976303/C2_PREWRITE_CONTROL/task_074.json,mechanism_traces/seed_976303/C2_PREWRITE_CONTROL/task_074.json,1,1,0.01160921,0.016184,63.95247783299419,6628e3787c3f6ba2148bfc4cc460113f32decdb8400c25d12b1c786d56687771,387e9471887f96d8be51f9656b5755e739ebe56514a724481ae3caf9c1bb6686
seed_976303_C2_PREWRITE_CONTROL_task_075,976303,C2_PREWRITE_CONTROL,75,dialog_trajectories/seed_976303/C2_PREWRITE_CONTROL/task_075.json,mechanism_traces/seed_976303/C2_PREWRITE_CONTROL/task_075.json,1,1,0.005337820000000001,0.009012,30.71982412500074,92dafb2d39d2490669889228df07cc6efe116db25818b2358cc12eb624af7e6e,d734d4b63d9416d80e15715934b010634becff3b3a074855ef7557f927378331
seed_976303_C2_PREWRITE_CONTROL_task_077,976303,C2_PREWRITE_CONTROL,77,dialog_trajectories/seed_976303/C2_PREWRITE_CONTROL/task_077.json,mechanism_traces/seed_976303/C2_PREWRITE_CONTROL/task_077.json,1,1,0.00429152,0.009216,23.017223791001015,2ab5a53c1680fe6e8ac877c1e8cd6c6a6cebc67a6daa36697a95a896b909dcf4,0a9dd2a753151a46522c84ba0f9b9d2aa1186a0c2f59ab580b8eb4348437b37a
seed_976303_C2_PREWRITE_CONTROL_task_079,976303,C2_PREWRITE_CONTROL,79,dialog_trajectories/seed_976303/C2_PREWRITE_CONTROL/task_079.json,mechanism_traces/seed_976303/C2_PREWRITE_CONTROL/task_079.json,0,0,0.006033919999999999,0.008712,32.368378541999846,12bb9011aba9ef904225c2ad79782c69bb391ad001c1cf9d4b36800607e076c7,7b9b122e5eaab9eb6a69e69a84c9e14e3516761bb95c52e587396c51e9ad5810
seed_976303_C2_PREWRITE_CONTROL_task_080,976303,C2_PREWRITE_CONTROL,80,dialog_trajectories/seed_976303/C2_PREWRITE_CONTROL/task_080.json,mechanism_traces/seed_976303/C2_PREWRITE_CONTROL/task_080.json,1,1,0.005420629999999999,0.012837999999999999,31.39602987500257,5283bb70dddfef19180636eec97d48d3d53e0ad571cd2b9ad3a68d4d690f6e28,959a58b9a91955b8015c57a01083d1e6a9759ef255fe07bfe7f9096addd55904
seed_976303_C2_PREWRITE_CONTROL_task_086,976303,C2_PREWRITE_CONTROL,86,dialog_trajectories/seed_976303/C2_PREWRITE_CONTROL/task_086.json,mechanism_traces/seed_976303/C2_PREWRITE_CONTROL/task_086.json,1,1,0.0104638,0.011169999999999998,47.722872792001,dbd716499afd27d7ed949bcd59a4d295187d58e11e54e8680e0070950920fcdf,0ead9de96d3ab46975d7b0ac2a2306b2c0b509ddf0363c4724255c8f903f9564
seed_976303_C2_PREWRITE_CONTROL_task_087,976303,C2_PREWRITE_CONTROL,87,dialog_trajectories/seed_976303/C2_PREWRITE_CONTROL/task_087.json,mechanism_traces/seed_976303/C2_PREWRITE_CONTROL/task_087.json,1,1,0.006276020000000001,0.009006,33.650245916011045,464c9fe0e9d2dc95b23e8c87454479bfcdfda687ed95d13d5e7f1eb9584e54d5,e40ed4ee0b2ac2a7023c67f6a101281e3dbbafd5374c4451a02e703a6fb9e297
seed_976303_C2_PREWRITE_CONTROL_task_090,976303,C2_PREWRITE_CONTROL,90,dialog_trajectories/seed_976303/C2_PREWRITE_CONTROL/task_090.json,mechanism_traces/seed_976303/C2_PREWRITE_CONTROL/task_090.json,1,1,0.004696250000000001,0.012234,39.248395625007106,528a20f0d5a431932997034820ea108997696204fb373ed1ca044f51e4847a68,f000a584d203d992e0c91e4af8b7eeb85e60b1b2e551b22ac387045b6d725f7f
seed_976303_C2_PREWRITE_CONTROL_task_091,976303,C2_PREWRITE_CONTROL,91,dialog_trajectories/seed_976303/C2_PREWRITE_CONTROL/task_091.json,mechanism_traces/seed_976303/C2_PREWRITE_CONTROL/task_091.json,1,1,0.00970986,0.01943,54.49187587501365,bc0b1d176ea262aa43838557fa3ac64ed084e2a5282048a3479f43e8ab3e9ab2,88b9348bb9a2366705bda7e291a1d3f617b19eb61b25b5b4545058f6a3ecb2c0
seed_976303_C2_PREWRITE_CONTROL_task_094,976303,C2_PREWRITE_CONTROL,94,dialog_trajectories/seed_976303/C2_PREWRITE_CONTROL/task_094.json,mechanism_traces/seed_976303/C2_PREWRITE_CONTROL/task_094.json,1,1,0.00599095,0.011829999999999999,33.31404583300173,5b3db542a6ed31948ce8fdde76be4cf2a68698345828d92f54da497e05ed8a3d,7cd89ab6ad12dbd0a3b200cca6f4995744382f1aea1716eec7864cdf0e926664
seed_976303_C2_PREWRITE_CONTROL_task_095,976303,C2_PREWRITE_CONTROL,95,dialog_trajectories/seed_976303/C2_PREWRITE_CONTROL/task_095.json,mechanism_traces/seed_976303/C2_PREWRITE_CONTROL/task_095.json,0,0,0.011779570000000001,0.020342,67.32857791699644,723f0bcbd058bee0a2bfa3bdf38f998a2fc9eda170f23e36b2f596b3a88335e1,e54adfe60cd9fa51ca0c73a06828d0303becf585532b1909033c19b97612baf2
seed_976303_C2_PREWRITE_CONTROL_task_097,976303,C2_PREWRITE_CONTROL,97,dialog_trajectories/seed_976303/C2_PREWRITE_CONTROL/task_097.json,mechanism_traces/seed_976303/C2_PREWRITE_CONTROL/task_097.json,1,1,0.00783808,0.018564,40.793693499988876,49feae214448200da920134fbd92aecf98cd579fb4f702ec3e1bb3cce88c3d47,e59575646c1f5ee433dde30356712a470c45fb91b6b487d8e79a70d971c17ebe
seed_976303_C2_PREWRITE_CONTROL_task_099,976303,C2_PREWRITE_CONTROL,99,dialog_trajectories/seed_976303/C2_PREWRITE_CONTROL/task_099.json,mechanism_traces/seed_976303/C2_PREWRITE_CONTROL/task_099.json,1,1,0.00991582,0.013708,52.91277454100782,985b188ffdd6a5388cfc08d8e6dd401c4bbfd2195ab9b36c42496913120a98d6,d6f9c6bc7ec37f5348bc3a5120b4a081c744a3940ee79743ada3dc761790263e
seed_976303_C2_PREWRITE_CONTROL_task_100,976303,C2_PREWRITE_CONTROL,100,dialog_trajectories/seed_976303/C2_PREWRITE_CONTROL/task_100.json,mechanism_traces/seed_976303/C2_PREWRITE_CONTROL/task_100.json,1,1,0.01032997,0.015004,53.2914568749984,b5d7deeb1711485b1a38456917f913c2ee26db9c45e59bc89d7e44fc14bfad1a,26c39aa599d39422fb1989b3633e1b0b774e8f685cbbeb69703bc2d8a0babe9a
seed_976303_C2_PREWRITE_CONTROL_task_101,976303,C2_PREWRITE_CONTROL,101,dialog_trajectories/seed_976303/C2_PREWRITE_CONTROL/task_101.json,mechanism_traces/seed_976303/C2_PREWRITE_CONTROL/task_101.json,1,1,0.011858679999999998,0.018969999999999997,58.672690124993096,b6cec6326e9648c8ce94e6255abf00cf1ebbc93e3451095b3ab6484bd91a08a0,340e37f556deeaab18eb60d59ebca47da4603e73570e042c8396f38e2ef92cdc
seed_976303_C2_PREWRITE_CONTROL_task_102,976303,C2_PREWRITE_CONTROL,102,dialog_trajectories/seed_976303/C2_PREWRITE_CONTROL/task_102.json,mechanism_traces/seed_976303/C2_PREWRITE_CONTROL/task_102.json,1,1,0.0122402,0.016992,55.80628320900723,a56c42bb045efeb2bd7a2e058826e1f7ec3689c563036f69a382b0de6fed2153,7c1aa9db13c6ddba14fbb9d1732b29bf48c56c3f237f2429fcab37fdfc41f620
seed_976303_C2_PREWRITE_CONTROL_task_105,976303,C2_PREWRITE_CONTROL,105,dialog_trajectories/seed_976303/C2_PREWRITE_CONTROL/task_105.json,mechanism_traces/seed_976303/C2_PREWRITE_CONTROL/task_105.json,0,0,0.00908084,0.016012,50.26228075000108,4111ace3c135ff5086f096f87c089efc79a8672bde8fbc73c7d7b590f312fb92,e74a841fa16dab112d6b5006fd5c192b34f29d1bce03d3b52ef8d9732646eb44
seed_976303_C2_PREWRITE_CONTROL_task_108,976303,C2_PREWRITE_CONTROL,108,dialog_trajectories/seed_976303/C2_PREWRITE_CONTROL/task_108.json,mechanism_traces/seed_976303/C2_PREWRITE_CONTROL/task_108.json,1,1,0.005563670000000001,0.014149999999999998,31.109784582993598,bfd321398ef1a5999816d778b07c37db0131b3fd0db80dd2fd9d78cf67ad6cf5,4a7bbc4e96c8d6e2ba3329e38ba5e63ca1c5099fddfb9d240ae6b430aaba980f
seed_976303_C2_PREWRITE_CONTROL_task_111,976303,C2_PREWRITE_CONTROL,111,dialog_trajectories/seed_976303/C2_PREWRITE_CONTROL/task_111.json,mechanism_traces/seed_976303/C2_PREWRITE_CONTROL/task_111.json,0,0,0.01480631,0.014847999999999998,92.06387033399369,ed5656508736838bfb94c4f59ca77e409b6afdf6988e4a375faba107038e8b94,32265d5d6218167f5e8a1c062ecfea912984fde48351fc85dca5e67848135d32
seed_976303_C2_PREWRITE_CONTROL_task_113,976303,C2_PREWRITE_CONTROL,113,dialog_trajectories/seed_976303/C2_PREWRITE_CONTROL/task_113.json,mechanism_traces/seed_976303/C2_PREWRITE_CONTROL/task_113.json,1,1,0.0046510100000000006,0.0071319999999999995,21.438032291000127,8c3e62167e220973b19abf596b9ef245e230929f7316824f85798cf47269c655,f590b10a8213464ee1cf25ea4b665b23d19077e8a2fafcea947e75f4d0090c78
seed_976303_C3_COMBINED_INTERVENTION_task_000,976303,C3_COMBINED_INTERVENTION,0,dialog_trajectories/seed_976303/C3_COMBINED_INTERVENTION/task_000.json,mechanism_traces/seed_976303/C3_COMBINED_INTERVENTION/task_000.json,0,0,0.01017106,0.010688,56.88173229098902,60f17eca0dd1c3159846eab29800e9d8ca6e87b87311164e5ae3d75017359f98,5392f7f673dda85475370812b2af55a6a0e28373628389a6fa5e84f1f8134d72
seed_976303_C3_COMBINED_INTERVENTION_task_001,976303,C3_COMBINED_INTERVENTION,1,dialog_trajectories/seed_976303/C3_COMBINED_INTERVENTION/task_001.json,mechanism_traces/seed_976303/C3_COMBINED_INTERVENTION/task_001.json,1,1,0.009392139999999998,0.013312000000000001,46.923474584007636,30528244a94ea887b683ca86eb41adebf137f6dbd049cf7a102994c58e805ca6,03dcd1ae27cc90fd2cbd38c66e94fc604ef3955eaf2600dee7f780624c2400ae
seed_976303_C3_COMBINED_INTERVENTION_task_002,976303,C3_COMBINED_INTERVENTION,2,dialog_trajectories/seed_976303/C3_COMBINED_INTERVENTION/task_002.json,mechanism_traces/seed_976303/C3_COMBINED_INTERVENTION/task_002.json,1,1,0.01056449,0.008908000000000001,45.944926415977534,435c2e34ec838fa3cf929af2c0e34ca6e4171d57cd7321324f72538ee89d9dcf,1b5a2b3ff0ebc19d2e83aaf764eeb71f1f7b509b24ddb1e1026206512f487d37
seed_976303_C3_COMBINED_INTERVENTION_task_003,976303,C3_COMBINED_INTERVENTION,3,dialog_trajectories/seed_976303/C3_COMBINED_INTERVENTION/task_003.json,mechanism_traces/seed_976303/C3_COMBINED_INTERVENTION/task_003.json,0,0,0.01148779,0.011056,49.26258633300313,b047745416f64e0fe79150b2acb89a4aca3973c5c6379d054ebcce783ef5b469,1f1e08a1abb8ee22ca0fbb2305685139fd48afe10f35853eee24257c059a9a20
seed_976303_C3_COMBINED_INTERVENTION_task_004,976303,C3_COMBINED_INTERVENTION,4,dialog_trajectories/seed_976303/C3_COMBINED_INTERVENTION/task_004.json,mechanism_traces/seed_976303/C3_COMBINED_INTERVENTION/task_004.json,1,1,0.011599850000000002,0.008692,50.62011558300583,dcc89e5dfa67db18c1be0b9bfae701f0cb9b1208d983067e138d646351f44b8e,d2038f7865b9a2dc87cb247b67676782258ad29b579caf7bcce2a089da42a170
seed_976303_C3_COMBINED_INTERVENTION_task_005,976303,C3_COMBINED_INTERVENTION,5,dialog_trajectories/seed_976303/C3_COMBINED_INTERVENTION/task_005.json,mechanism_traces/seed_976303/C3_COMBINED_INTERVENTION/task_005.json,1,1,0.014454660000000001,0.014144,59.880824124993524,aad1365f9d23f500433a322027f61903a413b00bb4c39f760a29df68dd990914,36755d6e68515542cc03e204c72b5ad7b7cc8087ebebc81af39dc7f51dee8626
seed_976303_C3_COMBINED_INTERVENTION_task_006,976303,C3_COMBINED_INTERVENTION,6,dialog_trajectories/seed_976303/C3_COMBINED_INTERVENTION/task_006.json,mechanism_traces/seed_976303/C3_COMBINED_INTERVENTION/task_006.json,1,1,0.013346600000000002,0.018602,69.95198591699591,88a4e66cdaef0e46c3fc3526079de3b46783a8c139188d931863c3c6128bd492,59d85044626a22c48ddcd68df518d5ea5b876ac4430ea3cba15b2b555ff227a0
seed_976303_C3_COMBINED_INTERVENTION_task_007,976303,C3_COMBINED_INTERVENTION,7,dialog_trajectories/seed_976303/C3_COMBINED_INTERVENTION/task_007.json,mechanism_traces/seed_976303/C3_COMBINED_INTERVENTION/task_007.json,1,1,0.01343892,0.020457999999999997,76.40027074998943,6a82953a3543ef50e91172f1cacaa03239f9f5fdee98dd93a4bf479e8b4e4986,19caf1fa988221270b39fa6b9d06737a1ee667441f03fb99aaddad7494416256
seed_976303_C3_COMBINED_INTERVENTION_task_008,976303,C3_COMBINED_INTERVENTION,8,dialog_trajectories/seed_976303/C3_COMBINED_INTERVENTION/task_008.json,mechanism_traces/seed_976303/C3_COMBINED_INTERVENTION/task_008.json,0,0,0.01135019,0.017558,56.82837008300703,8dac147b954bd8f3f32861bbe7f744197d30ccc283c88bd1c83fd30cdcf845a0,70d8d733016a6df8fd4846442763b17ec37d06d3eef456906fac86457d46a2dd
seed_976303_C3_COMBINED_INTERVENTION_task_009,976303,C3_COMBINED_INTERVENTION,9,dialog_trajectories/seed_976303/C3_COMBINED_INTERVENTION/task_009.json,mechanism_traces/seed_976303/C3_COMBINED_INTERVENTION/task_009.json,1,1,0.01326018,0.018604,63.29716716699477,de1e9b060de88e73c1982b65849825bc0a01ef4754c060538da698d1fd6338d9,94e910a56cde57ac9365339cba5c973c998b28f694ada279d5fa186b7fb67f94
seed_976303_C3_COMBINED_INTERVENTION_task_010,976303,C3_COMBINED_INTERVENTION,10,dialog_trajectories/seed_976303/C3_COMBINED_INTERVENTION/task_010.json,mechanism_traces/seed_976303/C3_COMBINED_INTERVENTION/task_010.json,1,1,0.00616551,0.009118,37.01749720801308,b9a4491bcbabb8429bf52e77c35cdf5323b6343d5d85c2dc464120947ece9b8b,ef726f704b3c73ad185d580028181da997020fe73736be452711d01ef2fc78bc
seed_976303_C3_COMBINED_INTERVENTION_task_011,976303,C3_COMBINED_INTERVENTION,11,dialog_trajectories/seed_976303/C3_COMBINED_INTERVENTION/task_011.json,mechanism_traces/seed_976303/C3_COMBINED_INTERVENTION/task_011.json,1,1,0.00971106,0.014295999999999998,52.754744957986986,bb4c1c2e50250a0059acecac5210814dfe66f17acf4d74ae82a12002c95b2d57,9fb2b97911e7d258d42de57aecd1b4ab01ecce530d970977f5804cd0a217a041
seed_976303_C3_COMBINED_INTERVENTION_task_012,976303,C3_COMBINED_INTERVENTION,12,dialog_trajectories/seed_976303/C3_COMBINED_INTERVENTION/task_012.json,mechanism_traces/seed_976303/C3_COMBINED_INTERVENTION/task_012.json,1,1,0.00934892,0.012677999999999998,46.999311124993255,7a22b33b3255267e89484571dc906d1aae288cbd1195883a47b346a4a6582928,b82e715774f9847f05ec2b33812a00febf8abc877abc531e4725e3bf1fd83319
seed_976303_C3_COMBINED_INTERVENTION_task_013,976303,C3_COMBINED_INTERVENTION,13,dialog_trajectories/seed_976303/C3_COMBINED_INTERVENTION/task_013.json,mechanism_traces/seed_976303/C3_COMBINED_INTERVENTION/task_013.json,1,1,0.00882618,0.011193999999999999,47.69789624999976,2b92051b24283fff2057e8e3600d0f892792b15d9a7e74b33dba76acf6a0119d,2739d1fb6a1877aeb44793c8c845c723966f3c1cca8b78b80eee86ac7d850b85
seed_976303_C3_COMBINED_INTERVENTION_task_014,976303,C3_COMBINED_INTERVENTION,14,dialog_trajectories/seed_976303/C3_COMBINED_INTERVENTION/task_014.json,mechanism_traces/seed_976303/C3_COMBINED_INTERVENTION/task_014.json,1,1,0.00738165,0.009544,34.67406191598275,a9aec7dcc6be3b2e505084439cfab0d0bec5b693f3e4111cc8551642b838b470,22039dc75c98348df7a69a4096586ed9da85e98135785c0ee76079fdad8593e5
seed_976303_C3_COMBINED_INTERVENTION_task_015,976303,C3_COMBINED_INTERVENTION,15,dialog_trajectories/seed_976303/C3_COMBINED_INTERVENTION/task_015.json,mechanism_traces/seed_976303/C3_COMBINED_INTERVENTION/task_015.json,1,1,0.00957604,0.019665999999999996,53.87866849999409,0edfc1967ce74b2381ef87a3e41a368b7f24f741aac965eb529acbbfb59088f9,6a83a7acd430ef01d181c26d0e129d0b818324149760b8306d1b6d2e7ab3bcbe
seed_976303_C3_COMBINED_INTERVENTION_task_016,976303,C3_COMBINED_INTERVENTION,16,dialog_trajectories/seed_976303/C3_COMBINED_INTERVENTION/task_016.json,mechanism_traces/seed_976303/C3_COMBINED_INTERVENTION/task_016.json,1,1,0.0085394,0.008331999999999999,36.62265429200488,6cebb4128dc2554af7c5417794f5abf8be2a11668d219ebade65a420791a2d46,71c586a49c50e2f014762abbfe1d5292f26ea58be8095b0d2bebf5613da9ba21
seed_976303_C3_COMBINED_INTERVENTION_task_017,976303,C3_COMBINED_INTERVENTION,17,dialog_trajectories/seed_976303/C3_COMBINED_INTERVENTION/task_017.json,mechanism_traces/seed_976303/C3_COMBINED_INTERVENTION/task_017.json,1,1,0.00441651,0.008862,26.779380458014202,4ebfa493053309f30028d5499f7bd52617b86db1d20a9835c95402d108261a07,60a93356a7ab6810f07bf8ac0b325889e1fb77ae44e31bbb7ed01907a4f7461e
seed_976303_C3_COMBINED_INTERVENTION_task_018,976303,C3_COMBINED_INTERVENTION,18,dialog_trajectories/seed_976303/C3_COMBINED_INTERVENTION/task_018.json,mechanism_traces/seed_976303/C3_COMBINED_INTERVENTION/task_018.json,1,1,0.00914152,0.015002,52.04243187500106,b5ba8104809b675f3a44acbf259188fae3a872be406eb2b46116705b3a29edc7,5420bbbdfd12b5b3bca749f35088bb7127682e9ae226ec2d02a7fb6ba8149824
seed_976303_C3_COMBINED_INTERVENTION_task_019,976303,C3_COMBINED_INTERVENTION,19,dialog_trajectories/seed_976303/C3_COMBINED_INTERVENTION/task_019.json,mechanism_traces/seed_976303/C3_COMBINED_INTERVENTION/task_019.json,1,1,0.01002515,0.01109,50.602109291998204,4959e31cc5e34a542f20f5c7a7f82649d72fa00ff6b2ff839b5fa5ac61aef8db,f4d568695e8e2da9bb42e091c0d540fef84ba970f5c2ae765dedc8ba9727c384
seed_976303_C3_COMBINED_INTERVENTION_task_020,976303,C3_COMBINED_INTERVENTION,20,dialog_trajectories/seed_976303/C3_COMBINED_INTERVENTION/task_020.json,mechanism_traces/seed_976303/C3_COMBINED_INTERVENTION/task_020.json,1,1,0.01189346,0.012752,57.507829541980755,6987d28145d2a2adb4eba7ff7f6186e252eeca902cc6f18a89138a98be32d1ce,43974b3386cacd4ea76cd32409b8cdf9c748282988ae630f9276323bcad2560d
seed_976303_C3_COMBINED_INTERVENTION_task_021,976303,C3_COMBINED_INTERVENTION,21,dialog_trajectories/seed_976303/C3_COMBINED_INTERVENTION/task_021.json,mechanism_traces/seed_976303/C3_COMBINED_INTERVENTION/task_021.json,1,1,0.013960809999999999,0.016936,71.24060908399406,354c0458aeb38fdb677b83efa99d30a3c95c8949300de58bd3788f86529490a1,ecf7640878e96f385a7f59255fb4dd71b43cf917f7904d47721ec740e55508f0
seed_976303_C3_COMBINED_INTERVENTION_task_022,976303,C3_COMBINED_INTERVENTION,22,dialog_trajectories/seed_976303/C3_COMBINED_INTERVENTION/task_022.json,mechanism_traces/seed_976303/C3_COMBINED_INTERVENTION/task_022.json,0,0,0.011245739999999999,0.012724,51.020024166005896,189a00550a37db988b470c0ea3bb80035dd0ae444b8cfd17a1050c101fee34fc,35145ccb8ef1ce91e1a21ad4b5404c3299e366fbfbcffbbe7af828765b64d24c
seed_976303_C3_COMBINED_INTERVENTION_task_023,976303,C3_COMBINED_INTERVENTION,23,dialog_trajectories/seed_976303/C3_COMBINED_INTERVENTION/task_023.json,mechanism_traces/seed_976303/C3_COMBINED_INTERVENTION/task_023.json,1,1,0.015856330000000002,0.008376,59.44800450000912,ca1fa821cd2f6dcf701bb1ab0eba2a31485086b871334de5873a00edcd861f8e,ae279ca2079e1508f53856e113c2bbb5a9f5a4fb3c471624024eabda2d150a55
seed_976303_C3_COMBINED_INTERVENTION_task_024,976303,C3_COMBINED_INTERVENTION,24,dialog_trajectories/seed_976303/C3_COMBINED_INTERVENTION/task_024.json,mechanism_traces/seed_976303/C3_COMBINED_INTERVENTION/task_024.json,1,1,0.00432401,0.015642,29.94766945799347,1a51b67a0cd4d32ab56eb8599dc1535f753673922ed18ff5355ab19b6d656ef7,ef4b79e44ee17ef05d3ba3c7045fc8b74c532bc62ab9edb567210ec29ad67e38
seed_976303_C3_COMBINED_INTERVENTION_task_025,976303,C3_COMBINED_INTERVENTION,25,dialog_trajectories/seed_976303/C3_COMBINED_INTERVENTION/task_025.json,mechanism_traces/seed_976303/C3_COMBINED_INTERVENTION/task_025.json,1,1,0.00600473,0.007034,33.063837624998996,5ccbacd0bd82fdb98683020b7c406703e32dc0cf372497d7333b7a6b8e93f5ec,8fa3df627aa35aa97fee144631ce5d95c1247c21440053285b3c4ed7f74c73ff
seed_976303_C3_COMBINED_INTERVENTION_task_026,976303,C3_COMBINED_INTERVENTION,26,dialog_trajectories/seed_976303/C3_COMBINED_INTERVENTION/task_026.json,mechanism_traces/seed_976303/C3_COMBINED_INTERVENTION/task_026.json,1,1,0.00563808,0.008889999999999999,32.759143666000455,4a1cf2def825d19ea244f8f7c0bdbe8f0c24b51f31a6284d9a1a7c416987f2f6,7c7688bb56e4b9cd91c8225929663ebd60456a8eaf5d98eb7f211a43f951f334
seed_976303_C3_COMBINED_INTERVENTION_task_027,976303,C3_COMBINED_INTERVENTION,27,dialog_trajectories/seed_976303/C3_COMBINED_INTERVENTION/task_027.json,mechanism_traces/seed_976303/C3_COMBINED_INTERVENTION/task_027.json,0,0,0.00545706,0.0085,29.823857791998307,7f5dfdf17a81dfc9a92646c31477aea1c56ebc2c3bc86702d16d08eff5f1c142,83aab2acbf31b1ba108580c53a5dbaf648cdcf3a743db0bbf5fbfffcb6327cfd
seed_976303_C3_COMBINED_INTERVENTION_task_028,976303,C3_COMBINED_INTERVENTION,28,dialog_trajectories/seed_976303/C3_COMBINED_INTERVENTION/task_028.json,mechanism_traces/seed_976303/C3_COMBINED_INTERVENTION/task_028.json,1,1,0.01533851,0.025563999999999996,72.37126287500723,ecb5c2d4bc321009b0d818c192997dfb0c66936cf6b4b9bcd5501b9329c7345d,73eadc8a3c9a15bb2b6c9860a53ead4d6785d923a9f320946e9b020f76189ef1
seed_976303_C3_COMBINED_INTERVENTION_task_029,976303,C3_COMBINED_INTERVENTION,29,dialog_trajectories/seed_976303/C3_COMBINED_INTERVENTION/task_029.json,mechanism_traces/seed_976303/C3_COMBINED_INTERVENTION/task_029.json,1,1,0.01603208,0.017093999999999998,70.20623224999872,bbac15c385f2367cb3b74ef1634aca85b773f4820d9c8f2f13729c1fbcdcab7f,0244da2822794dfc1fe3e6782213fbc2168d0b67c6844f3974e3531fbe55983f
seed_976303_C3_COMBINED_INTERVENTION_task_030,976303,C3_COMBINED_INTERVENTION,30,dialog_trajectories/seed_976303/C3_COMBINED_INTERVENTION/task_030.json,mechanism_traces/seed_976303/C3_COMBINED_INTERVENTION/task_030.json,1,1,0.016511730000000002,0.018976,65.70793245898676,7870c2120b1a7b7f6920144eda6dc49c955112b4e9af210dc97b272b5459450e,9334d2b8b88b1cd2ffde43c44bc909edcab87cdcc11b560e866bf3c660a6e410
seed_976303_C3_COMBINED_INTERVENTION_task_031,976303,C3_COMBINED_INTERVENTION,31,dialog_trajectories/seed_976303/C3_COMBINED_INTERVENTION/task_031.json,mechanism_traces/seed_976303/C3_COMBINED_INTERVENTION/task_031.json,1,1,0.01305946,0.022827999999999998,63.670750708988635,e1f28bb0055afa1c7c9e371642ffc9c40a7668baadb7a4e7d986a0f4f0211cff,b6ed5073c6d34fadbb564088fafc3077ed2450dc7ba7753e13c2ca2110755886
seed_976303_C3_COMBINED_INTERVENTION_task_032,976303,C3_COMBINED_INTERVENTION,32,dialog_trajectories/seed_976303/C3_COMBINED_INTERVENTION/task_032.json,mechanism_traces/seed_976303/C3_COMBINED_INTERVENTION/task_032.json,0,0,0.014084510000000001,0.021897999999999997,63.35663745799684,d31b192e4c16a12add464f505215e318696455f116973e35a537bedae89d1e2d,5e2270f6a90349ea34e6940774ff0970916de0d0611fd4a798f8faee5b757c0d
seed_976303_C3_COMBINED_INTERVENTION_task_033,976303,C3_COMBINED_INTERVENTION,33,dialog_trajectories/seed_976303/C3_COMBINED_INTERVENTION/task_033.json,mechanism_traces/seed_976303/C3_COMBINED_INTERVENTION/task_033.json,1,1,0.00790566,0.016496,42.65110770899628,49fe5d2fd474c942429b87faa75fe6ec801a473c00f398161cd240b58f6285b9,d56733d17580a0d3139a2381ef6991064cd20becacee8aa935a14fa9a080f670
seed_976303_C3_COMBINED_INTERVENTION_task_034,976303,C3_COMBINED_INTERVENTION,34,dialog_trajectories/seed_976303/C3_COMBINED_INTERVENTION/task_034.json,mechanism_traces/seed_976303/C3_COMBINED_INTERVENTION/task_034.json,1,1,0.010476309999999999,0.011542,49.15992254202138,26298f1352900270c3f3755bc40a3faf4ce0c8df7c5dcc167bc3c3ce69ac3c69,3d35a420cae6ea3a3b4c3f6138337fdea6600daa29129b15ae72ac5c86272e70
seed_976303_C3_COMBINED_INTERVENTION_task_035,976303,C3_COMBINED_INTERVENTION,35,dialog_trajectories/seed_976303/C3_COMBINED_INTERVENTION/task_035.json,mechanism_traces/seed_976303/C3_COMBINED_INTERVENTION/task_035.json,1,1,0.01502195,0.016024,64.29298929098877,527407e6cfb8ba713cf6108f88abd21d42f042ce9fe2b174777f78155b141633,d0c5b91f43e777a332163772f8234cf2bbb5e6f662fcf0531dbd9eda1f6cfa34
seed_976303_C3_COMBINED_INTERVENTION_task_036,976303,C3_COMBINED_INTERVENTION,36,dialog_trajectories/seed_976303/C3_COMBINED_INTERVENTION/task_036.json,mechanism_traces/seed_976303/C3_COMBINED_INTERVENTION/task_036.json,0,0,0.01117076,0.012577999999999999,53.48461841700191,6c4390b5367d13c38e8f6722783187559ec613e8bc7d5411790290ded39a30f1,baf648b54e250ac066c515f3309d4db28f5973c042f340d598e9762e2a6d0540
seed_976303_C3_COMBINED_INTERVENTION_task_038,976303,C3_COMBINED_INTERVENTION,38,dialog_trajectories/seed_976303/C3_COMBINED_INTERVENTION/task_038.json,mechanism_traces/seed_976303/C3_COMBINED_INTERVENTION/task_038.json,0,0,0.01097222,0.016976,48.8347567919991,feeccfaac15cdb00746cc5b761cfd2fbfda8f7dabe4e93d4fbb813f068cf8ccb,73405b3b4bbc72680e26467e6b6c3082cc9e0e46cb43c685b74f1d270342f21f
seed_976303_C3_COMBINED_INTERVENTION_task_039,976303,C3_COMBINED_INTERVENTION,39,dialog_trajectories/seed_976303/C3_COMBINED_INTERVENTION/task_039.json,mechanism_traces/seed_976303/C3_COMBINED_INTERVENTION/task_039.json,1,1,0.010834849999999998,0.015694,62.9597591660131,1e7f434421e4101c9148b96317a75026cea4c035502aa45d8ccfe7eb801d4510,5ea3a98c14cfe949e04533d9ff30024619d8d5517f785b2634992d6956b0394b
seed_976303_C3_COMBINED_INTERVENTION_task_040,976303,C3_COMBINED_INTERVENTION,40,dialog_trajectories/seed_976303/C3_COMBINED_INTERVENTION/task_040.json,mechanism_traces/seed_976303/C3_COMBINED_INTERVENTION/task_040.json,1,1,0.00521556,0.010296000000000001,28.693922499995097,f5641d40b0f905a7c9559d5883d338e8225afeaebfecee0613be44ea30c5bdef,fd49dbcc11ad0ae37917c68e4fdc3ff1d1baf7c08f3e64a15bc36069aa622aa3
seed_976303_C3_COMBINED_INTERVENTION_task_042,976303,C3_COMBINED_INTERVENTION,42,dialog_trajectories/seed_976303/C3_COMBINED_INTERVENTION/task_042.json,mechanism_traces/seed_976303/C3_COMBINED_INTERVENTION/task_042.json,1,1,0.014086909999999998,0.023561999999999996,67.11891000000469,ee1d4297e9305391c73b9d98e4365c5dff53853ad48b141ec48b1396af977350,6084a6f5fb8b356774314e2e6cc24fb8e02827a83636c5df4d22b378f83f066e
seed_976303_C3_COMBINED_INTERVENTION_task_043,976303,C3_COMBINED_INTERVENTION,43,dialog_trajectories/seed_976303/C3_COMBINED_INTERVENTION/task_043.json,mechanism_traces/seed_976303/C3_COMBINED_INTERVENTION/task_043.json,1,1,0.009502179999999999,0.014885999999999998,49.07439033398987,18eb675067eb8a0a6b8072248ded00e3624e68231db1f4506a742a7a8cf746d4,df90d08f98d6a9a5caa42e301f8772ef2bbd30476efea334ffd648b3ff5af8bc
seed_976303_C3_COMBINED_INTERVENTION_task_045,976303,C3_COMBINED_INTERVENTION,45,dialog_trajectories/seed_976303/C3_COMBINED_INTERVENTION/task_045.json,mechanism_traces/seed_976303/C3_COMBINED_INTERVENTION/task_045.json,1,1,0.011013830000000002,0.015036,52.80825187500159,1fbb78cf2f14524cb4be8041edf4c315f67d846fd75dd26f373ba00ffd68be7a,0635b72e609389292c626446ee361f255a6383f26712b65ca49a5074473cc0c7
seed_976303_C3_COMBINED_INTERVENTION_task_049,976303,C3_COMBINED_INTERVENTION,49,dialog_trajectories/seed_976303/C3_COMBINED_INTERVENTION/task_049.json,mechanism_traces/seed_976303/C3_COMBINED_INTERVENTION/task_049.json,0,0,0.008094220000000001,0.011898,38.97484304200043,f91da461146f8de95956e2e588628a38dac723c54b394ff8c268787e85a58e86,90eaf3bb664851127a3ccbc26f6bf41ad503250c097be3a9b00492be22d1494a
seed_976303_C3_COMBINED_INTERVENTION_task_050,976303,C3_COMBINED_INTERVENTION,50,dialog_trajectories/seed_976303/C3_COMBINED_INTERVENTION/task_050.json,mechanism_traces/seed_976303/C3_COMBINED_INTERVENTION/task_050.json,1,1,0.00211282,0.003967999999999999,11.271402541999123,c6b6811b1d515b2d15976f8de3734a65fb4e54c22e1e695ce9f845d776612edf,aa01b886ce70258e4a840d50a174e4dfeb010a7fcb8401044228a23ea96b9e74
seed_976303_C3_COMBINED_INTERVENTION_task_051,976303,C3_COMBINED_INTERVENTION,51,dialog_trajectories/seed_976303/C3_COMBINED_INTERVENTION/task_051.json,mechanism_traces/seed_976303/C3_COMBINED_INTERVENTION/task_051.json,1,1,0.0057783999999999995,0.01112,31.122512125002686,1abd4a09e8b973071a1c6f096b65930a5d53b8f04538a6421bf9f03774210a1f,4147f705e8097a21d858a7e1c151bcac244a58aa4d57ea59adc7b083d0cd4ead
seed_976303_C3_COMBINED_INTERVENTION_task_053,976303,C3_COMBINED_INTERVENTION,53,dialog_trajectories/seed_976303/C3_COMBINED_INTERVENTION/task_053.json,mechanism_traces/seed_976303/C3_COMBINED_INTERVENTION/task_053.json,1,1,0.00698447,0.010668,35.11756254101056,f38c417a6bfb1e1fbeb82148b6f1d52069c44ddf3cbe92905b8bd1b9dbd5a864,bbd3943bced1196d5ece4a620fc8e0a88b5a1ffcf1fce88b550d5e84107e5afd
seed_976303_C3_COMBINED_INTERVENTION_task_054,976303,C3_COMBINED_INTERVENTION,54,dialog_trajectories/seed_976303/C3_COMBINED_INTERVENTION/task_054.json,mechanism_traces/seed_976303/C3_COMBINED_INTERVENTION/task_054.json,1,1,0.015499930000000002,0.008646,55.51604216598207,cfbf906b0c5423fada40845bf801d849c5e0e60c4c2777d0d30a2ef746933e35,7bb2855ea05ab1cf2fae8d19f61a72b75957efb3a365be8db7b4589bc0f9ef18
seed_976303_C3_COMBINED_INTERVENTION_task_055,976303,C3_COMBINED_INTERVENTION,55,dialog_trajectories/seed_976303/C3_COMBINED_INTERVENTION/task_055.json,mechanism_traces/seed_976303/C3_COMBINED_INTERVENTION/task_055.json,1,1,0.014559869999999999,0.018633999999999998,53.717584958008956,b000bb4adb041030e4cff353963861b784dbca5d21fdb2852871ba775d9983ac,a618e2de535caa3a95e124c33c4a8309ce8d0786c52b0a5e5d2a85cf27a38f27
seed_976303_C3_COMBINED_INTERVENTION_task_056,976303,C3_COMBINED_INTERVENTION,56,dialog_trajectories/seed_976303/C3_COMBINED_INTERVENTION/task_056.json,mechanism_traces/seed_976303/C3_COMBINED_INTERVENTION/task_056.json,0,0,0.0037369300000000003,0.006911999999999999,21.979915208008606,8ee01f152f6c54aa6ac186bc16b42dbaea76606eec2cbf6e1e49328154f6db9e,9100f7c5de8b2a0b6b5d2fc2c90f45b0cda68af98431098dcfaee17693678ce2
seed_976303_C3_COMBINED_INTERVENTION_task_059,976303,C3_COMBINED_INTERVENTION,59,dialog_trajectories/seed_976303/C3_COMBINED_INTERVENTION/task_059.json,mechanism_traces/seed_976303/C3_COMBINED_INTERVENTION/task_059.json,0,0,0.007579750000000001,0.013436,42.342558042000746,62e35eeb457eaf82864fff7bfa0123135d65fa8b62f4de0f298997e8f2afdf62,dc4380e3175ed8a6ac05b052235fae1d7453557718600cba712a04c61e61685e
seed_976303_C3_COMBINED_INTERVENTION_task_060,976303,C3_COMBINED_INTERVENTION,60,dialog_trajectories/seed_976303/C3_COMBINED_INTERVENTION/task_060.json,mechanism_traces/seed_976303/C3_COMBINED_INTERVENTION/task_060.json,1,1,0.00678653,0.00763,36.566438041001675,5d93eacc348db36f6269f09dfe9089276c4f3ae822d94268b4d7290c957a2a15,807346c67af6d5ff9697accc1f5cd4788dd352d9efc8ff97fa9ddbf808e78c26
seed_976303_C3_COMBINED_INTERVENTION_task_061,976303,C3_COMBINED_INTERVENTION,61,dialog_trajectories/seed_976303/C3_COMBINED_INTERVENTION/task_061.json,mechanism_traces/seed_976303/C3_COMBINED_INTERVENTION/task_061.json,1,1,0.007380889999999999,0.008056,36.09897904100944,da0e815dd7515a0cb6e01088591087d06ef63a649e83a0b100a3cb3b9322844a,e3016c1561d0486ee9911aa62ee657bd6840a356bb8c76d146255d6038986749
seed_976303_C3_COMBINED_INTERVENTION_task_062,976303,C3_COMBINED_INTERVENTION,62,dialog_trajectories/seed_976303/C3_COMBINED_INTERVENTION/task_062.json,mechanism_traces/seed_976303/C3_COMBINED_INTERVENTION/task_062.json,1,1,0.00768756,0.013361999999999999,35.34075000000303,a4f75314d3dd2b7c7b31c4284a4c450b774ce60f6ce2c1514fa7bb70a8ec9ac3,4e30a46e596a1bf2763cad71c521d7cefa9f7a32e4392b0357ccb7b39ab45561
seed_976303_C3_COMBINED_INTERVENTION_task_064,976303,C3_COMBINED_INTERVENTION,64,dialog_trajectories/seed_976303/C3_COMBINED_INTERVENTION/task_064.json,mechanism_traces/seed_976303/C3_COMBINED_INTERVENTION/task_064.json,1,0,0.007860190000000001,0.012596,43.33450429199729,8ea2a33c7a8347661c9d5262c6a91910cce2b2d244570797819a0ad293e5e166,ac0a0f9774975819acce6268ddf25e9f670177d447a2651600facc47679707df
seed_976303_C3_COMBINED_INTERVENTION_task_065,976303,C3_COMBINED_INTERVENTION,65,dialog_trajectories/seed_976303/C3_COMBINED_INTERVENTION/task_065.json,mechanism_traces/seed_976303/C3_COMBINED_INTERVENTION/task_065.json,1,1,0.006483340000000001,0.013346,40.055629541995586,0711f4c65c0fda72e09b135988e26b1cdc1bfd6650d1ec740e21a143c0904819,8c4973ef3d77e5e1b7c9618e31fbd3dda74c5bcba87d9d4a2a404e21ca3782bd
seed_976303_C3_COMBINED_INTERVENTION_task_068,976303,C3_COMBINED_INTERVENTION,68,dialog_trajectories/seed_976303/C3_COMBINED_INTERVENTION/task_068.json,mechanism_traces/seed_976303/C3_COMBINED_INTERVENTION/task_068.json,1,1,0.0020174800000000003,0.006642,14.873880125000142,d371909241dcdfa094c6bd4262f44580f198264ae0520c3bef848f2fb6f0f8c7,53e846194a877d7c4c04e130e5acac8df90ecc9ac313aa4b23185f141c90469b
seed_976303_C3_COMBINED_INTERVENTION_task_070,976303,C3_COMBINED_INTERVENTION,70,dialog_trajectories/seed_976303/C3_COMBINED_INTERVENTION/task_070.json,mechanism_traces/seed_976303/C3_COMBINED_INTERVENTION/task_070.json,0,0,0.0026900300000000004,0.006225999999999999,16.03114579099929,43e58f2363bb440105095b7a3e70387a1ca5c38067c5ebb3040b738254fae45a,3ccf209517123d4215b4f4fc342b30d72424383c818e13df791feeaef6105c4d
seed_976303_C3_COMBINED_INTERVENTION_task_071,976303,C3_COMBINED_INTERVENTION,71,dialog_trajectories/seed_976303/C3_COMBINED_INTERVENTION/task_071.json,mechanism_traces/seed_976303/C3_COMBINED_INTERVENTION/task_071.json,0,0,0.018641170000000002,0.018865999999999997,74.71476854200591,4eebf8d36340ba36a13fe1db3a8ffaa19a6fcfab8fbeb79d6eff4ee2cc4e7546,ac864f1aac261d41099f52d33d8a13bb8af0c1537a38410c5722e4d625bdfcd8
seed_976303_C3_COMBINED_INTERVENTION_task_073,976303,C3_COMBINED_INTERVENTION,73,dialog_trajectories/seed_976303/C3_COMBINED_INTERVENTION/task_073.json,mechanism_traces/seed_976303/C3_COMBINED_INTERVENTION/task_073.json,1,1,0.0073256300000000005,0.011764,41.58238354200148,349857a5454e4030319cf918f59a6aeb60781aef0afcc9dd51b411881f142c82,a6818d8ceeb24da54244370cbb804c76df632d7f9fef703879d9253df2d0f158
seed_976303_C3_COMBINED_INTERVENTION_task_074,976303,C3_COMBINED_INTERVENTION,74,dialog_trajectories/seed_976303/C3_COMBINED_INTERVENTION/task_074.json,mechanism_traces/seed_976303/C3_COMBINED_INTERVENTION/task_074.json,1,1,0.013500159999999997,0.010232,52.66286354098702,d47785379b0338bf72393e55bab01d74d909b4a061312a1ed8b10bd5425845b9,c772c9f42f7e1ea690d960b965f95c2bc2d9d7efa5228591c66f2145661fccb0
seed_976303_C3_COMBINED_INTERVENTION_task_075,976303,C3_COMBINED_INTERVENTION,75,dialog_trajectories/seed_976303/C3_COMBINED_INTERVENTION/task_075.json,mechanism_traces/seed_976303/C3_COMBINED_INTERVENTION/task_075.json,1,1,0.00763053,0.011836,38.644062958977884,468105fa8ec06077a961213fcbc104e865fadbb31a0d55f4f258a5f46290d592,6a731c8d40dd67187b1cc5d3a1055a52449dc28d1ca7630385f1050c5a45c89d
seed_976303_C3_COMBINED_INTERVENTION_task_077,976303,C3_COMBINED_INTERVENTION,77,dialog_trajectories/seed_976303/C3_COMBINED_INTERVENTION/task_077.json,mechanism_traces/seed_976303/C3_COMBINED_INTERVENTION/task_077.json,1,1,0.0067968,0.016472,41.14217041700613,cb004321da82fc898b0d46afe6f68185c9ce3a61137c5f488d4963e0999dfd66,90d95353298a56837f2e299d809ff7d5383b2db0feca8373b1925754eadc7714
seed_976303_C3_COMBINED_INTERVENTION_task_079,976303,C3_COMBINED_INTERVENTION,79,dialog_trajectories/seed_976303/C3_COMBINED_INTERVENTION/task_079.json,mechanism_traces/seed_976303/C3_COMBINED_INTERVENTION/task_079.json,1,1,0.00998489,0.014576,49.589214124993305,652772d44253fd1479d4097e68563372f7eca9dd63946d6bc15e9327638ece79,6d23b45529cfa26801a7c25f3a10300f0aa3c1accf8887b84f2bf38df3bc5b02
seed_976303_C3_COMBINED_INTERVENTION_task_080,976303,C3_COMBINED_INTERVENTION,80,dialog_trajectories/seed_976303/C3_COMBINED_INTERVENTION/task_080.json,mechanism_traces/seed_976303/C3_COMBINED_INTERVENTION/task_080.json,1,1,0.01086093,0.016905999999999997,59.38433133298531,8e276c9846ccd542f48145189410005d389c9c2bb8072723d0f122b3969396c0,341d6829704d4f707257db9615277c7ff119cc69a49b335c3a711c42a6770dc7
seed_976303_C3_COMBINED_INTERVENTION_task_086,976303,C3_COMBINED_INTERVENTION,86,dialog_trajectories/seed_976303/C3_COMBINED_INTERVENTION/task_086.json,mechanism_traces/seed_976303/C3_COMBINED_INTERVENTION/task_086.json,1,1,0.013208629999999999,0.01955,74.54881200000818,492e1f9c1eabd8eb2033ca7e4f1d556e3806a2b1ca0d1040aa617da2d6512faa,e921907bf93ca5539713ce17e7ba6e4bd9603c401a507541aca1bf47c7e71219
seed_976303_C3_COMBINED_INTERVENTION_task_087,976303,C3_COMBINED_INTERVENTION,87,dialog_trajectories/seed_976303/C3_COMBINED_INTERVENTION/task_087.json,mechanism_traces/seed_976303/C3_COMBINED_INTERVENTION/task_087.json,0,0,0.010444779999999999,0.01006,49.7520602089935,6b6b2ddc270c667b4ebf479bcc1e7c2d6fb54a5b84f2444952a137046b5fd10b,979c7e2074305b086f72ed44602a095db322fe50c975703070faaefc9651188b
seed_976303_C3_COMBINED_INTERVENTION_task_090,976303,C3_COMBINED_INTERVENTION,90,dialog_trajectories/seed_976303/C3_COMBINED_INTERVENTION/task_090.json,mechanism_traces/seed_976303/C3_COMBINED_INTERVENTION/task_090.json,1,1,0.00768481,0.013462,39.64120720799838,0a3e086979e0204b7e9a9d78f1dd7fc7f9b5810fe22a50eb7701dfd722d2495b,5a8a4baae6cf416d0844778039e51145d356d7b5a3dc02aac3cd578a0923cbb8
seed_976303_C3_COMBINED_INTERVENTION_task_091,976303,C3_COMBINED_INTERVENTION,91,dialog_trajectories/seed_976303/C3_COMBINED_INTERVENTION/task_091.json,mechanism_traces/seed_976303/C3_COMBINED_INTERVENTION/task_091.json,1,1,0.0133103,0.017041999999999998,67.71463958302047,1b29e4073a740dda6f81d9ded5e4c9f2167ed644ca7cf8875855cd7bc880ffd7,83bfc471fa5e86eb2a5bc01dc221516e2feec77a859355ef3d154bf618714424
seed_976303_C3_COMBINED_INTERVENTION_task_094,976303,C3_COMBINED_INTERVENTION,94,dialog_trajectories/seed_976303/C3_COMBINED_INTERVENTION/task_094.json,mechanism_traces/seed_976303/C3_COMBINED_INTERVENTION/task_094.json,1,1,0.01046083,0.010188,53.98912841700076,f1c83f77d805a4ddb20bfac7ac312582a4e6e99d103058922be23a3a8a9b8af5,9719ee11c381671abff9bd5d6cc054c34ea610b52fa0e769c5e777b7b6abf470
seed_976303_C3_COMBINED_INTERVENTION_task_095,976303,C3_COMBINED_INTERVENTION,95,dialog_trajectories/seed_976303/C3_COMBINED_INTERVENTION/task_095.json,mechanism_traces/seed_976303/C3_COMBINED_INTERVENTION/task_095.json,1,1,0.013937859999999998,0.010879999999999999,58.2530689159903,45e492f73120bd6a13f0e0ccfac679126f9b2a7e3c48d8614c796c3bb6775cfe,c176dec44df0d30d3c045dfe49da78a7bb8b785305f50a00b3da4acc7d0426bc
seed_976303_C3_COMBINED_INTERVENTION_task_097,976303,C3_COMBINED_INTERVENTION,97,dialog_trajectories/seed_976303/C3_COMBINED_INTERVENTION/task_097.json,mechanism_traces/seed_976303/C3_COMBINED_INTERVENTION/task_097.json,0,0,0.006282439999999999,0.014393999999999999,39.33302058299887,3ee71592c0881f95961cb10c69fa3239ad360f3506d805d4c4eee1680828b800,b21b590985cd2a1ba5d5c88e3befa93519387e03c6c372a0b818594b1807e5a7
seed_976303_C3_COMBINED_INTERVENTION_task_099,976303,C3_COMBINED_INTERVENTION,99,dialog_trajectories/seed_976303/C3_COMBINED_INTERVENTION/task_099.json,mechanism_traces/seed_976303/C3_COMBINED_INTERVENTION/task_099.json,1,1,0.01401161,0.0093,63.58717587499996,44d15bd06ec1e996b377b46a85d858e4812d925035e21a08d833a38177f93fad,7eb867f0e0ce0274585fcd1b589d533996b6e3655f7f7e79f4dadf6122d994e5
seed_976303_C3_COMBINED_INTERVENTION_task_100,976303,C3_COMBINED_INTERVENTION,100,dialog_trajectories/seed_976303/C3_COMBINED_INTERVENTION/task_100.json,mechanism_traces/seed_976303/C3_COMBINED_INTERVENTION/task_100.json,1,1,0.016513490000000002,0.014887999999999998,68.20693687499443,e96a9626cbfc36df6717157d997db0937442106212ff592a5327a9264657f140,3e5a60b2cda32bac6d7c59937f9e99921eacc73edc7fe5c1494f23493bda6d1f
seed_976303_C3_COMBINED_INTERVENTION_task_101,976303,C3_COMBINED_INTERVENTION,101,dialog_trajectories/seed_976303/C3_COMBINED_INTERVENTION/task_101.json,mechanism_traces/seed_976303/C3_COMBINED_INTERVENTION/task_101.json,1,1,0.01663237,0.017732,73.2734891250002,fab217a66ce490678c788ad8d93c4ad2e9c8b7776ec7e5c8d982174fff5c3813,de2f9da5918de126bc90582b9950a11f200333d745e6b100bfc44bfb5d3e7d10
seed_976303_C3_COMBINED_INTERVENTION_task_102,976303,C3_COMBINED_INTERVENTION,102,dialog_trajectories/seed_976303/C3_COMBINED_INTERVENTION/task_102.json,mechanism_traces/seed_976303/C3_COMBINED_INTERVENTION/task_102.json,0,0,0.01563218,0.013793999999999999,114.79233616599231,5788c3329580f3718de1e08b43943d32015339c2f96001d60ca6be338ff18f65,497ec6e737988b413485c0bf425d42d2cc7a6f26c1f571048e0a84f3ad3d454f
seed_976303_C3_COMBINED_INTERVENTION_task_105,976303,C3_COMBINED_INTERVENTION,105,dialog_trajectories/seed_976303/C3_COMBINED_INTERVENTION/task_105.json,mechanism_traces/seed_976303/C3_COMBINED_INTERVENTION/task_105.json,0,0,0.00968272,0.01591,48.108458083996084,de10be3054cb21137982f08264edac528c1857d5951b71f539c06609198b7587,2c88eeed1d926c733ef11a12572da2a19301770917b81ca6995ed8e3cab66c8f
seed_976303_C3_COMBINED_INTERVENTION_task_108,976303,C3_COMBINED_INTERVENTION,108,dialog_trajectories/seed_976303/C3_COMBINED_INTERVENTION/task_108.json,mechanism_traces/seed_976303/C3_COMBINED_INTERVENTION/task_108.json,0,0,0.00723197,0.012836,40.06876120799279,83cdc16767492bdbbf34faa7471c69fa0f61d5acf3d84cb808c82f4413ee4192,26c460720061e762f29ac909a1df5ce0a4e9a20eaf325cf27a02a7bf7930de9a
seed_976303_C3_COMBINED_INTERVENTION_task_111,976303,C3_COMBINED_INTERVENTION,111,dialog_trajectories/seed_976303/C3_COMBINED_INTERVENTION/task_111.json,mechanism_traces/seed_976303/C3_COMBINED_INTERVENTION/task_111.json,0,0,0.015195970000000001,0.012974,71.45244320799247,c4472fecb020fcc652fecae599754497b76f7b55d4441fc2a77dd737958f9595,5dd95fcd54e6778a7f3cdca4586dafc46e60e0c764bd8ca4ddc5e355441d2159
seed_976303_C3_COMBINED_INTERVENTION_task_113,976303,C3_COMBINED_INTERVENTION,113,dialog_trajectories/seed_976303/C3_COMBINED_INTERVENTION/task_113.json,mechanism_traces/seed_976303/C3_COMBINED_INTERVENTION/task_113.json,1,1,0.0045029200000000005,0.007344,25.086580040995614,a746c7b2d264bb6eb3e5f1d4e3a458d827af1d121392c39a43f41cf34549b4be,cb501e9df0c3e8a8d0069bc59f6948248ec56b2ef9ceafb5137fc054f67445e6
seed_976304_C0_NATIVE_task_000,976304,C0_NATIVE,0,dialog_trajectories/seed_976304/C0_NATIVE/task_000.json,mechanism_traces/seed_976304/C0_NATIVE/task_000.json,1,1,0.006810920000000001,0.011165999999999999,40.98466316598933,520cb1f50da81c82f67e8598b8842f913c492ae4019c8b62b11fc19264e2021f,61aeb59fc48f9c8ee46beb497db593ef06640778764a4fae50a01968fe6d06a8
seed_976304_C0_NATIVE_task_001,976304,C0_NATIVE,1,dialog_trajectories/seed_976304/C0_NATIVE/task_001.json,mechanism_traces/seed_976304/C0_NATIVE/task_001.json,1,1,0.00597309,0.011136,43.45957179204561,67f70aaf5f9f9268ad5c8c40273bceca8bd6116a14318914d316ced8e5c3eba9,f12d17d1cb53da6b32e4c1c1c34d3b35ec1a6b8d2f8ea161b44e3e6e6b09f9bb
seed_976304_C0_NATIVE_task_002,976304,C0_NATIVE,2,dialog_trajectories/seed_976304/C0_NATIVE/task_002.json,mechanism_traces/seed_976304/C0_NATIVE/task_002.json,1,1,0.00654203,0.01053,40.64588087500306,eb2179e51a3ee05488063a798b40cdf22abbc753514793748a1b9839d1e00c17,976bef7a19afbe23996db2cb9bf24c261ab98d472c30bcd8fc592da25f06917a
seed_976304_C0_NATIVE_task_003,976304,C0_NATIVE,3,dialog_trajectories/seed_976304/C0_NATIVE/task_003.json,mechanism_traces/seed_976304/C0_NATIVE/task_003.json,1,1,0.007034749999999999,0.0125,64.70322595798643,9ea23b3fac1dfe22d06d6adce5534028442fa32f34f762894526555d4096321a,9b9b71e222f868bd404cb4998907d8ae30c01a354786d66daab99c0893f5a0f7
seed_976304_C0_NATIVE_task_004,976304,C0_NATIVE,4,dialog_trajectories/seed_976304/C0_NATIVE/task_004.json,mechanism_traces/seed_976304/C0_NATIVE/task_004.json,1,1,0.00631534,0.008447999999999999,56.22479783400195,cec42a7f39532da85e4f2ad61d1d654a734c43f2f976d4bac8ba7daacccd7ff9,c449ce27b08c626a81a0a9a5ed018d07755e86df602ee3527bf710607f33b10c
seed_976304_C0_NATIVE_task_005,976304,C0_NATIVE,5,dialog_trajectories/seed_976304/C0_NATIVE/task_005.json,mechanism_traces/seed_976304/C0_NATIVE/task_005.json,1,1,0.008738300000000001,0.014508000000000002,53.46056837501237,c3084cd389ce7d5f65c831c7f1c027a9f8c441a4484f1f89f868c515fcd6fd2d,a3b6cf45ab88c7db474c1424634825e6afbfb1fb72e81361ea1887e9b91813c2
seed_976304_C0_NATIVE_task_006,976304,C0_NATIVE,6,dialog_trajectories/seed_976304/C0_NATIVE/task_006.json,mechanism_traces/seed_976304/C0_NATIVE/task_006.json,1,1,0.00835498,0.016454,46.095131499983836,850946bd1f75c7518300a6d9316de6edc1869d1d03cc08c15fad92595a4d672e,adc3a0c9e5770bf9400743904ee197c609214e32e3afee67b0e084aaaa12d8ea
seed_976304_C0_NATIVE_task_007,976304,C0_NATIVE,7,dialog_trajectories/seed_976304/C0_NATIVE/task_007.json,mechanism_traces/seed_976304/C0_NATIVE/task_007.json,1,1,0.006631370000000001,0.012285999999999998,38.86203795898473,7b683090bd477cb5a2826d9e6b7ad072baee35563aad5f4ae5b9360e27875eeb,e6c040c01dde0a7a8d3af17eedb2b81c97417014564a3885099a1d539121129d
seed_976304_C0_NATIVE_task_008,976304,C0_NATIVE,8,dialog_trajectories/seed_976304/C0_NATIVE/task_008.json,mechanism_traces/seed_976304/C0_NATIVE/task_008.json,1,1,0.007836540000000001,0.011425999999999999,58.87833249999676,54f1c479182933764208f0c9613a200d60de32d87a14f2918cb9aecc940495d3,8224d528ee1351822f75912f137f9669f1b80ae613179bc2001c09aeec86972f
seed_976304_C0_NATIVE_task_009,976304,C0_NATIVE,9,dialog_trajectories/seed_976304/C0_NATIVE/task_009.json,mechanism_traces/seed_976304/C0_NATIVE/task_009.json,1,1,0.0073247600000000005,0.014719999999999997,52.484070124977734,105f2bfaa223afcff4c9d147ba7826cc6ddb523e8adf06c5b14debb9336378b6,d34d92f01beee05934020f8d2cb1bfc89567732fff2ad9242b833a5f1c8a8f7a
seed_976304_C0_NATIVE_task_010,976304,C0_NATIVE,10,dialog_trajectories/seed_976304/C0_NATIVE/task_010.json,mechanism_traces/seed_976304/C0_NATIVE/task_010.json,1,1,0.00475855,0.011138,41.44917475001421,c4ba4d61af8d4f2a599e1028c7be644043dd550414b26481805d8420bb0fe2db,77ef6d920e98e1704bba4eddf59308609022b2118efb7590b9ebeb8b1f046b53
seed_976304_C0_NATIVE_task_011,976304,C0_NATIVE,11,dialog_trajectories/seed_976304/C0_NATIVE/task_011.json,mechanism_traces/seed_976304/C0_NATIVE/task_011.json,1,1,0.007059050000000002,0.015771999999999998,48.61605904099997,ddd9b25d4134ecf3e0ba4bdb64d27a97d43f9f47e2c0e68f20d21b48378916f7,89392cf2522757569fd71885c7b51590e56d31d95edbdd1d9c72128a9c4ee7a3
seed_976304_C0_NATIVE_task_012,976304,C0_NATIVE,12,dialog_trajectories/seed_976304/C0_NATIVE/task_012.json,mechanism_traces/seed_976304/C0_NATIVE/task_012.json,1,1,0.0052491199999999995,0.012178,41.025320667016786,539558bd9abe46614d843e0c3fd0ecc27066c9630ae808291cb6fb62e7a8ed19,a8dfbb9e91be0ac0f6a7b7467a549648c313d3fb170cd79d0d06fee9b09d51cb
seed_976304_C0_NATIVE_task_013,976304,C0_NATIVE,13,dialog_trajectories/seed_976304/C0_NATIVE/task_013.json,mechanism_traces/seed_976304/C0_NATIVE/task_013.json,1,1,0.005243309999999999,0.010977999999999998,49.05065204197308,07843a99bf3be5134eef8bed2954005a1c11721a8465bd5bc5b557aaef480753,64f0a6e53b4aeaa3b4c6a6f74b34759348f19a9716469a5165052f8febe0878a
seed_976304_C0_NATIVE_task_014,976304,C0_NATIVE,14,dialog_trajectories/seed_976304/C0_NATIVE/task_014.json,mechanism_traces/seed_976304/C0_NATIVE/task_014.json,1,1,0.005413200000000001,0.010851999999999999,46.64714575000107,aea76b85627b515299bf40527a2b22a86f5fd56ec2c5b440b0bbbc5758c0388d,edcb59540b16817585b21942f2141713867f9445d234e5ea373ab5400fa74989
seed_976304_C0_NATIVE_task_015,976304,C0_NATIVE,15,dialog_trajectories/seed_976304/C0_NATIVE/task_015.json,mechanism_traces/seed_976304/C0_NATIVE/task_015.json,1,1,0.00814487,0.014736,57.88696620898554,fb9952caa6a22e14b12dc1fc1a40cff8d8aeccf4a02a9b6a5389da1125c66ce3,1dfb2f67c45a3fcd23301255e17945cbf8c1cec8d2723dbca778eee4ad1dbd4c
seed_976304_C0_NATIVE_task_016,976304,C0_NATIVE,16,dialog_trajectories/seed_976304/C0_NATIVE/task_016.json,mechanism_traces/seed_976304/C0_NATIVE/task_016.json,1,1,0.007733080000000001,0.010327999999999999,44.45267829098157,0a19280be5967f69ec7ef8d89793a18460dcfdbf9d31b12d3b5007054f0db60b,03acd568b69a0a5b2029b2db251c7cf62018dfffaffc4ed1206945ae35edf60d
seed_976304_C0_NATIVE_task_017,976304,C0_NATIVE,17,dialog_trajectories/seed_976304/C0_NATIVE/task_017.json,mechanism_traces/seed_976304/C0_NATIVE/task_017.json,1,1,0.0029226400000000007,0.010062,25.59721479198197,c1043498dbe88a495cf0ea5085ef7432d71c0999d3badd908de8195e601915d8,d48c472248c64a3523372fa0d0c7d94c9b079eb79df04c12ee026ea08d5e292d
seed_976304_C0_NATIVE_task_018,976304,C0_NATIVE,18,dialog_trajectories/seed_976304/C0_NATIVE/task_018.json,mechanism_traces/seed_976304/C0_NATIVE/task_018.json,1,1,0.006670600000000001,0.015838,51.70255004201317,6f8b9b10d50806ab21746cdcb7251d33f2f14ba2db07d87da86bca3520a22f6c,4f12f3ae259eacaf54f6a3d7f261e0d2abe441ba0ea410975a53a805a0b13586
seed_976304_C0_NATIVE_task_019,976304,C0_NATIVE,19,dialog_trajectories/seed_976304/C0_NATIVE/task_019.json,mechanism_traces/seed_976304/C0_NATIVE/task_019.json,1,1,0.008300700000000001,0.009661999999999999,65.53752266598167,4fe9cda6a79483bf01e2d6723bace16056aeb03125e69226419e35aceb8df7d3,1ce4d73a2e9f0102b0216db6d389e30a23762c73e99c16b1a9c6193f06c52389
seed_976304_C0_NATIVE_task_020,976304,C0_NATIVE,20,dialog_trajectories/seed_976304/C0_NATIVE/task_020.json,mechanism_traces/seed_976304/C0_NATIVE/task_020.json,0,0,0.01159023,0.00922,51.31078629096737,dce4cae17364174cbdb743dd38807c80f740204900609e96f9af78803ceb7dff,6473647520e70dae299ddb4b9eb0212072dbdf328bd409d28d9f3263bf4505dd
seed_976304_C0_NATIVE_task_021,976304,C0_NATIVE,21,dialog_trajectories/seed_976304/C0_NATIVE/task_021.json,mechanism_traces/seed_976304/C0_NATIVE/task_021.json,0,0,0.0073457900000000005,0.010375999999999998,42.262512125016656,7684183071fd3b5d17b240c74e2ba474021a6b112d7d54a17b163e3c47a65410,d1e34b0df1d5e6308e68f94dc7df9294413fe3821ba3a5fff7001ce58df8f307
seed_976304_C0_NATIVE_task_022,976304,C0_NATIVE,22,dialog_trajectories/seed_976304/C0_NATIVE/task_022.json,mechanism_traces/seed_976304/C0_NATIVE/task_022.json,1,1,0.0057954700000000005,0.013239999999999998,33.48226895800326,554190071a71a6b2e02b43bd48bf1bcf941d0a6f0dcb11e107cdd028f0b4e70e,496f2a5eedef870cb1c693d4e63cc1cfdf7ffd102237336fa91f9aa61cc5724d
seed_976304_C0_NATIVE_task_023,976304,C0_NATIVE,23,dialog_trajectories/seed_976304/C0_NATIVE/task_023.json,mechanism_traces/seed_976304/C0_NATIVE/task_023.json,0,0,0.01249411,0.013529999999999999,70.72892124997452,f120849f847ce28ddc5e30d59adf3a3d334042bd815c3df73624148eb062c4cf,5550da88ca30be0552f17c33859319fc4367f9c09b2a4184303c2fec6988b557
seed_976304_C0_NATIVE_task_024,976304,C0_NATIVE,24,dialog_trajectories/seed_976304/C0_NATIVE/task_024.json,mechanism_traces/seed_976304/C0_NATIVE/task_024.json,1,1,0.00319509,0.008133999999999999,30.875760082970373,070db600c9baab7a0a83d50a25bc3ac4610c67af3a18af84c097b86ff4f78e71,4de3e090383b4b48e011761ad4fa1d5a19c6820fffa6b547922d0a2f6c3bc032
seed_976304_C0_NATIVE_task_025,976304,C0_NATIVE,25,dialog_trajectories/seed_976304/C0_NATIVE/task_025.json,mechanism_traces/seed_976304/C0_NATIVE/task_025.json,0,0,0.00560971,0.012153999999999998,36.567857625021134,b701ce31e3268ce75edf72091902351a7871d900c8adcfcc58577cad474caeb8,446f70a731747a5f5e66769f3013968fd54eb53d4f3b708eb8dbb4d6360ebc33
seed_976304_C0_NATIVE_task_026,976304,C0_NATIVE,26,dialog_trajectories/seed_976304/C0_NATIVE/task_026.json,mechanism_traces/seed_976304/C0_NATIVE/task_026.json,1,1,0.004169839999999999,0.006646,27.507646374986507,7b7de4efc0972eaff051b448b02d540199da601d7239e6b812c7abd6830f0037,90fca2f46860ef8383374c97304b9e9a7d7eed22b8b815f2f4bfd936a16c8ed0
seed_976304_C0_NATIVE_task_027,976304,C0_NATIVE,27,dialog_trajectories/seed_976304/C0_NATIVE/task_027.json,mechanism_traces/seed_976304/C0_NATIVE/task_027.json,0,0,0.00868214,0.016836,52.215638458001195,8641c4ddf806281273ae78a9b6c88378401cba8306c18c9b194706c4a1948535,94a4ca5fb455f6721081fab4dae5c324e1982bd69944cad547d2279dd2233214
seed_976304_C0_NATIVE_task_028,976304,C0_NATIVE,28,dialog_trajectories/seed_976304/C0_NATIVE/task_028.json,mechanism_traces/seed_976304/C0_NATIVE/task_028.json,1,1,0.00917422,0.022285999999999997,76.33626920901588,f4a724d5bd53e75b8b241db1d6339ea6a9d2886357bb5083d0c27ce37859ad36,59a995f9258101b96070186c891423ea49fe2c3e30eba5c03e65fca61a0922b5
seed_976304_C0_NATIVE_task_029,976304,C0_NATIVE,29,dialog_trajectories/seed_976304/C0_NATIVE/task_029.json,mechanism_traces/seed_976304/C0_NATIVE/task_029.json,0,0,0.00945798,0.01411,53.89556262502447,864c58c3e446d29c7d9a041fb954324b8f9ea55f0f158fda7c92491bbe8f6e46,ab49bbc4acf6ba7baeb49ab055717a6e3ab636edbd9a0ba1b33dc4faf0f4342f
seed_976304_C0_NATIVE_task_030,976304,C0_NATIVE,30,dialog_trajectories/seed_976304/C0_NATIVE/task_030.json,mechanism_traces/seed_976304/C0_NATIVE/task_030.json,0,0,0.011371890000000003,0.025457999999999998,89.98131945898058,b23fff4e4a5deb0f804809bd79b6c990c8d1613bb03174e3c303d8598db3e578,b60a3e9cc42e5aa06c8bb334b3d6a9c09ab1f57dc2c264013ae11cfb4aedc934
seed_976304_C0_NATIVE_task_031,976304,C0_NATIVE,31,dialog_trajectories/seed_976304/C0_NATIVE/task_031.json,mechanism_traces/seed_976304/C0_NATIVE/task_031.json,0,0,0.00419923,0.010652,36.48026724997908,e044a0de791a80ca7fa5cc4cb3b23f99accf4c7c36ba153afc581a910edcd730,f5948c8ad289b8a30db48270a9bdb670a9b0df5f9e560243d18319cfe5f5fee1
seed_976304_C0_NATIVE_task_032,976304,C0_NATIVE,32,dialog_trajectories/seed_976304/C0_NATIVE/task_032.json,mechanism_traces/seed_976304/C0_NATIVE/task_032.json,0,0,0.009180530000000001,0.020278,85.0259872910101,2ff62f0606d6d7b68144c6f03160ddd1f08c715c2998844f157b38e0b3e1fe1e,404f9a7873ee5be12d90a6bf4e696917babc74ced74f72c67c636b87e2933043
seed_976304_C0_NATIVE_task_033,976304,C0_NATIVE,33,dialog_trajectories/seed_976304/C0_NATIVE/task_033.json,mechanism_traces/seed_976304/C0_NATIVE/task_033.json,1,1,0.00580469,0.013976,60.03568412500317,27c52d68d64bd50c4d906501fbcaa74e0c2439d9e547a17e1e3fc00d9a3b4d81,0b628bce02836d4bbf83362cffc4aafacfc0865060048bd43d135e65d824d0db
seed_976304_C0_NATIVE_task_034,976304,C0_NATIVE,34,dialog_trajectories/seed_976304/C0_NATIVE/task_034.json,mechanism_traces/seed_976304/C0_NATIVE/task_034.json,1,1,0.004106510000000001,0.01346,34.318403084005695,7b51a470087d475a71f871f250af821feeda6f53348a01f0f76273e3ead0f142,f7fdc663c515d8034985988bf5ba32219d7b47d03292deb6fea43f02d7dd1997
seed_976304_C0_NATIVE_task_035,976304,C0_NATIVE,35,dialog_trajectories/seed_976304/C0_NATIVE/task_035.json,mechanism_traces/seed_976304/C0_NATIVE/task_035.json,0,0,0.013300359999999999,0.02676,154.52868091699202,61f4c0889c6a857746e7c34bb1153d416a4c61bde2087813a45d23a102bb9a89,9b62b0657bb47bb8356b792e41a4a7f681030bde23e109104246272bf1705bd0
seed_976304_C0_NATIVE_task_036,976304,C0_NATIVE,36,dialog_trajectories/seed_976304/C0_NATIVE/task_036.json,mechanism_traces/seed_976304/C0_NATIVE/task_036.json,1,1,0.00710302,0.016472,48.50222808399121,92a605e186d5ac52b443c29747b31a91dc5e950b306767378bc11b9fd7328142,d4f1288e77a29fd778f87e002e068777f36565a2d4401fb83d87186537a5fa8f
seed_976304_C0_NATIVE_task_038,976304,C0_NATIVE,38,dialog_trajectories/seed_976304/C0_NATIVE/task_038.json,mechanism_traces/seed_976304/C0_NATIVE/task_038.json,0,0,0.008627010000000003,0.01734,53.141224207996856,b136e15e704900052a729648023ce0e315807564f6fd1a976a4b430255a87a16,625f0067f978d5f5043e74e43f604ff3559e58927f08cb707a92a0525013e4d7
seed_976304_C0_NATIVE_task_039,976304,C0_NATIVE,39,dialog_trajectories/seed_976304/C0_NATIVE/task_039.json,mechanism_traces/seed_976304/C0_NATIVE/task_039.json,0,0,0.008039810000000001,0.021536000000000003,65.29754300002242,a6b4bfaddd239b9a2ef91491c9dad1ad4e4440c7812857da2e61ee8d961aa90d,6a265db4f723b9c05f9ad70caf8a302effe17c5a63004fedd6633bf6d83fb9ed
seed_976304_C0_NATIVE_task_040,976304,C0_NATIVE,40,dialog_trajectories/seed_976304/C0_NATIVE/task_040.json,mechanism_traces/seed_976304/C0_NATIVE/task_040.json,1,1,0.00311176,0.008692,23.897513209027238,66b3bfd97abd97742be43419383600a7664d3dfdf2210b870a0ece811a911558,881190e5159e8170bf21841db012d74314ff0a224cd1110e2ed730ae1f8f7dba
seed_976304_C0_NATIVE_task_042,976304,C0_NATIVE,42,dialog_trajectories/seed_976304/C0_NATIVE/task_042.json,mechanism_traces/seed_976304/C0_NATIVE/task_042.json,1,1,0.007892510000000002,0.016696,49.152825416007545,abe8a07e1cf6a323cdcabe2485c8141d68b2cd1b468a76c6b47d4a6fb719e6eb,f2fa62c14f62a2678a9d408df38b879f0750f037801dd5c2737f40abbb3a615c
seed_976304_C0_NATIVE_task_043,976304,C0_NATIVE,43,dialog_trajectories/seed_976304/C0_NATIVE/task_043.json,mechanism_traces/seed_976304/C0_NATIVE/task_043.json,1,1,0.004535010000000001,0.013934,48.47762983402936,cc28cf285a87a6d958b022b79703381faa9b4f2784cc10ab6dd094f6c4d8eee8,7a94d98ad57b923bb2a257cdcc3adea89c0737e92b216557c50df24adbaf0e56
seed_976304_C0_NATIVE_task_045,976304,C0_NATIVE,45,dialog_trajectories/seed_976304/C0_NATIVE/task_045.json,mechanism_traces/seed_976304/C0_NATIVE/task_045.json,1,1,0.0071738700000000015,0.011677999999999997,53.483091124973726,744df86f3498557d823b83ca4cefba7d5d4eb86c1f4289acb021183ba0b91edb,76862064b1d966d39fe3034606c5943fba74bed8e656a1cc9d691a042a627a0a
seed_976304_C0_NATIVE_task_049,976304,C0_NATIVE,49,dialog_trajectories/seed_976304/C0_NATIVE/task_049.json,mechanism_traces/seed_976304/C0_NATIVE/task_049.json,1,1,0.0071208800000000004,0.009441999999999999,42.76272270901245,5b7c12824d3e2fb32f69a8a77c6510234d51bad21913575a8feae250b43fa047,670ba1f15c58e251a12f453bda56c00563959b279a7fa130932755f0e32dfb68
seed_976304_C0_NATIVE_task_050,976304,C0_NATIVE,50,dialog_trajectories/seed_976304/C0_NATIVE/task_050.json,mechanism_traces/seed_976304/C0_NATIVE/task_050.json,1,1,0.00223862,0.003938,14.230227584019303,4a5cf9c5838b6f38471c5d76863dc4a074fdcb1f6bb59190a01c3bffb8af935f,e2a320812b1a0dcff9574274119518386d06fadadf742cb27d2c48428c80c2fc
seed_976304_C0_NATIVE_task_051,976304,C0_NATIVE,51,dialog_trajectories/seed_976304/C0_NATIVE/task_051.json,mechanism_traces/seed_976304/C0_NATIVE/task_051.json,1,1,0.0042074600000000005,0.008936,23.846116041997448,e632da30eb94b25007dcaff0ea24d50299d7dfc1d5475fe4a7cd83f9e8fe221c,71600a58464329936903d35e80588a5d24cb965870a908c6d0d76dddc9d01801
seed_976304_C0_NATIVE_task_053,976304,C0_NATIVE,53,dialog_trajectories/seed_976304/C0_NATIVE/task_053.json,mechanism_traces/seed_976304/C0_NATIVE/task_053.json,1,1,0.00599902,0.014693999999999999,47.587218792003114,9c1a5766a3105a78e8293840f3d05618cb3acd35c9e44b55733a22f29145bac1,c0ddc6f0c6f41bb227e4d3f71f6619eb7504cce8e2442322c685af0a0b6f9f74
seed_976304_C0_NATIVE_task_054,976304,C0_NATIVE,54,dialog_trajectories/seed_976304/C0_NATIVE/task_054.json,mechanism_traces/seed_976304/C0_NATIVE/task_054.json,1,1,0.00962457,0.010480000000000001,60.20902320800815,c7138acc64d2c4e2295914c01a3b15e67938cff9aa900c17032fe9cb00af4d7e,bfd65fadc8d783b3fd55fa3f082205245138f1f1f3634d324d2585f1c248f939
seed_976304_C0_NATIVE_task_055,976304,C0_NATIVE,55,dialog_trajectories/seed_976304/C0_NATIVE/task_055.json,mechanism_traces/seed_976304/C0_NATIVE/task_055.json,1,1,0.006790329999999999,0.014434,55.6110372080002,05515e34b3fed9b19a4f57bf8bfde262f04b7bc2e06958467dc23273522e8780,de73848a1e2eb87d5c86b5267ab411e85c5b0d1ad50bc3537999f3d7758eaad5
seed_976304_C0_NATIVE_task_056,976304,C0_NATIVE,56,dialog_trajectories/seed_976304/C0_NATIVE/task_056.json,mechanism_traces/seed_976304/C0_NATIVE/task_056.json,1,1,0.006224660000000001,0.012116,37.532100832992,7e729f425a95cc90cd42e68d59f00f228cb5258b01b2fd8e60212cf2b6f5f765,de9d9bc4c723d078aee330122c4dfae3fc931c613e39631763eea2959fa956f4
seed_976304_C0_NATIVE_task_059,976304,C0_NATIVE,59,dialog_trajectories/seed_976304/C0_NATIVE/task_059.json,mechanism_traces/seed_976304/C0_NATIVE/task_059.json,0,0,0.00575359,0.011908,38.49583712499589,4d1aaa0d3296bf8bab0c7ef6c98dbb8682baf084abd16039817dcd62e260fe44,cb34f2fd19bf31e4999e3bc6d623ecf8d15cf2cc5734f7a08dbcd74dc8b9947a
seed_976304_C0_NATIVE_task_060,976304,C0_NATIVE,60,dialog_trajectories/seed_976304/C0_NATIVE/task_060.json,mechanism_traces/seed_976304/C0_NATIVE/task_060.json,1,1,0.0037715500000000002,0.007339999999999999,66.45479400001932,61c94d96fa080ac5de246e1a7bdaa6605e5c28a93d6a09b132c478633c404f09,89996face17abfcf34fec6161bb61060d786c962f71ce7bfb89ceb90c8e61d90
seed_976304_C0_NATIVE_task_061,976304,C0_NATIVE,61,dialog_trajectories/seed_976304/C0_NATIVE/task_061.json,mechanism_traces/seed_976304/C0_NATIVE/task_061.json,1,1,0.00387214,0.008462,27.07828429201618,ddfa2b576c98da9ec1710219d42d098043a2c928bed6fcd77308ecdf5f928737,f172dc0fa997040a92f1e8f13bb0f08448163978fe23649eaf7e876f2dd410c0
seed_976304_C0_NATIVE_task_062,976304,C0_NATIVE,62,dialog_trajectories/seed_976304/C0_NATIVE/task_062.json,mechanism_traces/seed_976304/C0_NATIVE/task_062.json,1,1,0.00518823,0.016104,33.05211037499248,4faeb17f55b7f1a40c036e65294541a183fecaab414a5ba56608bc5f6271fcf2,f190494bd26d3d12740dafcb2726a5a92ad58483c118189d57b76ffb491a0750
seed_976304_C0_NATIVE_task_064,976304,C0_NATIVE,64,dialog_trajectories/seed_976304/C0_NATIVE/task_064.json,mechanism_traces/seed_976304/C0_NATIVE/task_064.json,1,0,0.00703743,0.018302,49.461862041964196,bd8aed0dfe7d2b31ab9e796a07423ae4dd5108adf806df700bb6516f41e9af35,85a42338384b021daa35ce3004de66925032491354daa70afd8f86f18f86d7c6
seed_976304_C0_NATIVE_task_065,976304,C0_NATIVE,65,dialog_trajectories/seed_976304/C0_NATIVE/task_065.json,mechanism_traces/seed_976304/C0_NATIVE/task_065.json,1,1,0.0031429099999999996,0.009059999999999999,32.73350933403708,e7e4492a3cb13c928907117bc92dff7e9518dc16d2ba9681379666bfb911f7cd,f738766ae9e92938076cdd75ff42a51da4cac1e3584a8bc8b1f4fe7053464b11
seed_976304_C0_NATIVE_task_068,976304,C0_NATIVE,68,dialog_trajectories/seed_976304/C0_NATIVE/task_068.json,mechanism_traces/seed_976304/C0_NATIVE/task_068.json,1,1,0.0035288700000000004,0.010029999999999999,27.672402708005393,3ec28ef63ec2fbba2ccfc6d1d3176e4343af8a780a4e5bc1d664ffcc2819a38c,6633275a68e8cd55654b8f1d03f4bc91eb892fcf46419ea59cd115f699f8672f
seed_976304_C0_NATIVE_task_070,976304,C0_NATIVE,70,dialog_trajectories/seed_976304/C0_NATIVE/task_070.json,mechanism_traces/seed_976304/C0_NATIVE/task_070.json,1,1,0.005825450000000001,0.011074,41.116353707999224,2b5512236758f2e8dd5cdf2c69722e02749a3bb2c0235021e1e548984294787a,359a79fc5586be826bafc5f068ce4fb9a4d189b1c59092f0d7e753e20cd8dc02
seed_976304_C0_NATIVE_task_071,976304,C0_NATIVE,71,dialog_trajectories/seed_976304/C0_NATIVE/task_071.json,mechanism_traces/seed_976304/C0_NATIVE/task_071.json,0,0,0.00752798,0.014266,45.83360545799951,d5c94919facdbb9c8a495f03786e7e18175e90fc68508d495fb6ddcfc12020dc,8fc28c3049c316b8c1ea5e880b2cdd0536831abf16829d775cf8a1c0c64401ab
seed_976304_C0_NATIVE_task_073,976304,C0_NATIVE,73,dialog_trajectories/seed_976304/C0_NATIVE/task_073.json,mechanism_traces/seed_976304/C0_NATIVE/task_073.json,1,1,0.00323192,0.009621999999999999,30.731957000039984,e5cf1afa04a333e576ffba34de6da3fe291bcd7a40eb543ec78afb3da327dab4,96224b6c279619768790c6119ae3c24d9ea0303581ad7e93ad8a5a15d085829f
seed_976304_C0_NATIVE_task_074,976304,C0_NATIVE,74,dialog_trajectories/seed_976304/C0_NATIVE/task_074.json,mechanism_traces/seed_976304/C0_NATIVE/task_074.json,0,0,0.01070056,0.013208000000000001,71.57371966697974,abc9cbc94dea6623f42224a71ac9f5246ea98bfb0455202a876d65394803d194,b6fe32016d58132097f65ed259a4e6282d9ad47954df499dc6738207346ea24f
seed_976304_C0_NATIVE_task_075,976304,C0_NATIVE,75,dialog_trajectories/seed_976304/C0_NATIVE/task_075.json,mechanism_traces/seed_976304/C0_NATIVE/task_075.json,1,1,0.00389253,0.008344,48.560580332996324,dbb6781403cb178d5528e44c645a969b055b83e42f6c3ef29a08b2edfca3d79d,948ea6461905ba6bf15b58d7e437c8993693a00e7fd7bf8d947a3698f0a3280e
seed_976304_C0_NATIVE_task_077,976304,C0_NATIVE,77,dialog_trajectories/seed_976304/C0_NATIVE/task_077.json,mechanism_traces/seed_976304/C0_NATIVE/task_077.json,1,1,0.00427102,0.009467999999999999,40.443889749993104,dd27469a46a27baf13259ab15584907dad913f84e9ac87a456f8aa12c52908a2,42494c31df28ca7b348b6ce11b9114a1f3424c3fb26906906cc1412455d99f9e
seed_976304_C0_NATIVE_task_079,976304,C0_NATIVE,79,dialog_trajectories/seed_976304/C0_NATIVE/task_079.json,mechanism_traces/seed_976304/C0_NATIVE/task_079.json,0,0,0.00870793,0.011242,48.86386379200849,c92cca799d88ee4e04872a7f860ebeae94980ca6a3cd254d2efb5e53c028ce2d,9a461e19dd75ae1ff78ac5b3dfc19d4b0f1f11a3e39c86fbf806578cfd57b3f3
seed_976304_C0_NATIVE_task_080,976304,C0_NATIVE,80,dialog_trajectories/seed_976304/C0_NATIVE/task_080.json,mechanism_traces/seed_976304/C0_NATIVE/task_080.json,1,1,0.0061341,0.015199999999999998,45.188495874986984,516c1b4a9fc3a833e518f134face76b83ee4c869059cedf6b241b014ad61353a,6abe86a485900ef2bda69333664b14b01eaa35b9e54ad1500f871d7853418674
seed_976304_C0_NATIVE_task_086,976304,C0_NATIVE,86,dialog_trajectories/seed_976304/C0_NATIVE/task_086.json,mechanism_traces/seed_976304/C0_NATIVE/task_086.json,1,1,0.008660699999999999,0.011554,59.17114395904355,72e737cc78f2f8180ae19234d3d15595ebbf67fcae3cbb01519ea04f34828454,fc487f398ec13dea471fb873fdb51b56444b0332ff0a13e541e70a540443960e
seed_976304_C0_NATIVE_task_087,976304,C0_NATIVE,87,dialog_trajectories/seed_976304/C0_NATIVE/task_087.json,mechanism_traces/seed_976304/C0_NATIVE/task_087.json,0,0,0.005455209999999999,0.010169999999999998,37.70282633299939,a3dc32984fff087fb46d2a136eacad228dec4133d078994474617da6bf0f89fd,6ab32a4b58fd1bad173275be4da5ccc02d0d85516aecb44897443003bbc9491c
seed_976304_C0_NATIVE_task_090,976304,C0_NATIVE,90,dialog_trajectories/seed_976304/C0_NATIVE/task_090.json,mechanism_traces/seed_976304/C0_NATIVE/task_090.json,1,1,0.0050230200000000004,0.012530000000000001,44.40348037498188,fcf3623f13cd4c36fdd12aa3a8588e6bfaaaaf9fd87d68ab8a8cdc8e9df18ccd,549a2c412d23ee683ffe9eeb396d60c4ee8e81dcdc2d37cef707e5ea2738c15a
seed_976304_C0_NATIVE_task_091,976304,C0_NATIVE,91,dialog_trajectories/seed_976304/C0_NATIVE/task_091.json,mechanism_traces/seed_976304/C0_NATIVE/task_091.json,1,1,0.00748682,0.016753999999999998,78.01547075001872,ac90a8815100e36ab4c976571f8f971025dacc2e3253e76236c24e04bb272101,a3bf2a23d0bc6253e6ec12799fb633c920bef650f93e8a9158e10a4b5d33c956
seed_976304_C0_NATIVE_task_094,976304,C0_NATIVE,94,dialog_trajectories/seed_976304/C0_NATIVE/task_094.json,mechanism_traces/seed_976304/C0_NATIVE/task_094.json,0,0,0.005049940000000001,0.009788,38.6290472499677,add3d7e0291adcd53366f3d8026cb448a819a87584da716baafd1bdc35b00c93,907e0700da8f57ced675bafaeb52e360c0f736db0492f23ee44c0217c6e310b1
seed_976304_C0_NATIVE_task_095,976304,C0_NATIVE,95,dialog_trajectories/seed_976304/C0_NATIVE/task_095.json,mechanism_traces/seed_976304/C0_NATIVE/task_095.json,0,0,0.0083299,0.019694,53.37972249998711,d6f235a215c2a433fd44d4bd082d59abc131e2ae2926c124a4233d130ab07eed,93ad5dc860991cda15379b09e14ef77aef7f708b505a5c56f9e754d02183bbc0
seed_976304_C0_NATIVE_task_097,976304,C0_NATIVE,97,dialog_trajectories/seed_976304/C0_NATIVE/task_097.json,mechanism_traces/seed_976304/C0_NATIVE/task_097.json,1,1,0.00680543,0.013132000000000001,47.29978429200128,ab0515bb0ffa983a477859b9624965a767c89b8233d91f8d3d4e884a877ded36,bc026036a54338c0bda0cda6caafc87d24d46f4ec6ab0e121a65e0c23a1b5b12
seed_976304_C0_NATIVE_task_099,976304,C0_NATIVE,99,dialog_trajectories/seed_976304/C0_NATIVE/task_099.json,mechanism_traces/seed_976304/C0_NATIVE/task_099.json,0,0,0.024394930000000006,0.17517799999999997,216.40050049999263,8e168a4156f905f2a6a1703b78abf16bcd8ce363c35d8aee1e709673ff02808a,0b72d223d78d555327f56be15a80012b20ae6ca5a8cd2ceb6543bcbbacf9445e
seed_976304_C0_NATIVE_task_100,976304,C0_NATIVE,100,dialog_trajectories/seed_976304/C0_NATIVE/task_100.json,mechanism_traces/seed_976304/C0_NATIVE/task_100.json,1,1,0.01264475,0.020332,74.60279816703405,a4d171debaea28fb3f93401a8c1eb505c94bfbc174f0ff0ec6290955c8dd000b,d406dd1b399969dd56d7a154fe46c76bd2421638e57b47cd0bd51f04dd67e49d
seed_976304_C0_NATIVE_task_101,976304,C0_NATIVE,101,dialog_trajectories/seed_976304/C0_NATIVE/task_101.json,mechanism_traces/seed_976304/C0_NATIVE/task_101.json,0,0,0.0027958,0.006016,38.31994383299025,cd376cd388ff9d5d4539bfd3dd40ebaa0ff4b5f3239c590b18c6fbfcddae273a,7c8f03783d001c59810accdf781f1af49455f98af0d535386d6bef57512e3102
seed_976304_C0_NATIVE_task_102,976304,C0_NATIVE,102,dialog_trajectories/seed_976304/C0_NATIVE/task_102.json,mechanism_traces/seed_976304/C0_NATIVE/task_102.json,0,0,0.01304864,0.016824,143.23864766705083,e75be9a7dba9d24e688a271094cfbaa1cec0c5976696eeab0cf12f591c0efb9f,99b1caf2486d27b01b06dfdaef51f98568d9c00dce32a62f4352e251d880a0e1
seed_976304_C0_NATIVE_task_105,976304,C0_NATIVE,105,dialog_trajectories/seed_976304/C0_NATIVE/task_105.json,mechanism_traces/seed_976304/C0_NATIVE/task_105.json,0,0,0.009230480000000001,0.016707999999999997,111.57986591605004,923d75c916756e7cbe2e0108ef53fa87234d0d1a8af32a75c1bd34660651ea25,7ffd3d5661679074e531cd72026753b12ba6ebbabe0c5853e8f18c1016a38d9a
seed_976304_C0_NATIVE_task_108,976304,C0_NATIVE,108,dialog_trajectories/seed_976304/C0_NATIVE/task_108.json,mechanism_traces/seed_976304/C0_NATIVE/task_108.json,1,1,0.0057562,0.011914000000000001,48.609447708004154,41e3e8e9c6298f1192caa58d0fa10c34fd77aab8c52f70a0d78898008d2307d6,ef1d4b118147f85562f87ab803d819542090b9d97e728f9b1e02e9e7b32d82a8
seed_976304_C0_NATIVE_task_111,976304,C0_NATIVE,111,dialog_trajectories/seed_976304/C0_NATIVE/task_111.json,mechanism_traces/seed_976304/C0_NATIVE/task_111.json,0,0,0.01297153,0.013816,82.63666020799428,cf9ead82d8d7a0347de4954d16c5919fa258a3873f89c9c6712a2585ebf0e767,d8d28ce0cdd83c1cc7bd49ac71d115f1b79ce20d1e469f194f48073b6f970270
seed_976304_C0_NATIVE_task_113,976304,C0_NATIVE,113,dialog_trajectories/seed_976304/C0_NATIVE/task_113.json,mechanism_traces/seed_976304/C0_NATIVE/task_113.json,1,1,0.00491557,0.009144000000000001,33.01208516699262,bc0953028ac8cf5311bf67908a3f35a3e026128a3d2816d1b6dd7baf81dc2f33,1570b19ad4ba38654389004b851c173b6ce3e7ec83032703953feb973dc0486a
seed_976304_C1_SEMANTIC_SUPPORT_task_000,976304,C1_SEMANTIC_SUPPORT,0,dialog_trajectories/seed_976304/C1_SEMANTIC_SUPPORT/task_000.json,mechanism_traces/seed_976304/C1_SEMANTIC_SUPPORT/task_000.json,1,1,0.011536590000000001,0.012073999999999998,62.65651083298144,c592c11cf44154b360508cb55417463d5893a6b02860c3848069a8ccf044b213,95b321da39f865301e97ddca0bcfa974b23a16f99bafd386511adbdc7ef25eaa
seed_976304_C1_SEMANTIC_SUPPORT_task_001,976304,C1_SEMANTIC_SUPPORT,1,dialog_trajectories/seed_976304/C1_SEMANTIC_SUPPORT/task_001.json,mechanism_traces/seed_976304/C1_SEMANTIC_SUPPORT/task_001.json,1,1,0.00914364,0.009928000000000001,59.58357504202286,3c2302cf991ed8ad5afb78f1eabd92cb4d42e8c77fe2bdfa263004e5b4be643a,240df0e1ea5c7d4da18906f46722b8583b1106ddd441ea2f504770cdaa06bcd9
seed_976304_C1_SEMANTIC_SUPPORT_task_002,976304,C1_SEMANTIC_SUPPORT,2,dialog_trajectories/seed_976304/C1_SEMANTIC_SUPPORT/task_002.json,mechanism_traces/seed_976304/C1_SEMANTIC_SUPPORT/task_002.json,1,1,0.009375439999999999,0.01108,54.44348800001899,f3c0b4263f3e27b0488d1ec1da0bb0ffc09cede17c02bd2c1eac309052d24a87,29974cdd2fbee7ea4f4fe946da89c3bec3d0c00092815ff23a139e6321e57b9f
seed_976304_C1_SEMANTIC_SUPPORT_task_003,976304,C1_SEMANTIC_SUPPORT,3,dialog_trajectories/seed_976304/C1_SEMANTIC_SUPPORT/task_003.json,mechanism_traces/seed_976304/C1_SEMANTIC_SUPPORT/task_003.json,0,0,0.017274960000000002,0.011470000000000001,105.40492174995597,e080d80b3f4e8b3ddb567c5c945997d9f1220f763c5a30ec957a784574948982,482c3b440ab79e3b9ed46ed7917cd75d7279025bf1060f50678ce01fe4f5b22b
seed_976304_C1_SEMANTIC_SUPPORT_task_004,976304,C1_SEMANTIC_SUPPORT,4,dialog_trajectories/seed_976304/C1_SEMANTIC_SUPPORT/task_004.json,mechanism_traces/seed_976304/C1_SEMANTIC_SUPPORT/task_004.json,1,1,0.011578,0.011234,61.1103442919557,f4a12e104e562055b6a82ac061d17b4256f2fc0d34f83f3f202b165c471cd06c,681b8c2f3975260f1a4ec4e85284585aba640054db78bf0b0a0c541b6ab7bb99
seed_976304_C1_SEMANTIC_SUPPORT_task_005,976304,C1_SEMANTIC_SUPPORT,5,dialog_trajectories/seed_976304/C1_SEMANTIC_SUPPORT/task_005.json,mechanism_traces/seed_976304/C1_SEMANTIC_SUPPORT/task_005.json,1,1,0.008883740000000001,0.012059999999999998,71.16903366701445,b3d7367f25a65076c1501234857552018e1ab115f4bed62e9a894c7eb4de8640,9c088a8c51d26af96ef361a975016398f65f203b7c470cdff26cfd8fb0cf3009
seed_976304_C1_SEMANTIC_SUPPORT_task_006,976304,C1_SEMANTIC_SUPPORT,6,dialog_trajectories/seed_976304/C1_SEMANTIC_SUPPORT/task_006.json,mechanism_traces/seed_976304/C1_SEMANTIC_SUPPORT/task_006.json,1,1,0.01192737,0.012313999999999999,61.434091375005664,40077fe9b5d5f3bda789f15084909a38e69e792e556fb75432ee31c82d22eac1,2580a9dc3771107945c5e4c2d7985029579fc553becce2184043d9c0c402500e
seed_976304_C1_SEMANTIC_SUPPORT_task_007,976304,C1_SEMANTIC_SUPPORT,7,dialog_trajectories/seed_976304/C1_SEMANTIC_SUPPORT/task_007.json,mechanism_traces/seed_976304/C1_SEMANTIC_SUPPORT/task_007.json,1,1,0.011575760000000001,0.017626,71.27990591598791,769624a90c9cd3ac3afde9d08621b827c3829e41922f3051060b70bd01d8f84a,47aaab1ce6c3ff084cc27b9708c62ebab44cd3395da795a0126bcdf355c7e511
seed_976304_C1_SEMANTIC_SUPPORT_task_008,976304,C1_SEMANTIC_SUPPORT,8,dialog_trajectories/seed_976304/C1_SEMANTIC_SUPPORT/task_008.json,mechanism_traces/seed_976304/C1_SEMANTIC_SUPPORT/task_008.json,0,0,0.01027647,0.011626000000000001,54.17077575001167,62760e5eb57dec921de34d86d0b3c33e10348738728ee62ea203ea95b3a2e852,5c8c1acfb624429c32add18b69012a464f138b19144b83cf7ba118e1f8196a4b
seed_976304_C1_SEMANTIC_SUPPORT_task_009,976304,C1_SEMANTIC_SUPPORT,9,dialog_trajectories/seed_976304/C1_SEMANTIC_SUPPORT/task_009.json,mechanism_traces/seed_976304/C1_SEMANTIC_SUPPORT/task_009.json,1,1,0.00893613,0.010318,64.48308983305469,197a6449af7223567e2b5c864c60310b2dd990e4462c644a09c1db8a15bed63f,5f7e876d1be2661ba70cc2c9f9683c1feceb4b5a7d758e8849d2ecc77bc45fa5
seed_976304_C1_SEMANTIC_SUPPORT_task_010,976304,C1_SEMANTIC_SUPPORT,10,dialog_trajectories/seed_976304/C1_SEMANTIC_SUPPORT/task_010.json,mechanism_traces/seed_976304/C1_SEMANTIC_SUPPORT/task_010.json,1,1,0.00470335,0.007422,44.00571879200288,39e167119cc012c11ca2c30fad1638dbd0f7e662a073267379edabe3d3a8a9a1,93b30a3cc4bba61ed2349c2a7e07bfacb9476a114e9d084f4b7a0bf99ee21af9
seed_976304_C1_SEMANTIC_SUPPORT_task_011,976304,C1_SEMANTIC_SUPPORT,11,dialog_trajectories/seed_976304/C1_SEMANTIC_SUPPORT/task_011.json,mechanism_traces/seed_976304/C1_SEMANTIC_SUPPORT/task_011.json,1,1,0.007012299999999998,0.010102,42.65487004100578,c8118096ad3046283fefa83b30480027af0a7ebd39aca02e052f510937b62e7e,d4277c56725fa4307af36a87ac91deb4cfdb48030d62b23000c3a433ff529139
seed_976304_C1_SEMANTIC_SUPPORT_task_012,976304,C1_SEMANTIC_SUPPORT,12,dialog_trajectories/seed_976304/C1_SEMANTIC_SUPPORT/task_012.json,mechanism_traces/seed_976304/C1_SEMANTIC_SUPPORT/task_012.json,1,1,0.00692951,0.010941999999999999,54.690529334009625,80597420ecbb3e484c10df555bb3c4597a2249679ff14272e311be99b8b25230,b072362a9be509e51fa0f29a61237c8af182058b5ae3cc20ab05d90b1894b3ab
seed_976304_C1_SEMANTIC_SUPPORT_task_013,976304,C1_SEMANTIC_SUPPORT,13,dialog_trajectories/seed_976304/C1_SEMANTIC_SUPPORT/task_013.json,mechanism_traces/seed_976304/C1_SEMANTIC_SUPPORT/task_013.json,1,1,0.00903124,0.015998000000000002,69.42162124998868,c7c0a30eb47d3af73ddce93ffb3f016bd657f811cdb1825b67e7fd40ab8c0770,d469e9fbd7efaa4d431602d8592b53e2d0ffa55fb71d8445a4ed2c142b3d5b55
seed_976304_C1_SEMANTIC_SUPPORT_task_014,976304,C1_SEMANTIC_SUPPORT,14,dialog_trajectories/seed_976304/C1_SEMANTIC_SUPPORT/task_014.json,mechanism_traces/seed_976304/C1_SEMANTIC_SUPPORT/task_014.json,1,1,0.007487610000000001,0.008879999999999999,54.45041058398783,615d6a12190ea4792dd422151fd9010602516a56d2c055ae9358c362a7281a40,358d16082c46491adc1be465cafc1d12aa7cd6be2ff35366ec22d60ce38dc915
seed_976304_C1_SEMANTIC_SUPPORT_task_015,976304,C1_SEMANTIC_SUPPORT,15,dialog_trajectories/seed_976304/C1_SEMANTIC_SUPPORT/task_015.json,mechanism_traces/seed_976304/C1_SEMANTIC_SUPPORT/task_015.json,1,1,0.01071807,0.015556,112.96703383297427,a7a5e38d1a733584bf3992abbada86184f8490d202c5e479963a8f106e862d0f,6a79321ee6efbade1c3e061c770f315fcb5632dad88ccf02d9fe5edc6713b31c
seed_976304_C1_SEMANTIC_SUPPORT_task_016,976304,C1_SEMANTIC_SUPPORT,16,dialog_trajectories/seed_976304/C1_SEMANTIC_SUPPORT/task_016.json,mechanism_traces/seed_976304/C1_SEMANTIC_SUPPORT/task_016.json,1,1,0.00937258,0.0068779999999999996,53.9319537919946,db8808b00064d50cfebb0065b4d8fa3ff64cb24aa7563520d5603df3ff0ac31d,82af77400c8b6407170fe9312c1e3d1f38b44c3a1ba52e708a059f5d396974df
seed_976304_C1_SEMANTIC_SUPPORT_task_017,976304,C1_SEMANTIC_SUPPORT,17,dialog_trajectories/seed_976304/C1_SEMANTIC_SUPPORT/task_017.json,mechanism_traces/seed_976304/C1_SEMANTIC_SUPPORT/task_017.json,1,1,0.006627030000000001,0.010956,80.93998820800334,644aa8c4195899003564f4c60526e6282621c00110338fbc01cfb63a408299e7,51881dfb88d8bf95001bb8a79445bc0412836e61062ec4917fb2aba8a16dde94
seed_976304_C1_SEMANTIC_SUPPORT_task_018,976304,C1_SEMANTIC_SUPPORT,18,dialog_trajectories/seed_976304/C1_SEMANTIC_SUPPORT/task_018.json,mechanism_traces/seed_976304/C1_SEMANTIC_SUPPORT/task_018.json,1,1,0.00925618,0.013828,102.29594829201233,7b895e61a7b697b620ad92c374160904c53c2f82760678547f653e766a1995aa,2ba3038b3be2076723425869b2376830019085b4efdf90ea947fc2a36894ce39
seed_976304_C1_SEMANTIC_SUPPORT_task_019,976304,C1_SEMANTIC_SUPPORT,19,dialog_trajectories/seed_976304/C1_SEMANTIC_SUPPORT/task_019.json,mechanism_traces/seed_976304/C1_SEMANTIC_SUPPORT/task_019.json,1,1,0.01048059,0.014696,82.12236441700952,030ffadc6a00005a8cd1ce0f9be518245cb1395bd08698901f69b1a79d9cf8e5,06258fba4ba65961902732ebe38fab09b6e22ec90d8a0b07f827a73febf9412e
seed_976304_C1_SEMANTIC_SUPPORT_task_020,976304,C1_SEMANTIC_SUPPORT,20,dialog_trajectories/seed_976304/C1_SEMANTIC_SUPPORT/task_020.json,mechanism_traces/seed_976304/C1_SEMANTIC_SUPPORT/task_020.json,0,0,0.0105543,0.008948,72.17265566700371,9448829ecb735b19507ce6905bf5635b6aea0aa9273086a146181dc2e53cee94,59adfe13305c72b21b5c5fb662d59169d6862306b2eea7977d54e3e6e96d3447
seed_976304_C1_SEMANTIC_SUPPORT_task_021,976304,C1_SEMANTIC_SUPPORT,21,dialog_trajectories/seed_976304/C1_SEMANTIC_SUPPORT/task_021.json,mechanism_traces/seed_976304/C1_SEMANTIC_SUPPORT/task_021.json,1,1,0.012850900000000002,0.012362,111.0875735419977,a203e280ef5c58a202e874be30e710f3dcaee6a324f212939c388ce4e82cd182,2fb7ea12353583bd1622413e63f9c0430123ec35d7521e0310ead2cda391b9eb
seed_976304_C1_SEMANTIC_SUPPORT_task_022,976304,C1_SEMANTIC_SUPPORT,22,dialog_trajectories/seed_976304/C1_SEMANTIC_SUPPORT/task_022.json,mechanism_traces/seed_976304/C1_SEMANTIC_SUPPORT/task_022.json,1,1,0.01096652,0.010782,55.63038250000682,7c50339a0fba3bd6c8e7889d0e74e1d3186b13ee6fcbcac529197f7dd71b381d,fc75a706814c042cb61434d2c7c23f7ded25d0659c0f7b0a1ead1faf46365026
seed_976304_C1_SEMANTIC_SUPPORT_task_023,976304,C1_SEMANTIC_SUPPORT,23,dialog_trajectories/seed_976304/C1_SEMANTIC_SUPPORT/task_023.json,mechanism_traces/seed_976304/C1_SEMANTIC_SUPPORT/task_023.json,1,1,0.02167219,0.023850000000000003,173.77684041598695,4a8dc12176f333bea2d17d854d10684bd8730a90c7913940b40a86266ed0d82b,55d41f20a574fa8f981cae4433e307c0c3ae0a87e26d84d314f264966daec248
seed_976304_C1_SEMANTIC_SUPPORT_task_024,976304,C1_SEMANTIC_SUPPORT,24,dialog_trajectories/seed_976304/C1_SEMANTIC_SUPPORT/task_024.json,mechanism_traces/seed_976304/C1_SEMANTIC_SUPPORT/task_024.json,1,1,0.00737674,0.015704,58.89461725001456,76c950e5e4150432334900aabce33b881da1d1d91c043b974fbda2bc0f56493b,ee8924e7b2dac2ea6dbd8fc3f3a45d144d487c98f29cbf8bfb3dbf16ae346735
seed_976304_C1_SEMANTIC_SUPPORT_task_025,976304,C1_SEMANTIC_SUPPORT,25,dialog_trajectories/seed_976304/C1_SEMANTIC_SUPPORT/task_025.json,mechanism_traces/seed_976304/C1_SEMANTIC_SUPPORT/task_025.json,1,1,0.00862045,0.009505999999999999,57.988227333989926,99029939d550cb03350a4c5230ceae7073f40f086e6489a108549e8bbcac9837,1127c1374ced6332c405f9c2b883af7c8cf66910aec16ad0e020cdfcdb3758ad
seed_976304_C1_SEMANTIC_SUPPORT_task_026,976304,C1_SEMANTIC_SUPPORT,26,dialog_trajectories/seed_976304/C1_SEMANTIC_SUPPORT/task_026.json,mechanism_traces/seed_976304/C1_SEMANTIC_SUPPORT/task_026.json,1,1,0.0054483299999999995,0.009076,27.028639791009482,1efb598baec83b8f1b8c0ba939988ba92c2d7b0020168d3c1e208760335be65a,e7a6f2c6c8704ba7f64cf46ae5d1abf8d32b4cc32f5aadb6eebfcbd4ac97361b
seed_976304_C1_SEMANTIC_SUPPORT_task_027,976304,C1_SEMANTIC_SUPPORT,27,dialog_trajectories/seed_976304/C1_SEMANTIC_SUPPORT/task_027.json,mechanism_traces/seed_976304/C1_SEMANTIC_SUPPORT/task_027.json,0,0,0.0052651600000000005,0.00473,34.72834720800165,dff045c95f06ffc76591f8bf8ef8cd9a065fb4486c9019e5a035da71d24576eb,26cb2ad3322638e574d2d2f724ec41ea73bc710bad1cd2c15dcf116d439220d3
seed_976304_C1_SEMANTIC_SUPPORT_task_028,976304,C1_SEMANTIC_SUPPORT,28,dialog_trajectories/seed_976304/C1_SEMANTIC_SUPPORT/task_028.json,mechanism_traces/seed_976304/C1_SEMANTIC_SUPPORT/task_028.json,1,1,0.015805899999999998,0.030093999999999996,97.76314650001586,94d6968d6d6e0d277ad956fe56fd11d5d98b73bdccccba71c8f3b834f7ffd4b8,da624f1e6153af34c5524aa27f5de34581f7464617408a5728e63ffe4133fda8
seed_976304_C1_SEMANTIC_SUPPORT_task_029,976304,C1_SEMANTIC_SUPPORT,29,dialog_trajectories/seed_976304/C1_SEMANTIC_SUPPORT/task_029.json,mechanism_traces/seed_976304/C1_SEMANTIC_SUPPORT/task_029.json,1,1,0.01130065,0.01082,52.20285779197002,595f1d1747b76efc66a2712ce0c996a37f44f085639eae8ffa07008796316b66,da8ed8874da9d6e309764024376aa9e528517e2c6a9c486f05f46d5b2c374c1c
seed_976304_C1_SEMANTIC_SUPPORT_task_030,976304,C1_SEMANTIC_SUPPORT,30,dialog_trajectories/seed_976304/C1_SEMANTIC_SUPPORT/task_030.json,mechanism_traces/seed_976304/C1_SEMANTIC_SUPPORT/task_030.json,0,0,0.0035783200000000003,0.007888,31.945095125003718,e8307d52c0b9dc7145c48040fdadebf55b7226520066155b4ad6faa74e2ad6e6,b2a7089fb98e5e967af5be3e97d386be077899ebccffafce8f9f158f9560b15b
seed_976304_C1_SEMANTIC_SUPPORT_task_031,976304,C1_SEMANTIC_SUPPORT,31,dialog_trajectories/seed_976304/C1_SEMANTIC_SUPPORT/task_031.json,mechanism_traces/seed_976304/C1_SEMANTIC_SUPPORT/task_031.json,0,0,0.004272540000000001,0.009763999999999998,38.57142966700485,8e0e2d477a56fb05b193434335eb04e5924458b3de3bf09e077886d0387c49d2,29e010c5fe0f682c548c693af58945957be2361fdf350178c04c07966d90d7eb
seed_976304_C1_SEMANTIC_SUPPORT_task_032,976304,C1_SEMANTIC_SUPPORT,32,dialog_trajectories/seed_976304/C1_SEMANTIC_SUPPORT/task_032.json,mechanism_traces/seed_976304/C1_SEMANTIC_SUPPORT/task_032.json,0,0,0.00564021,0.009502,58.83692262502154,edebadc393e3fd979943960969cbcc80d80a14afec474b933e8c1ad241220b3b,f522d8f07e4f445296bd013f8a4399efbe70818812365b4cb54c22772bc86a50
seed_976304_C1_SEMANTIC_SUPPORT_task_033,976304,C1_SEMANTIC_SUPPORT,33,dialog_trajectories/seed_976304/C1_SEMANTIC_SUPPORT/task_033.json,mechanism_traces/seed_976304/C1_SEMANTIC_SUPPORT/task_033.json,1,1,0.008505400000000002,0.018741999999999998,66.23706799998763,2fb0f833c5e6a0a91066be107b4bbb441516fe7745db299a210a05f4a4e1bfee,ca6dc592f6ce2e5d3f4460b4b76a91fa5b7aee9c0e837df39895f74b51f194cb
seed_976304_C1_SEMANTIC_SUPPORT_task_034,976304,C1_SEMANTIC_SUPPORT,34,dialog_trajectories/seed_976304/C1_SEMANTIC_SUPPORT/task_034.json,mechanism_traces/seed_976304/C1_SEMANTIC_SUPPORT/task_034.json,1,1,0.01310142,0.01693,176.15219116699882,82a652bb8d3caa8dde3c3817bb63c187665d2d3f437ebd545530f2be8beacbed,1e1e740b92cbba8dd16ed5d6f33b211a688d4d93b169b307383c9069726551af
seed_976304_C1_SEMANTIC_SUPPORT_task_035,976304,C1_SEMANTIC_SUPPORT,35,dialog_trajectories/seed_976304/C1_SEMANTIC_SUPPORT/task_035.json,mechanism_traces/seed_976304/C1_SEMANTIC_SUPPORT/task_035.json,1,1,0.01797872,0.015131999999999998,122.28835758299101,f1d1986bbdcb03f1abbfe84c572a338961bde3ba5a8a632553454efa4a17c6a4,6fa0461ca812f27e7929a22772b382c7b5f2ab4b992bdbd0dcadc98729510655
seed_976304_C1_SEMANTIC_SUPPORT_task_036,976304,C1_SEMANTIC_SUPPORT,36,dialog_trajectories/seed_976304/C1_SEMANTIC_SUPPORT/task_036.json,mechanism_traces/seed_976304/C1_SEMANTIC_SUPPORT/task_036.json,1,1,0.01438257,0.014988,70.23126699999557,acfdf3a01f6c7c0cb2a4a49a9430749cbfd84901127b34d08af9a90b5ae4b045,4faabe7677c85c6570067adb5c5599f8d2b8df5378854a9f841b1621af9d8678
seed_976304_C1_SEMANTIC_SUPPORT_task_038,976304,C1_SEMANTIC_SUPPORT,38,dialog_trajectories/seed_976304/C1_SEMANTIC_SUPPORT/task_038.json,mechanism_traces/seed_976304/C1_SEMANTIC_SUPPORT/task_038.json,0,0,0.01296276,0.012966,103.78420133300824,64042494703cf3c234f6de111d852a90b4ee7800bb94d422df2509d99d105ad6,77e104f35e9999bb8c4136a7cb3c84279ffc4c3fba6461d1e4c5ea201760fef5
seed_976304_C1_SEMANTIC_SUPPORT_task_039,976304,C1_SEMANTIC_SUPPORT,39,dialog_trajectories/seed_976304/C1_SEMANTIC_SUPPORT/task_039.json,mechanism_traces/seed_976304/C1_SEMANTIC_SUPPORT/task_039.json,1,1,0.01091912,0.014489999999999998,106.76903737499379,b27a5ed02746309e2509abcbf7f2508cb35ba64a68476fbbaab77dbb4f6c2957,05bf5dfdec3bbb8ab1365a2a6ff2249760385c9f166096b51006e220e08799fe
seed_976304_C1_SEMANTIC_SUPPORT_task_040,976304,C1_SEMANTIC_SUPPORT,40,dialog_trajectories/seed_976304/C1_SEMANTIC_SUPPORT/task_040.json,mechanism_traces/seed_976304/C1_SEMANTIC_SUPPORT/task_040.json,1,1,0.00452885,0.008721999999999999,36.66143133305013,b049aaf7284360d840c39daa7a2d637e50c65c9b2ac43e97536c8e4dfb5992f9,82d98605fc33242afa95d90405274f7e18ec8db5a8a67af349dab6a392e29b10
seed_976304_C1_SEMANTIC_SUPPORT_task_042,976304,C1_SEMANTIC_SUPPORT,42,dialog_trajectories/seed_976304/C1_SEMANTIC_SUPPORT/task_042.json,mechanism_traces/seed_976304/C1_SEMANTIC_SUPPORT/task_042.json,1,1,0.01216771,0.020241999999999996,92.14062362498953,4aa83e7730ab58a49136428ddb43be4aa95ec823021f098f00a154037716fb8e,1fae2b0df46438ca10cc2ed722b5b124ca35820420466a732a0e9a3908ea043e
seed_976304_C1_SEMANTIC_SUPPORT_task_043,976304,C1_SEMANTIC_SUPPORT,43,dialog_trajectories/seed_976304/C1_SEMANTIC_SUPPORT/task_043.json,mechanism_traces/seed_976304/C1_SEMANTIC_SUPPORT/task_043.json,1,1,0.0072546799999999995,0.012938000000000002,62.90688670799136,10aafc634d07fbe77b7c5604bfcc13c99827df20a0bd4d2767218672b6b8dbeb,949a2e2cf1892ee46e36fc1c1ede7fa102d4e05568acbb2ded1e2271997c1088
seed_976304_C1_SEMANTIC_SUPPORT_task_045,976304,C1_SEMANTIC_SUPPORT,45,dialog_trajectories/seed_976304/C1_SEMANTIC_SUPPORT/task_045.json,mechanism_traces/seed_976304/C1_SEMANTIC_SUPPORT/task_045.json,0,0,0.00927084,0.011494,53.882556541997474,27983b7359af9649b9e4e14fdaa8dd1d0a8f26e80079e50e73bcc4751edb2fc9,c8bb25a8f537dadd6c42d2d76c0a9ef5617da4625682299233140628fd49b603
seed_976304_C1_SEMANTIC_SUPPORT_task_049,976304,C1_SEMANTIC_SUPPORT,49,dialog_trajectories/seed_976304/C1_SEMANTIC_SUPPORT/task_049.json,mechanism_traces/seed_976304/C1_SEMANTIC_SUPPORT/task_049.json,1,1,0.0064284500000000005,0.009635999999999999,42.47645412501879,3b7a6df310714a5f3a463ee310a0bb3711e9dac4953b5c283ad53a8b8647baa6,0d34e527734273c85c12ebaf24988fb98f3697544c04f053d1c6680147c0a74c
seed_976304_C1_SEMANTIC_SUPPORT_task_050,976304,C1_SEMANTIC_SUPPORT,50,dialog_trajectories/seed_976304/C1_SEMANTIC_SUPPORT/task_050.json,mechanism_traces/seed_976304/C1_SEMANTIC_SUPPORT/task_050.json,1,1,0.00214242,0.003738,19.215654916944914,b30e49fc07eb39a6ebd38558096e4b7a0bcca1132225ee73f87b876393106564,264106a0b505643ee4d1294be9f3ea1954cf76564a3efcb5051612935337f08e
seed_976304_C1_SEMANTIC_SUPPORT_task_051,976304,C1_SEMANTIC_SUPPORT,51,dialog_trajectories/seed_976304/C1_SEMANTIC_SUPPORT/task_051.json,mechanism_traces/seed_976304/C1_SEMANTIC_SUPPORT/task_051.json,1,1,0.0068479000000000005,0.011581999999999999,39.29002924999804,4435eadba46be6368c7890d0390738be50d5a6cb503882b8b2355157c91867bc,59c1e1b53b55a398d9313b0b6a2aa4a947ae06e997b27d212434b4d98be744ba
seed_976304_C1_SEMANTIC_SUPPORT_task_053,976304,C1_SEMANTIC_SUPPORT,53,dialog_trajectories/seed_976304/C1_SEMANTIC_SUPPORT/task_053.json,mechanism_traces/seed_976304/C1_SEMANTIC_SUPPORT/task_053.json,1,1,0.0098922,0.012067999999999999,52.71214204200078,f3811518cc5ec6f8747e287f792c24524bf72bd8b6b2f42bd6bb1c0394409c8e,bb026c3bfd102716ea007d334a5377cf1715a3caedb2f2b75536a3e9526f8eab
seed_976304_C1_SEMANTIC_SUPPORT_task_054,976304,C1_SEMANTIC_SUPPORT,54,dialog_trajectories/seed_976304/C1_SEMANTIC_SUPPORT/task_054.json,mechanism_traces/seed_976304/C1_SEMANTIC_SUPPORT/task_054.json,1,1,0.01952029,0.015908,94.5224520409829,a0032b127da1bf7eed071fda81c287f22ab6ae54005d76e8261df41353fe74d6,30578c9efb74cc9a56896bd1e9d424bfd748b6cf9dcbd5564553f5e74f9ee2ef
seed_976304_C1_SEMANTIC_SUPPORT_task_055,976304,C1_SEMANTIC_SUPPORT,55,dialog_trajectories/seed_976304/C1_SEMANTIC_SUPPORT/task_055.json,mechanism_traces/seed_976304/C1_SEMANTIC_SUPPORT/task_055.json,0,0,0.009051159999999999,0.017512,79.43579758302076,9d00dbf8553cdfeb581a0f56cc73c6359a8070675dedbe6387b058a87ad4a6e1,5090756638c9737d5eaa32db035b9f6802349cbe560f9bd2b9f9641aafd675aa
seed_976304_C1_SEMANTIC_SUPPORT_task_056,976304,C1_SEMANTIC_SUPPORT,56,dialog_trajectories/seed_976304/C1_SEMANTIC_SUPPORT/task_056.json,mechanism_traces/seed_976304/C1_SEMANTIC_SUPPORT/task_056.json,1,1,0.008143270000000001,0.0116,41.935039667005185,e4bccabe49ceca07f244afc96a6a49444af78e215fab5160ef3e5e696e5b727b,b2ffb99d4e22ea5da913873d9658a66fe52b4adccb8cec405b4809d786ce865b
seed_976304_C1_SEMANTIC_SUPPORT_task_059,976304,C1_SEMANTIC_SUPPORT,59,dialog_trajectories/seed_976304/C1_SEMANTIC_SUPPORT/task_059.json,mechanism_traces/seed_976304/C1_SEMANTIC_SUPPORT/task_059.json,1,1,0.008870059999999999,0.012858,48.61994150001556,909f301b7a6b0fbaa6538d032175a94ee8dfb67b45b0b81fdff23ebed0654a56,083d372fe11c5bcb4c905ad921e7e53007282f9ca7e1b6a5b9cef05cdaa27250
seed_976304_C1_SEMANTIC_SUPPORT_task_060,976304,C1_SEMANTIC_SUPPORT,60,dialog_trajectories/seed_976304/C1_SEMANTIC_SUPPORT/task_060.json,mechanism_traces/seed_976304/C1_SEMANTIC_SUPPORT/task_060.json,1,1,0.007371,0.007403999999999999,46.77955912495963,962c3abb1e739e26436c1ceab53777b168d29903faeed96c07183f933b72bd74,e2d4719cd2ef872fade97f66f66fd20b571db6deda4b96f60515b785c236d3ee
seed_976304_C1_SEMANTIC_SUPPORT_task_061,976304,C1_SEMANTIC_SUPPORT,61,dialog_trajectories/seed_976304/C1_SEMANTIC_SUPPORT/task_061.json,mechanism_traces/seed_976304/C1_SEMANTIC_SUPPORT/task_061.json,1,1,0.00661747,0.007715999999999999,63.14616574998945,03030159ca523553101d61a53acc499e4b2fa6fc81a6052390ba11c69a02cc13,62f7ad40fc062b971e3269d5d6982e12e3bd4694b06aa44c9c2a2da1429d323d
seed_976304_C1_SEMANTIC_SUPPORT_task_062,976304,C1_SEMANTIC_SUPPORT,62,dialog_trajectories/seed_976304/C1_SEMANTIC_SUPPORT/task_062.json,mechanism_traces/seed_976304/C1_SEMANTIC_SUPPORT/task_062.json,1,1,0.007446110000000001,0.015302,49.29388245899463,1faa0d80c57301af1bbb5c2caea012d83f47d9de60c105444bec70c52ceb9cbb,11075e62899182da45ca450f35edf6299b46e40f0ede03084829573ac205b4bf
seed_976304_C1_SEMANTIC_SUPPORT_task_064,976304,C1_SEMANTIC_SUPPORT,64,dialog_trajectories/seed_976304/C1_SEMANTIC_SUPPORT/task_064.json,mechanism_traces/seed_976304/C1_SEMANTIC_SUPPORT/task_064.json,1,0,0.0094612,0.017865999999999996,74.70234683301533,44562a1a85ba1aeaf399553dea6077bd2b917d9aa5ba358c51706efd7f004b61,b40904ae46c39ee8d4a8bae34fe73ce1d32c345b8b887745add32c555dc0061d
seed_976304_C1_SEMANTIC_SUPPORT_task_065,976304,C1_SEMANTIC_SUPPORT,65,dialog_trajectories/seed_976304/C1_SEMANTIC_SUPPORT/task_065.json,mechanism_traces/seed_976304/C1_SEMANTIC_SUPPORT/task_065.json,1,1,0.00685023,0.01041,60.47616087499773,62c42152d04b7a0bc2d58cf44a570300108a28a6071696e80ca1e919b629bb12,64b105b4914259254ad88756b0da87ee7f181f7523f780996578b6030daf3267
seed_976304_C1_SEMANTIC_SUPPORT_task_068,976304,C1_SEMANTIC_SUPPORT,68,dialog_trajectories/seed_976304/C1_SEMANTIC_SUPPORT/task_068.json,mechanism_traces/seed_976304/C1_SEMANTIC_SUPPORT/task_068.json,1,1,0.00234448,0.007147999999999999,23.18572262499947,d94a2075621f63e1f4d458a68514c42aefe5829ed7a9121acb25b4c6fa8f4a2f,fe9c98a4d5436e06bcffb991648ac2242ad0dd2fa5a8facbaef7080e7763a7aa
seed_976304_C1_SEMANTIC_SUPPORT_task_070,976304,C1_SEMANTIC_SUPPORT,70,dialog_trajectories/seed_976304/C1_SEMANTIC_SUPPORT/task_070.json,mechanism_traces/seed_976304/C1_SEMANTIC_SUPPORT/task_070.json,1,1,0.005609350000000001,0.010565999999999999,32.930755207984475,c3764de47c89ff2bec407edabac97fd4a31ddb32b9990a89799f03251abfc75a,d4a8664a2ab3c94e3378181b6c7e2b4de692cc2a83b291c0c3905443d163c9c3
seed_976304_C1_SEMANTIC_SUPPORT_task_071,976304,C1_SEMANTIC_SUPPORT,71,dialog_trajectories/seed_976304/C1_SEMANTIC_SUPPORT/task_071.json,mechanism_traces/seed_976304/C1_SEMANTIC_SUPPORT/task_071.json,1,1,0.015135200000000003,0.016398,82.15380416699918,9198aee79cb4c47e3b69164f7fb6e0cb8e81c497ed16d0027d6f360052e3c705,f1e56336f0a51bd2f87dff17965b5538f2d933b5fef8167ae41f5200638d35e5
seed_976304_C1_SEMANTIC_SUPPORT_task_073,976304,C1_SEMANTIC_SUPPORT,73,dialog_trajectories/seed_976304/C1_SEMANTIC_SUPPORT/task_073.json,mechanism_traces/seed_976304/C1_SEMANTIC_SUPPORT/task_073.json,1,1,0.00737091,0.012311999999999998,62.25454749999335,e3bd2a6c4ab7f16626b6d0a79c2ae990dc651b10ea74e65512b88a3ffd9ea3bd,ce199b7172cc72f0efbf79f4c0f118b954a1a32e1f389986c39b3646923623d9
seed_976304_C1_SEMANTIC_SUPPORT_task_074,976304,C1_SEMANTIC_SUPPORT,74,dialog_trajectories/seed_976304/C1_SEMANTIC_SUPPORT/task_074.json,mechanism_traces/seed_976304/C1_SEMANTIC_SUPPORT/task_074.json,1,1,0.012280830000000001,0.012378,62.820172792009544,50596679f662a30069a0da59e6012b0c1836566b6862836e71642aa043755c54,56315d15ca52d8a77abf03d7362298ee87a702b2e97a52993cd0bbe346cd73ab
seed_976304_C1_SEMANTIC_SUPPORT_task_075,976304,C1_SEMANTIC_SUPPORT,75,dialog_trajectories/seed_976304/C1_SEMANTIC_SUPPORT/task_075.json,mechanism_traces/seed_976304/C1_SEMANTIC_SUPPORT/task_075.json,1,1,0.00621354,0.010358,39.46397291595349,01bce7a2a014e3592ea9e1279cf9ee453d1eacec47ff39f46ce0398f043d96a7,bfbba92dc1127a368b2126f7f547fc7c8f31e1534ef56a14b26a58aa2ea567aa
seed_976304_C1_SEMANTIC_SUPPORT_task_077,976304,C1_SEMANTIC_SUPPORT,77,dialog_trajectories/seed_976304/C1_SEMANTIC_SUPPORT/task_077.json,mechanism_traces/seed_976304/C1_SEMANTIC_SUPPORT/task_077.json,1,1,0.005946010000000001,0.008612000000000002,33.16110770800151,63800fab6ae07ecb754464eb49f9db20b90a567e6c92e69a35b0e33f94a4297e,683fce92cee1d64a50c98ac3c47345df30b538163f9f8271059d10355d029d03
seed_976304_C1_SEMANTIC_SUPPORT_task_079,976304,C1_SEMANTIC_SUPPORT,79,dialog_trajectories/seed_976304/C1_SEMANTIC_SUPPORT/task_079.json,mechanism_traces/seed_976304/C1_SEMANTIC_SUPPORT/task_079.json,1,1,0.009476899999999998,0.011346,56.11636079099844,ec3bc91c28669c1098358abaf440a02768a324f6117c4fed4f8f77ba8e0fe401,97a3de9cd62fe1cb6b26226453fd2bdd92b893dde9e421e9c976d31b094b540a
seed_976304_C1_SEMANTIC_SUPPORT_task_080,976304,C1_SEMANTIC_SUPPORT,80,dialog_trajectories/seed_976304/C1_SEMANTIC_SUPPORT/task_080.json,mechanism_traces/seed_976304/C1_SEMANTIC_SUPPORT/task_080.json,1,1,0.00726467,0.012282,55.52125662501203,795debbc0dee7fcc81cb7e586bc68ad2e83f7eb179d774fb3c7540524ff35084,2b39cf5a82634f15e2bd12a0b2b8b441757e0de12b2970718f850bbfc5b13bb8
seed_976304_C1_SEMANTIC_SUPPORT_task_086,976304,C1_SEMANTIC_SUPPORT,86,dialog_trajectories/seed_976304/C1_SEMANTIC_SUPPORT/task_086.json,mechanism_traces/seed_976304/C1_SEMANTIC_SUPPORT/task_086.json,1,1,0.012684609999999999,0.009430000000000001,90.93341183295706,12909499373d277c95c36149be6e106d9fa97f183a264d69c5fc8a9f490dfaa7,a314db80c0fae1588f3b5293090aa3b9420ccd92715a3ae1a8110e11629b34a6
seed_976304_C1_SEMANTIC_SUPPORT_task_087,976304,C1_SEMANTIC_SUPPORT,87,dialog_trajectories/seed_976304/C1_SEMANTIC_SUPPORT/task_087.json,mechanism_traces/seed_976304/C1_SEMANTIC_SUPPORT/task_087.json,0,0,0.008061990000000002,0.009028,39.92479895800352,8f4b2f6d571fb5b7a2a019d4bbeb4f1af9ae21024c4dd47c6e8df5e452556301,528605f337c34361e9b211eef78949bee8c51be6f704373aaffec4aa91c727f0
seed_976304_C1_SEMANTIC_SUPPORT_task_090,976304,C1_SEMANTIC_SUPPORT,90,dialog_trajectories/seed_976304/C1_SEMANTIC_SUPPORT/task_090.json,mechanism_traces/seed_976304/C1_SEMANTIC_SUPPORT/task_090.json,1,1,0.01000817,0.015578,62.061624416994164,32587e7e1ed7d465098eae7dd96c53f681f7dcfd1fa3f38e9c77822fcd48d5d3,1bbd24ad83f5b57bee6c1d88f368e2616979416256954b85b34d68b0803f16fc
seed_976304_C1_SEMANTIC_SUPPORT_task_091,976304,C1_SEMANTIC_SUPPORT,91,dialog_trajectories/seed_976304/C1_SEMANTIC_SUPPORT/task_091.json,mechanism_traces/seed_976304/C1_SEMANTIC_SUPPORT/task_091.json,1,1,0.01241367,0.015278,58.08735737501411,1d70d8b9687cb19069861d6d272f1e900dc634994a692774662ac313be778837,d6c28a231aa632ac8ac50afc096419028adb552d08e6136e982422e432be2c07
seed_976304_C1_SEMANTIC_SUPPORT_task_094,976304,C1_SEMANTIC_SUPPORT,94,dialog_trajectories/seed_976304/C1_SEMANTIC_SUPPORT/task_094.json,mechanism_traces/seed_976304/C1_SEMANTIC_SUPPORT/task_094.json,1,1,0.010230369999999999,0.011669999999999998,57.91701350000221,fd47f3cc9b7f3d2b930b0a1995543ec134d745e2e79af3cac56c376b2faaf63a,da32b770e803b8ec6b2c4a5b2028b2cbce3fe5ca03d6e77c2f07d0655e414400
seed_976304_C1_SEMANTIC_SUPPORT_task_095,976304,C1_SEMANTIC_SUPPORT,95,dialog_trajectories/seed_976304/C1_SEMANTIC_SUPPORT/task_095.json,mechanism_traces/seed_976304/C1_SEMANTIC_SUPPORT/task_095.json,1,1,0.016128840000000002,0.021056,84.70960595799261,bb75d9fd1c23c86321ec4dd1522974aa5053b51ee0a3f5072436feb11fe13224,0b9d13dc552702eb98191072bab101724d108e95f2b43f6710cf53655d7e2ad4
seed_976304_C1_SEMANTIC_SUPPORT_task_097,976304,C1_SEMANTIC_SUPPORT,97,dialog_trajectories/seed_976304/C1_SEMANTIC_SUPPORT/task_097.json,mechanism_traces/seed_976304/C1_SEMANTIC_SUPPORT/task_097.json,1,1,0.01295182,0.010466,69.72027033398626,42a82c2e380f3a808d8948805f670e3bee1a6dee106566e95648f48533358b55,43429bb09f90dc1962ad081eedbeb91e11086db2aa19b3249ac78ec2b038901c
seed_976304_C1_SEMANTIC_SUPPORT_task_099,976304,C1_SEMANTIC_SUPPORT,99,dialog_trajectories/seed_976304/C1_SEMANTIC_SUPPORT/task_099.json,mechanism_traces/seed_976304/C1_SEMANTIC_SUPPORT/task_099.json,1,1,0.017694740000000004,0.011972,90.05043679202208,e9623a8bf9d1a29d78c33852b42e76026d0f2bb8713bd8d2ec7d0ac46531a15f,e1984ecc6991cd561457593360fbb4ea3f4738617e00dc08d227d1021d2b3ed0
seed_976304_C1_SEMANTIC_SUPPORT_task_100,976304,C1_SEMANTIC_SUPPORT,100,dialog_trajectories/seed_976304/C1_SEMANTIC_SUPPORT/task_100.json,mechanism_traces/seed_976304/C1_SEMANTIC_SUPPORT/task_100.json,1,1,0.015396130000000001,0.011415999999999999,95.41739495802904,75fa728e2c20a42342a60b6c52280b4592d040dcbafd108edcf599f60040ebc0,2f86bc7a179b13e0f8fc5aa558afc91812ab04028d8459e6e89ad629679bb6c9
seed_976304_C1_SEMANTIC_SUPPORT_task_101,976304,C1_SEMANTIC_SUPPORT,101,dialog_trajectories/seed_976304/C1_SEMANTIC_SUPPORT/task_101.json,mechanism_traces/seed_976304/C1_SEMANTIC_SUPPORT/task_101.json,0,0,0.00480649,0.008056,39.58972683304455,b9f76d33fda62ba76a11179658da70fddec98a80c07a328953ced6c5c34c2e07,55e47e9efc2bac03d2a9c52e57df65b4c23fe4aa8be3ec36e8f9f6b7361b2d16
seed_976304_C1_SEMANTIC_SUPPORT_task_102,976304,C1_SEMANTIC_SUPPORT,102,dialog_trajectories/seed_976304/C1_SEMANTIC_SUPPORT/task_102.json,mechanism_traces/seed_976304/C1_SEMANTIC_SUPPORT/task_102.json,1,1,0.023848229999999998,0.020805999999999998,145.63311112503288,2880d0903656b5f47fcf11947850b88e738fcaee55049976a02d12c0c854b53d,a81bc4cbb9d6d94eac7db96b9b513222522732d3b3530218fbbe2cdb438831d6
seed_976304_C1_SEMANTIC_SUPPORT_task_105,976304,C1_SEMANTIC_SUPPORT,105,dialog_trajectories/seed_976304/C1_SEMANTIC_SUPPORT/task_105.json,mechanism_traces/seed_976304/C1_SEMANTIC_SUPPORT/task_105.json,0,0,0.010571390000000002,0.014419999999999999,77.4895765829715,e8882323ca19338c85fed98ef3bb5619951a741ab63466b1281b130ed3da4abe,bfe362585eeda32c72590b440bbe2941bf6d6d391b75515b3a9d8526684848c7
seed_976304_C1_SEMANTIC_SUPPORT_task_108,976304,C1_SEMANTIC_SUPPORT,108,dialog_trajectories/seed_976304/C1_SEMANTIC_SUPPORT/task_108.json,mechanism_traces/seed_976304/C1_SEMANTIC_SUPPORT/task_108.json,0,0,0.00792296,0.016002,55.269774500018684,c01ec53cc20fa2951d1fde8e417ea00bf925d8231fc2f6a3c9b9b9d09fc1bcc7,1e5ce48e87745fc88830f0e7bf422c9e957c8d8f89bb01b10adda3711b008790
seed_976304_C1_SEMANTIC_SUPPORT_task_111,976304,C1_SEMANTIC_SUPPORT,111,dialog_trajectories/seed_976304/C1_SEMANTIC_SUPPORT/task_111.json,mechanism_traces/seed_976304/C1_SEMANTIC_SUPPORT/task_111.json,0,0,0.023204040000000002,0.014116,101.64058133400977,6707bcfb20a065a41fc7d87468e88ccfd4329077aa006e6a542fe2e5663d9690,39d2314d0272d9bbdc96c2b89bdec103bdeec5c2a8406d5ac718155be461cd74
seed_976304_C1_SEMANTIC_SUPPORT_task_113,976304,C1_SEMANTIC_SUPPORT,113,dialog_trajectories/seed_976304/C1_SEMANTIC_SUPPORT/task_113.json,mechanism_traces/seed_976304/C1_SEMANTIC_SUPPORT/task_113.json,1,1,0.005163720000000001,0.007356,33.69923504203325,4e78d154063150845f707ecba81861783f69c65f1cc96a1fdaa0483401e182b6,f61b2b608572b10728d5ed0294c94f2c496e5af6b3f7d3af646ab7c9b8d2d364
seed_976304_C2_PREWRITE_CONTROL_task_000,976304,C2_PREWRITE_CONTROL,0,dialog_trajectories/seed_976304/C2_PREWRITE_CONTROL/task_000.json,mechanism_traces/seed_976304/C2_PREWRITE_CONTROL/task_000.json,1,1,0.0051408899999999995,0.008506,30.824507207988063,ff36f2eb529847e5394cbb1c8883f908352c634a1cdc0b806d444443c21c5ae2,cd3a6ced514b26a4d66b9847c16fa0aa261482cd4481ccc0336adc658c889f39
seed_976304_C2_PREWRITE_CONTROL_task_001,976304,C2_PREWRITE_CONTROL,1,dialog_trajectories/seed_976304/C2_PREWRITE_CONTROL/task_001.json,mechanism_traces/seed_976304/C2_PREWRITE_CONTROL/task_001.json,1,1,0.00708711,0.009248,46.461055666033644,823eb027e424e78e37325af76a13456ee58e45ce90f4583ee5f300358131af68,f1119b5b51af290a18dbf46e583053a208b80062140235ff47bd11d5ba8a84f3
seed_976304_C2_PREWRITE_CONTROL_task_002,976304,C2_PREWRITE_CONTROL,2,dialog_trajectories/seed_976304/C2_PREWRITE_CONTROL/task_002.json,mechanism_traces/seed_976304/C2_PREWRITE_CONTROL/task_002.json,1,1,0.00561551,0.012211999999999999,57.35927725001238,44cdc0e8d793bb68e2b666fd46be038becc591dc6a327de78b7bf49e7b533d19,7fc8b520c0c0956fdd4a4475715775ffc0af10496be9dc6a17b01d29fed91a68
seed_976304_C2_PREWRITE_CONTROL_task_003,976304,C2_PREWRITE_CONTROL,3,dialog_trajectories/seed_976304/C2_PREWRITE_CONTROL/task_003.json,mechanism_traces/seed_976304/C2_PREWRITE_CONTROL/task_003.json,1,1,0.00851172,0.011095999999999998,61.56954299996141,39d4d438352af1fad7f8e6fc613871aef10df7acd512b80714051d5f4a1166c4,8435bc88ba7f5fabd832884b21702e539e2d93560746794605d48c668ecca632
seed_976304_C2_PREWRITE_CONTROL_task_004,976304,C2_PREWRITE_CONTROL,4,dialog_trajectories/seed_976304/C2_PREWRITE_CONTROL/task_004.json,mechanism_traces/seed_976304/C2_PREWRITE_CONTROL/task_004.json,1,1,0.00969767,0.012735999999999999,71.54330091597512,ff94f954117d5ec24670a16f3d28256dc7832ba5243db0f27dc0dcc10e353d81,def8eb4d48f243ce235bba66df15a036804ee72a00691834845db263e4941ae0
seed_976304_C2_PREWRITE_CONTROL_task_005,976304,C2_PREWRITE_CONTROL,5,dialog_trajectories/seed_976304/C2_PREWRITE_CONTROL/task_005.json,mechanism_traces/seed_976304/C2_PREWRITE_CONTROL/task_005.json,1,1,0.010785070000000003,0.022088,67.77785870799562,3f74c023a07beaa063a9b8c6c75322079c804fa703b0336e8e666c0f701f7f34,a586fad81973f634e7dcb8680a8a0c378a21c13364a80eea51ada2c0e191f6ae
seed_976304_C2_PREWRITE_CONTROL_task_006,976304,C2_PREWRITE_CONTROL,6,dialog_trajectories/seed_976304/C2_PREWRITE_CONTROL/task_006.json,mechanism_traces/seed_976304/C2_PREWRITE_CONTROL/task_006.json,1,1,0.00986476,0.023584,60.18810087497695,972be0b6a05a85f481bcab551ed28ac06c44e453d71b2a8e140b70d619286a56,5bbe56ddb667f0e4f17cf464808eae5d9a1b552d8499d3a3af54f847d7acd146
seed_976304_C2_PREWRITE_CONTROL_task_007,976304,C2_PREWRITE_CONTROL,7,dialog_trajectories/seed_976304/C2_PREWRITE_CONTROL/task_007.json,mechanism_traces/seed_976304/C2_PREWRITE_CONTROL/task_007.json,1,1,0.01009596,0.020759999999999997,62.13728625001386,1b671ff75f0c4a1d656b440daab4d8de0517f571be43c41eac93f13ce52502c3,3bbd2b300f5637c1ef3895dcd33ce3ac2cc5c2ccca38faddae063d032bb9e11b
seed_976304_C2_PREWRITE_CONTROL_task_008,976304,C2_PREWRITE_CONTROL,8,dialog_trajectories/seed_976304/C2_PREWRITE_CONTROL/task_008.json,mechanism_traces/seed_976304/C2_PREWRITE_CONTROL/task_008.json,1,1,0.00769196,0.015447999999999998,62.50640262500383,7a7e14de60f93c817d57e3cf823d0f026aae665d45c6059e6c8c53495d35a6d4,f562ccba1f5ac8a7f84a333dbad2c6d5612508de1d11ecbcff8ea226ae2cf0d8
seed_976304_C2_PREWRITE_CONTROL_task_009,976304,C2_PREWRITE_CONTROL,9,dialog_trajectories/seed_976304/C2_PREWRITE_CONTROL/task_009.json,mechanism_traces/seed_976304/C2_PREWRITE_CONTROL/task_009.json,1,1,0.00765796,0.011744,65.75704962504096,95151d08b8c66ff9260e404e5a6e8e7a7e2bebf0d3e7c31b3ef216184c353a41,fc244eecdf5d581fe765280f5d04ac11407019188bd7bacd1b3509ee808e920c
seed_976304_C2_PREWRITE_CONTROL_task_010,976304,C2_PREWRITE_CONTROL,10,dialog_trajectories/seed_976304/C2_PREWRITE_CONTROL/task_010.json,mechanism_traces/seed_976304/C2_PREWRITE_CONTROL/task_010.json,1,1,0.00394732,0.008903999999999999,26.10605875001056,fc74af7a259432c1fecf7b7f6dbb64934589f90829d0387f211e12dba97a9bb3,e79dbbbfde16e7cd6b3d70d53439cbf8a8d93218b8b43b14ae76b97f94f1e3c2
seed_976304_C2_PREWRITE_CONTROL_task_011,976304,C2_PREWRITE_CONTROL,11,dialog_trajectories/seed_976304/C2_PREWRITE_CONTROL/task_011.json,mechanism_traces/seed_976304/C2_PREWRITE_CONTROL/task_011.json,1,1,0.00479457,0.011122,38.50362995901378,16e067f7fa2f6daf4fdc86cb822a4c65411913f6e8402a3f816cd99e14ecfba1,bcc3fbe7183e29820ebc38fbfc07ae5c40780c86c464a18e88ce04355547020e
seed_976304_C2_PREWRITE_CONTROL_task_012,976304,C2_PREWRITE_CONTROL,12,dialog_trajectories/seed_976304/C2_PREWRITE_CONTROL/task_012.json,mechanism_traces/seed_976304/C2_PREWRITE_CONTROL/task_012.json,1,1,0.00440391,0.012726000000000001,37.47192195802927,d0e9cb821bc120dc9cb78523372b86c8b41f41b81444f86a1cbf12619928423a,8aeb61a3327d26af2da039b7df57032f60c7745c3ce255e57f73bdeacb76848b
seed_976304_C2_PREWRITE_CONTROL_task_013,976304,C2_PREWRITE_CONTROL,13,dialog_trajectories/seed_976304/C2_PREWRITE_CONTROL/task_013.json,mechanism_traces/seed_976304/C2_PREWRITE_CONTROL/task_013.json,1,1,0.00521842,0.015611999999999997,45.180013665987644,ab76ea488095733ae8364e4dbdfed42add666433e760a8f1084fa6595d7899ca,762da65350ecf95d72b4c549c38044c90410231dbf6b9091ae8e6a05d500f552
seed_976304_C2_PREWRITE_CONTROL_task_014,976304,C2_PREWRITE_CONTROL,14,dialog_trajectories/seed_976304/C2_PREWRITE_CONTROL/task_014.json,mechanism_traces/seed_976304/C2_PREWRITE_CONTROL/task_014.json,1,1,0.006811889999999999,0.014047999999999998,66.32439070899272,712e83379cbad9dfe3e84c34d784592cec7ec70e327bf78ba96aa0e4aba84d30,f78cfabced0af79aabd9804eea706ab634d38b53bde370123d6cd30b336c5f0a
seed_976304_C2_PREWRITE_CONTROL_task_015,976304,C2_PREWRITE_CONTROL,15,dialog_trajectories/seed_976304/C2_PREWRITE_CONTROL/task_015.json,mechanism_traces/seed_976304/C2_PREWRITE_CONTROL/task_015.json,1,1,0.00779201,0.018595999999999998,78.91839887498645,2e5973c37c53845ac50a2d9dd5a4ae36ca14210186be479cc81ddda7cd456031,39847f288213b457a7150de1bad8c8a13059fdffc159f64ccd26cfbbe9833776
seed_976304_C2_PREWRITE_CONTROL_task_016,976304,C2_PREWRITE_CONTROL,16,dialog_trajectories/seed_976304/C2_PREWRITE_CONTROL/task_016.json,mechanism_traces/seed_976304/C2_PREWRITE_CONTROL/task_016.json,1,1,0.006410709999999999,0.011998,36.34903662500437,84f24e96ffa7a0bb04854edc506988af73c6c213a0590a042881a1114d79f2f9,404101e59fb399775268ffdf3812e992e19048d9807e17d4928198a290e8d34b
seed_976304_C2_PREWRITE_CONTROL_task_017,976304,C2_PREWRITE_CONTROL,17,dialog_trajectories/seed_976304/C2_PREWRITE_CONTROL/task_017.json,mechanism_traces/seed_976304/C2_PREWRITE_CONTROL/task_017.json,1,1,0.0030433,0.008522,34.34871537494473,f06107f3d7a8f89d63c9cccab2a6d3539f7bf4d9b5d98b80d0ca5ed64d4ba4b7,3edd7a1fd67ccd517edd1d542362b49e6bb830859354070a28c4db30ef0a8a73
seed_976304_C2_PREWRITE_CONTROL_task_018,976304,C2_PREWRITE_CONTROL,18,dialog_trajectories/seed_976304/C2_PREWRITE_CONTROL/task_018.json,mechanism_traces/seed_976304/C2_PREWRITE_CONTROL/task_018.json,1,1,0.00597682,0.012266,62.02940329199191,985d88867a6dad4f043524649db987054300a3ca6cf2c18157c8b3f8e70547dd,636ddd7abf572307a1339daaeca4835069ef692efca9cafd3daa4547e2c4615d
seed_976304_C2_PREWRITE_CONTROL_task_019,976304,C2_PREWRITE_CONTROL,19,dialog_trajectories/seed_976304/C2_PREWRITE_CONTROL/task_019.json,mechanism_traces/seed_976304/C2_PREWRITE_CONTROL/task_019.json,1,1,0.006250470000000001,0.015111999999999999,74.9604847090086,276eedfbc8e16ea4aaadea594bcf7d07f19e7dd37673eff680898b5e80373f11,8eb62e3fbc4e5f31a1fcc3831b8675c40389701447fa06a20e548ab4990d55ec
seed_976304_C2_PREWRITE_CONTROL_task_020,976304,C2_PREWRITE_CONTROL,20,dialog_trajectories/seed_976304/C2_PREWRITE_CONTROL/task_020.json,mechanism_traces/seed_976304/C2_PREWRITE_CONTROL/task_020.json,1,1,0.01205577,0.01244,69.46749995904975,0e2dc205db59c68b0d1e3b64279b9bc3d58045e9fbfd53dae26fa38f6a6594c9,c2f85e57bc5468bc30d1e0a82d59f8a1c8b1c9bdb91cd450c479954d3f543d9c
seed_976304_C2_PREWRITE_CONTROL_task_021,976304,C2_PREWRITE_CONTROL,21,dialog_trajectories/seed_976304/C2_PREWRITE_CONTROL/task_021.json,mechanism_traces/seed_976304/C2_PREWRITE_CONTROL/task_021.json,0,0,0.00488924,0.004498,34.51077541598352,9d0b573cc5fd68294cb2b0c7a31d1658e474f12767dc8d3402853c6a9aeb36af,ab45bb502afc0b2e95c3edcfbee91941dd386582b2882e85b80a946cb729e411
seed_976304_C2_PREWRITE_CONTROL_task_022,976304,C2_PREWRITE_CONTROL,22,dialog_trajectories/seed_976304/C2_PREWRITE_CONTROL/task_022.json,mechanism_traces/seed_976304/C2_PREWRITE_CONTROL/task_022.json,1,1,0.00539486,0.011302000000000001,36.528760916000465,3f8178458cff4e5330dbc90436ef81b992cfc289e58667a4d4b8634f49b8bbd2,b427901428cb53ab689d12069204fda0984799827f6e8344ceeceac37a7c6036
seed_976304_C2_PREWRITE_CONTROL_task_023,976304,C2_PREWRITE_CONTROL,23,dialog_trajectories/seed_976304/C2_PREWRITE_CONTROL/task_023.json,mechanism_traces/seed_976304/C2_PREWRITE_CONTROL/task_023.json,0,0,0.01371601,0.02062,79.94583508296637,4813fa4c86b28673db5f1c4e9b28d8c21a2ad877aa843ea4bd59370f6764b291,1804ffb1e137712fb2d90c7baccfbcb6d2f550aac4bf1837cdad351251277882
seed_976304_C2_PREWRITE_CONTROL_task_024,976304,C2_PREWRITE_CONTROL,24,dialog_trajectories/seed_976304/C2_PREWRITE_CONTROL/task_024.json,mechanism_traces/seed_976304/C2_PREWRITE_CONTROL/task_024.json,1,1,0.0038548000000000002,0.010775999999999999,27.40223862498533,405740f81f6ab05b6955a57765ac2bb4c88f3372146aaa34a539f92b8b519764,0cf2dbd2d8624598ec63a695264a39271e14ed6d96acf94438bb24f932ac4684
seed_976304_C2_PREWRITE_CONTROL_task_025,976304,C2_PREWRITE_CONTROL,25,dialog_trajectories/seed_976304/C2_PREWRITE_CONTROL/task_025.json,mechanism_traces/seed_976304/C2_PREWRITE_CONTROL/task_025.json,1,1,0.005051990000000001,0.007847999999999999,34.23128616702161,4fb9653a32d693b389d73882ac0cfa6fc43488580295b818312bcfce894e51b0,242cc820b9a4e66004f6ec83048fd842897a05938ad538140cafe080f0eb5829
seed_976304_C2_PREWRITE_CONTROL_task_026,976304,C2_PREWRITE_CONTROL,26,dialog_trajectories/seed_976304/C2_PREWRITE_CONTROL/task_026.json,mechanism_traces/seed_976304/C2_PREWRITE_CONTROL/task_026.json,1,1,0.00526691,0.013035999999999999,31.912403082998935,ddd90af8ece6b6952aa27d0f8edc84c00237f82433d9cf88ff045fd4b398cd35,27b5f475e81515fdf98a2d1fc24e69449cf364db904705d3fc46ce65133f14a5
seed_976304_C2_PREWRITE_CONTROL_task_027,976304,C2_PREWRITE_CONTROL,27,dialog_trajectories/seed_976304/C2_PREWRITE_CONTROL/task_027.json,mechanism_traces/seed_976304/C2_PREWRITE_CONTROL/task_027.json,0,0,0.00471857,0.0048059999999999995,24.84026412499952,96adf026c03ef51e0b99f546b40e4e91531edaee62fba354f756b702a7ad16b2,6a0bcb22fa0dbf118cddf4438485a9a9df40f99604af8e55738d2894501e2ef2
seed_976304_C2_PREWRITE_CONTROL_task_028,976304,C2_PREWRITE_CONTROL,28,dialog_trajectories/seed_976304/C2_PREWRITE_CONTROL/task_028.json,mechanism_traces/seed_976304/C2_PREWRITE_CONTROL/task_028.json,1,1,0.00734702,0.018716,49.66847929201322,044d04042f2b3f33a7d808668bced2528cf148845ada10d9b94f8a6439389ecd,c5b4678fa0b873f814e195471f7ca080554aa5f4f230c3ef630dcc2f8626f24c
seed_976304_C2_PREWRITE_CONTROL_task_029,976304,C2_PREWRITE_CONTROL,29,dialog_trajectories/seed_976304/C2_PREWRITE_CONTROL/task_029.json,mechanism_traces/seed_976304/C2_PREWRITE_CONTROL/task_029.json,1,1,0.011179019999999998,0.020618,88.99470470898086,b370dcced70deaa0205ca94f9127564390804007dd8cd62ff1ebe63727a5d234,a79fc150a29b5f7386a9a28533f9368f9a7ad7feae4de3097b9c2880e983c341
seed_976304_C2_PREWRITE_CONTROL_task_030,976304,C2_PREWRITE_CONTROL,30,dialog_trajectories/seed_976304/C2_PREWRITE_CONTROL/task_030.json,mechanism_traces/seed_976304/C2_PREWRITE_CONTROL/task_030.json,1,1,0.009696670000000003,0.022104000000000002,72.25523587499629,ab526dc3ec0ba78e72ca297f52fc1074f0c3bcfb2b80f15ed53d40db0e7bae05,9f9a86c8cf7ba60f1dcfcaa47eebc001b7b5b632109dccb5f4c6997ab04f3c2c
seed_976304_C2_PREWRITE_CONTROL_task_031,976304,C2_PREWRITE_CONTROL,31,dialog_trajectories/seed_976304/C2_PREWRITE_CONTROL/task_031.json,mechanism_traces/seed_976304/C2_PREWRITE_CONTROL/task_031.json,1,1,0.00949111,0.024547999999999997,75.40554975002306,e222a8b27f8d996b5d99d08aa18a02d65de0f99640ef7f4b90f54ed380d43f21,50886cc945b073704479b5eb09c3d82d7a032184a6a9a6cce29a3e8257f3801b
seed_976304_C2_PREWRITE_CONTROL_task_032,976304,C2_PREWRITE_CONTROL,32,dialog_trajectories/seed_976304/C2_PREWRITE_CONTROL/task_032.json,mechanism_traces/seed_976304/C2_PREWRITE_CONTROL/task_032.json,0,0,0.00465866,0.009645999999999998,47.80179129098542,27de196a38ff5e137118d6f6c40b756fcb2ab40405527909044e36828e5deb7a,353e9dbb64ca0bc288002ef748d25baf598b28e1bb6bd57375e60fc5afe91a6c
seed_976304_C2_PREWRITE_CONTROL_task_033,976304,C2_PREWRITE_CONTROL,33,dialog_trajectories/seed_976304/C2_PREWRITE_CONTROL/task_033.json,mechanism_traces/seed_976304/C2_PREWRITE_CONTROL/task_033.json,0,0,0.00409947,0.012998,32.56019737498718,94ff46ecfd34ba4b207d28262c3f9d71702d0c1dbcdf3505723cb16feb97ad6d,f7095ac128124584967b57d400ac2d59d225930cf55c78aa3c26c570be9ab8a0
seed_976304_C2_PREWRITE_CONTROL_task_034,976304,C2_PREWRITE_CONTROL,34,dialog_trajectories/seed_976304/C2_PREWRITE_CONTROL/task_034.json,mechanism_traces/seed_976304/C2_PREWRITE_CONTROL/task_034.json,0,0,0.00479247,0.015346,34.200847333995625,895412a5508add5315ff98774d4843e186411ec7e942c6a5e4c284561c143da3,a8787f739ef4b7242baeb16f8ecfa5f0f9b5fdc8ae30e07f21d582651661fd98
seed_976304_C2_PREWRITE_CONTROL_task_035,976304,C2_PREWRITE_CONTROL,35,dialog_trajectories/seed_976304/C2_PREWRITE_CONTROL/task_035.json,mechanism_traces/seed_976304/C2_PREWRITE_CONTROL/task_035.json,0,0,0.008040269999999999,0.010722,47.506410916976165,683f09bf8eb78c5e917f3e4cd9bdc4808ff0aad323d1d6989514ad2e9e835a97,e2fee300f32b30395ca2281c1ea7e6597cdf2853abdd9dba16c5997349e0f14c
seed_976304_C2_PREWRITE_CONTROL_task_036,976304,C2_PREWRITE_CONTROL,36,dialog_trajectories/seed_976304/C2_PREWRITE_CONTROL/task_036.json,mechanism_traces/seed_976304/C2_PREWRITE_CONTROL/task_036.json,0,0,0.012136540000000001,0.014979999999999999,69.34286795801017,9a7abd88374075c66aba5bd2e03eaeda67d13be01dde09d970b9a6d11f3556bb,37fc5fe8b6fdf5466017604cfa7b70a46cc58c161d13dbb2dfa7e27418142294
seed_976304_C2_PREWRITE_CONTROL_task_038,976304,C2_PREWRITE_CONTROL,38,dialog_trajectories/seed_976304/C2_PREWRITE_CONTROL/task_038.json,mechanism_traces/seed_976304/C2_PREWRITE_CONTROL/task_038.json,0,0,0.008178570000000001,0.012875999999999999,49.52596891700523,7d885d1c5aa94df967906f46a4ee3ac9efd9554d339b6a8f801c75abb498dc26,bfe5076c21b9a9bce079922ae6c46d9b7009a33dd58134c872994426eef24473
seed_976304_C2_PREWRITE_CONTROL_task_039,976304,C2_PREWRITE_CONTROL,39,dialog_trajectories/seed_976304/C2_PREWRITE_CONTROL/task_039.json,mechanism_traces/seed_976304/C2_PREWRITE_CONTROL/task_039.json,1,1,0.0059334999999999995,0.011857999999999999,51.005599791998975,dd769d5ffa4666012e57167d94fc0a3190e996d392f033c792bab2f8fa881e98,b9a751811a634ccfd203e9cc08362d07ebe97bdeaa2a4df1aa1ba91a385d256c
seed_976304_C2_PREWRITE_CONTROL_task_040,976304,C2_PREWRITE_CONTROL,40,dialog_trajectories/seed_976304/C2_PREWRITE_CONTROL/task_040.json,mechanism_traces/seed_976304/C2_PREWRITE_CONTROL/task_040.json,1,1,0.003867,0.011965999999999997,34.23761633300455,d19cdce48afe00b9e83d5e7f9892ec9ba97cff48164a4d1eff9708f0f030bdb9,b34e385b59757e1b77af9b68b15cf5b5494a5e56f4321b7a3d9c82b874a4f4d2
seed_976304_C2_PREWRITE_CONTROL_task_042,976304,C2_PREWRITE_CONTROL,42,dialog_trajectories/seed_976304/C2_PREWRITE_CONTROL/task_042.json,mechanism_traces/seed_976304/C2_PREWRITE_CONTROL/task_042.json,1,1,0.008737240000000002,0.016288,42.454809083021246,be865e421e4f0fa1b071d7265c86606fbe2dd0c68e675e2d3771b74ce83477a2,9a6a79d4d94f213b09f07baa7b7b957f2988821541463a88e203fcbba52432f3
seed_976304_C2_PREWRITE_CONTROL_task_043,976304,C2_PREWRITE_CONTROL,43,dialog_trajectories/seed_976304/C2_PREWRITE_CONTROL/task_043.json,mechanism_traces/seed_976304/C2_PREWRITE_CONTROL/task_043.json,0,0,0.0054175099999999995,0.013529999999999999,49.413754916982725,36a22537c94c025877436abe3e13709b23c839ef3e0304cccbcc537bb7b290a9,d3678e0ff5098f7ab7afb831da0e946c12919271fb598514fb28a7782ef119e0
seed_976304_C2_PREWRITE_CONTROL_task_045,976304,C2_PREWRITE_CONTROL,45,dialog_trajectories/seed_976304/C2_PREWRITE_CONTROL/task_045.json,mechanism_traces/seed_976304/C2_PREWRITE_CONTROL/task_045.json,0,0,0.0071248,0.014076,56.1576657500118,a200b340c73ca0101d5c895f8f702eb547ffb6ceabf1b5972dd9135fdb89bf8b,c829767109e17ecc21a315aff0f7ac72d2be587a0820987a87f8742a9d230916
seed_976304_C2_PREWRITE_CONTROL_task_049,976304,C2_PREWRITE_CONTROL,49,dialog_trajectories/seed_976304/C2_PREWRITE_CONTROL/task_049.json,mechanism_traces/seed_976304/C2_PREWRITE_CONTROL/task_049.json,1,1,0.00623589,0.013222000000000001,50.5929314160021,692353b968dd927bf2165aea5c94f91f623d09a8c06dc7cb969a5bc0fe96c160,ff8b517cf30906b4e777986e048c29eee3a6a4cc7ce867444f32a1cb896525f7
seed_976304_C2_PREWRITE_CONTROL_task_050,976304,C2_PREWRITE_CONTROL,50,dialog_trajectories/seed_976304/C2_PREWRITE_CONTROL/task_050.json,mechanism_traces/seed_976304/C2_PREWRITE_CONTROL/task_050.json,1,1,0.00232052,0.004425999999999999,19.456321957986802,05d4e2da4c67258d53fed0cf0fc6a7eee71bce0a47d2ba15f0f390a6525154a4,3859f405a1fbe76dbbd3312fab339b1bcbce26749a057a9ef3eb00fbcef42565
seed_976304_C2_PREWRITE_CONTROL_task_051,976304,C2_PREWRITE_CONTROL,51,dialog_trajectories/seed_976304/C2_PREWRITE_CONTROL/task_051.json,mechanism_traces/seed_976304/C2_PREWRITE_CONTROL/task_051.json,1,1,0.004816180000000001,0.011078,33.61785824998515,039134e3cc73be9f4fd2e32f0e036935b1aabdf2999b6cd3c11197e4f93ac6cc,c862070ebedaba2217b43f4e8a5cb52bb8c2083cda23280c1deae783cc9a0c18
seed_976304_C2_PREWRITE_CONTROL_task_053,976304,C2_PREWRITE_CONTROL,53,dialog_trajectories/seed_976304/C2_PREWRITE_CONTROL/task_053.json,mechanism_traces/seed_976304/C2_PREWRITE_CONTROL/task_053.json,1,1,0.00612891,0.014391999999999999,47.96101233299123,aefa4e821aa568298412e7d0361799b6267228975a350d42c642e749b91faab5,9e55eda547f7dec8b4ffbbfaf7cf7a15212c890e7bd134fb894ce05b36beb4cb
seed_976304_C2_PREWRITE_CONTROL_task_054,976304,C2_PREWRITE_CONTROL,54,dialog_trajectories/seed_976304/C2_PREWRITE_CONTROL/task_054.json,mechanism_traces/seed_976304/C2_PREWRITE_CONTROL/task_054.json,1,1,0.01244193,0.012626,83.74480195800425,5ffdc3c15a71d6a122a0c1bcceb6cb627ed69a90940e05e589dd271934d873d0,3c0a2e7797b9b0223ada2566df6e638fa6280d88face23a49c3efc8bc1fe3b95
seed_976304_C2_PREWRITE_CONTROL_task_055,976304,C2_PREWRITE_CONTROL,55,dialog_trajectories/seed_976304/C2_PREWRITE_CONTROL/task_055.json,mechanism_traces/seed_976304/C2_PREWRITE_CONTROL/task_055.json,1,1,0.0072366,0.013933999999999998,68.01511199999368,a3d9f2f2acbc0e6940a1f55a3c3075167c3ebe97f296dc9c2806acf2079f04c3,80be57b529cc96db180bed47ff8133a1bea34ac00845073b4ccce299692fba66
seed_976304_C2_PREWRITE_CONTROL_task_056,976304,C2_PREWRITE_CONTROL,56,dialog_trajectories/seed_976304/C2_PREWRITE_CONTROL/task_056.json,mechanism_traces/seed_976304/C2_PREWRITE_CONTROL/task_056.json,1,1,0.007631359999999999,0.012537999999999999,49.244271375006065,0def593f4dc0060ab5ab3e73f57c111cf2bfa125c8bec8b0af3ebc7213078b70,079acce66528d6a17ce4088859297d4f6f6c937f77f474c2d6633bb82e415bb2
seed_976304_C2_PREWRITE_CONTROL_task_059,976304,C2_PREWRITE_CONTROL,59,dialog_trajectories/seed_976304/C2_PREWRITE_CONTROL/task_059.json,mechanism_traces/seed_976304/C2_PREWRITE_CONTROL/task_059.json,0,0,0.00722523,0.023851999999999998,66.58339029099443,699c8325a52aac334986524a9334e3ff97df1e47aa589b79058c19bcf7525592,9b367d75701d9741b96f17a46bc6568643ef329b7678fd6f2128547d85100c8e
seed_976304_C2_PREWRITE_CONTROL_task_060,976304,C2_PREWRITE_CONTROL,60,dialog_trajectories/seed_976304/C2_PREWRITE_CONTROL/task_060.json,mechanism_traces/seed_976304/C2_PREWRITE_CONTROL/task_060.json,0,0,0.00437431,0.007788,92.13045537500875,465f07996924691a781099142ae79f0a252d88bc26470770175d965b7320b646,34b055c5e857c295bfce8fbc9203f2c312e6490302a6734612e2792223f4cf03
seed_976304_C2_PREWRITE_CONTROL_task_061,976304,C2_PREWRITE_CONTROL,61,dialog_trajectories/seed_976304/C2_PREWRITE_CONTROL/task_061.json,mechanism_traces/seed_976304/C2_PREWRITE_CONTROL/task_061.json,1,1,0.00448754,0.0058200000000000005,31.878635542001575,f8c649b1e7247ea962bb3b53c6f16fe66aaf789f2eff379f5c7dc0b6af6dfac7,7adc3575f7a3a98edf06bedd0ee4de88784468fa1ac6ca4615829185dc2972b7
seed_976304_C2_PREWRITE_CONTROL_task_062,976304,C2_PREWRITE_CONTROL,62,dialog_trajectories/seed_976304/C2_PREWRITE_CONTROL/task_062.json,mechanism_traces/seed_976304/C2_PREWRITE_CONTROL/task_062.json,1,1,0.007933490000000001,0.013448,61.14699662500061,08f393128768ded0eb3a9074ef38134f246180121428759beec9b286967ac0b1,bf325b2eca5f86ff0e8db37259d358a9ddb75d22f7f429a51e6891ef64668de8
seed_976304_C2_PREWRITE_CONTROL_task_064,976304,C2_PREWRITE_CONTROL,64,dialog_trajectories/seed_976304/C2_PREWRITE_CONTROL/task_064.json,mechanism_traces/seed_976304/C2_PREWRITE_CONTROL/task_064.json,0,0,0.00798533,0.021202,73.60356066701934,bd39c6f1c7f661b05c7df01b0977fe9d1ef36d3bb080de1a38865f9f9ef7502f,60be2d4781fcfcd4368a11c210498cb6c88e96f2ec875d23f1d21cb139f1330e
seed_976304_C2_PREWRITE_CONTROL_task_065,976304,C2_PREWRITE_CONTROL,65,dialog_trajectories/seed_976304/C2_PREWRITE_CONTROL/task_065.json,mechanism_traces/seed_976304/C2_PREWRITE_CONTROL/task_065.json,1,1,0.00246965,0.005266,18.784466042008717,f79457ac5d0d797df246b725bdb75f0df04824cc3fe004e479957a974d623582,007eb91729fdc5a18b53cf573a7754b5a63b5e10740b7ec67713e619766677fa
seed_976304_C2_PREWRITE_CONTROL_task_068,976304,C2_PREWRITE_CONTROL,68,dialog_trajectories/seed_976304/C2_PREWRITE_CONTROL/task_068.json,mechanism_traces/seed_976304/C2_PREWRITE_CONTROL/task_068.json,1,1,0.00221928,0.006736,18.82075983300456,e5851e235103db31916947c8d9869bf922a2febf768f01b71641b47c3a44c5bc,596aeed6e4fa25d6015caa2531c61184a5915c1a01ed0e09a411e8e812ad93dc
seed_976304_C2_PREWRITE_CONTROL_task_070,976304,C2_PREWRITE_CONTROL,70,dialog_trajectories/seed_976304/C2_PREWRITE_CONTROL/task_070.json,mechanism_traces/seed_976304/C2_PREWRITE_CONTROL/task_070.json,1,1,0.00497406,0.009944,40.25379425002029,5b80edfb23f3114a6e8c7ef6a0535c23233201eb5ccfdf9825415e612969955c,616911ae1b6e3246d90d03db8f22fe2ed31e13600656eb59ac59fbfdea4e646e
seed_976304_C2_PREWRITE_CONTROL_task_071,976304,C2_PREWRITE_CONTROL,71,dialog_trajectories/seed_976304/C2_PREWRITE_CONTROL/task_071.json,mechanism_traces/seed_976304/C2_PREWRITE_CONTROL/task_071.json,0,0,0.00788738,0.015806,76.85959187502158,e3b0edd065ad242e9c342539aeb621502cc88c45b5a6f4c75f3d9bab6e9bc843,bc9e7fe4708bb5b28239731cd66aa92006292856591d33e4e209f6d3495d5c2f
seed_976304_C2_PREWRITE_CONTROL_task_073,976304,C2_PREWRITE_CONTROL,73,dialog_trajectories/seed_976304/C2_PREWRITE_CONTROL/task_073.json,mechanism_traces/seed_976304/C2_PREWRITE_CONTROL/task_073.json,1,1,0.00238931,0.005715999999999999,19.40273566596443,1ec7ca90d681de9be76fbac79a029d2f34c3b8de08ec1bf421f047ac2719732a,249fa0910017b6f7d024cae2daed1fe2ab905ba0d883aa4fd7a5cf045df07a91
seed_976304_C2_PREWRITE_CONTROL_task_074,976304,C2_PREWRITE_CONTROL,74,dialog_trajectories/seed_976304/C2_PREWRITE_CONTROL/task_074.json,mechanism_traces/seed_976304/C2_PREWRITE_CONTROL/task_074.json,1,1,0.00775162,0.009892000000000001,45.6941003339889,9b266ed6599cf62fbff8fddc16556482ab6199a2f9a2db5843874e2b2261998a,290d929d9dc12d09688080dbaf77065a45b6bc953f5592e8b687ce19a0f283ce
seed_976304_C2_PREWRITE_CONTROL_task_075,976304,C2_PREWRITE_CONTROL,75,dialog_trajectories/seed_976304/C2_PREWRITE_CONTROL/task_075.json,mechanism_traces/seed_976304/C2_PREWRITE_CONTROL/task_075.json,1,1,0.004101520000000001,0.007431999999999999,32.08491566701559,16938070f865623832f2f9d5a7496eaf455f2e267c9c172cbc34087fa7d5b865,abfe46b6eb4ff1b2244dcc40cc548f3307bde5a91351e0ee77516a7afe007450
seed_976304_C2_PREWRITE_CONTROL_task_077,976304,C2_PREWRITE_CONTROL,77,dialog_trajectories/seed_976304/C2_PREWRITE_CONTROL/task_077.json,mechanism_traces/seed_976304/C2_PREWRITE_CONTROL/task_077.json,1,1,0.004543500000000001,0.011272,30.41647841699887,818d0f3f744b86af62158b8ba91a5f74d77cafc20deebfa0c364882187c16be1,271dd26d218e970bed0a7f4b5c16434738ac4ae75de44b8708f0f79d0d48e7bf
seed_976304_C2_PREWRITE_CONTROL_task_079,976304,C2_PREWRITE_CONTROL,79,dialog_trajectories/seed_976304/C2_PREWRITE_CONTROL/task_079.json,mechanism_traces/seed_976304/C2_PREWRITE_CONTROL/task_079.json,0,0,0.007374830000000001,0.011465999999999999,46.12013483300689,9e555e665ef6fb53e29d9fe39e96c941baa69b276b01ac8d54af6f06d8b3ccd9,b215ed2c134c53283c98f93b85b4f44f8090def5c137a7a4fd51963c78ebf129
seed_976304_C2_PREWRITE_CONTROL_task_080,976304,C2_PREWRITE_CONTROL,80,dialog_trajectories/seed_976304/C2_PREWRITE_CONTROL/task_080.json,mechanism_traces/seed_976304/C2_PREWRITE_CONTROL/task_080.json,1,1,0.00500032,0.01275,55.522268583008554,8847dc49ea6283a009d796e5a72dbbcb49f0b139c30b6cba0dc9649391c35b5b,bb4ee446fd1be18d1487ef99d8b3939f0592b5067d69c1c6068f7d53da237280
seed_976304_C2_PREWRITE_CONTROL_task_086,976304,C2_PREWRITE_CONTROL,86,dialog_trajectories/seed_976304/C2_PREWRITE_CONTROL/task_086.json,mechanism_traces/seed_976304/C2_PREWRITE_CONTROL/task_086.json,1,1,0.01059552,0.01253,63.305104749975726,7664d80d758b117757169226e869fdbec75b769023934371475bcb489b39898e,432699daec3efcc5beaf52686d3ff4d231d7ec051139b8c5a626c77eebc68d28
seed_976304_C2_PREWRITE_CONTROL_task_087,976304,C2_PREWRITE_CONTROL,87,dialog_trajectories/seed_976304/C2_PREWRITE_CONTROL/task_087.json,mechanism_traces/seed_976304/C2_PREWRITE_CONTROL/task_087.json,1,1,0.005416480000000001,0.008502,30.29892749999999,91bd433d6f8dae14e9349883667313052f9674aea571b38cb864244159d90516,0cd1f9b106ebe04e6aed09d5bb99b23748082e3f398dfcc93d46e65c799528e6
seed_976304_C2_PREWRITE_CONTROL_task_090,976304,C2_PREWRITE_CONTROL,90,dialog_trajectories/seed_976304/C2_PREWRITE_CONTROL/task_090.json,mechanism_traces/seed_976304/C2_PREWRITE_CONTROL/task_090.json,1,1,0.00670138,0.018789999999999998,69.67826562499977,f5d7ed4d506dbb3a15f423e56856e2c7c8b65751259b6159e5c5d79ca8274a15,911ec3f75ac6ced756f64e399c8d7bc2168fae2922973792fe3c9b174940e791
seed_976304_C2_PREWRITE_CONTROL_task_091,976304,C2_PREWRITE_CONTROL,91,dialog_trajectories/seed_976304/C2_PREWRITE_CONTROL/task_091.json,mechanism_traces/seed_976304/C2_PREWRITE_CONTROL/task_091.json,1,1,0.01078302,0.017432,74.87766254099552,0a5917175c912aaaf7be70cc683965cbcf13b82a95a039726a3a48727d54a8be,46f5742413d36e51d901e78be3137cd7fbcbbc3f7565b81c5dee64fca3f0b10d
seed_976304_C2_PREWRITE_CONTROL_task_094,976304,C2_PREWRITE_CONTROL,94,dialog_trajectories/seed_976304/C2_PREWRITE_CONTROL/task_094.json,mechanism_traces/seed_976304/C2_PREWRITE_CONTROL/task_094.json,1,1,0.00634557,0.007876,59.224469665961806,eb9343f5ede9a966a3443c06cb23c1a89e47909b2141e4b1814d7da566c8c031,634ea74cfa2c36a16a15225963bcd2f558b9e19315cf3bd771d1185b98c4632e
seed_976304_C2_PREWRITE_CONTROL_task_095,976304,C2_PREWRITE_CONTROL,95,dialog_trajectories/seed_976304/C2_PREWRITE_CONTROL/task_095.json,mechanism_traces/seed_976304/C2_PREWRITE_CONTROL/task_095.json,0,0,0.00287002,0.012798,28.58698012502282,27eed6bb360c6500d939bf1e71156035397f7127dab103f7dedfa716bb6a400c,ac4d530bd428065f3ff4b3a20f1f8438a79f8eb910507afaeb4c6be54da273de
seed_976304_C2_PREWRITE_CONTROL_task_097,976304,C2_PREWRITE_CONTROL,97,dialog_trajectories/seed_976304/C2_PREWRITE_CONTROL/task_097.json,mechanism_traces/seed_976304/C2_PREWRITE_CONTROL/task_097.json,1,1,0.007625369999999999,0.010234,42.84255604201462,2c28793787757a5841587d5c054016a4c36dca7b013a60a325d4a9ad7aad3c7c,8650df5664314c13c72e1247e530f704481556413f204d24bbe1b116151379c6
seed_976304_C2_PREWRITE_CONTROL_task_099,976304,C2_PREWRITE_CONTROL,99,dialog_trajectories/seed_976304/C2_PREWRITE_CONTROL/task_099.json,mechanism_traces/seed_976304/C2_PREWRITE_CONTROL/task_099.json,0,0,0.0029764400000000003,0.009583999999999999,25.845529542013537,5ad990f631db333e1b40d58bd092832c24cce36e243de3640e8a1746256f821e,cd68541cdcc95030e03ffe0225835ce7a589e2cc63591bce0e2f037670010163
seed_976304_C2_PREWRITE_CONTROL_task_100,976304,C2_PREWRITE_CONTROL,100,dialog_trajectories/seed_976304/C2_PREWRITE_CONTROL/task_100.json,mechanism_traces/seed_976304/C2_PREWRITE_CONTROL/task_100.json,0,0,0.00584145,0.013131999999999998,42.34273920895066,e2621cb1561e2d278e9202f5bd6d3e6962de18f94dcf7893891ca5cf1e96e5af,2eaef841ef352f1ecd5ab264c2e9a5fc3cf897d795f832dd5e9ba9575a306f60
seed_976304_C2_PREWRITE_CONTROL_task_101,976304,C2_PREWRITE_CONTROL,101,dialog_trajectories/seed_976304/C2_PREWRITE_CONTROL/task_101.json,mechanism_traces/seed_976304/C2_PREWRITE_CONTROL/task_101.json,1,1,0.01112443,0.013574,79.17290700000012,a828fe614c0e67a70e4dcdb0b7f9b7bb32c34fbd67a5fb3d79dfab237f944a50,def000dea8bf7cc59051af614fcc3f405692ecfb650a2d585f045572fe5c65ff
seed_976304_C2_PREWRITE_CONTROL_task_102,976304,C2_PREWRITE_CONTROL,102,dialog_trajectories/seed_976304/C2_PREWRITE_CONTROL/task_102.json,mechanism_traces/seed_976304/C2_PREWRITE_CONTROL/task_102.json,0,0,0.009769900000000001,0.014646000000000001,110.0472752089845,cbd4294196f197d670228ec3d68ac9c990de29636ce30fb222a08e04d082785b,fa7f4c4c6e2ef228e8bcfd3f3f490cae8729d522b7dea4ef3fcf2bf3a77a4c2d
seed_976304_C2_PREWRITE_CONTROL_task_105,976304,C2_PREWRITE_CONTROL,105,dialog_trajectories/seed_976304/C2_PREWRITE_CONTROL/task_105.json,mechanism_traces/seed_976304/C2_PREWRITE_CONTROL/task_105.json,0,0,0.006262869999999999,0.013302000000000001,45.96394958300516,e7e36ce9b514ba6ac719d3937eb4a0ab22426b2db0ab47c72ace2a70db85f312,e8e8900bcd7128810ea353f7097aeb78cb6d2cf889f7d141ee1c5ec0e22093c8
seed_976304_C2_PREWRITE_CONTROL_task_108,976304,C2_PREWRITE_CONTROL,108,dialog_trajectories/seed_976304/C2_PREWRITE_CONTROL/task_108.json,mechanism_traces/seed_976304/C2_PREWRITE_CONTROL/task_108.json,1,1,0.006584670000000001,0.013340000000000001,40.45280316701974,b36de560ee3f0584ac02ccd4a6bd3b04dfeb4f1229ecf534a968688720fb3581,75e935a83ced11143a2a9a6ff4b56fa22c9664a21f1afc52b8d7c5cfb4887461
seed_976304_C2_PREWRITE_CONTROL_task_111,976304,C2_PREWRITE_CONTROL,111,dialog_trajectories/seed_976304/C2_PREWRITE_CONTROL/task_111.json,mechanism_traces/seed_976304/C2_PREWRITE_CONTROL/task_111.json,1,1,0.011737850000000001,0.016342,67.67293366699596,3870915af8862237932dbef1fdbbc9f9cf29307aacd9aa07418147725e8e1a5f,47c7c3708ae2d42c65b8cf5de7bd2b7da5b6c79bad533331e7fa4549f29a9f25
seed_976304_C2_PREWRITE_CONTROL_task_113,976304,C2_PREWRITE_CONTROL,113,dialog_trajectories/seed_976304/C2_PREWRITE_CONTROL/task_113.json,mechanism_traces/seed_976304/C2_PREWRITE_CONTROL/task_113.json,1,1,0.00482239,0.010624,34.968709749984555,b9b7cf97a5083aa6cfcce54b4cede20a1c7ed9e8072d27ede6e8db68a94398a1,d4551ebf7608a2d578727dde29bf559e42867cccb496e7b4ffee17bf240e96ee
seed_976304_C3_COMBINED_INTERVENTION_task_000,976304,C3_COMBINED_INTERVENTION,0,dialog_trajectories/seed_976304/C3_COMBINED_INTERVENTION/task_000.json,mechanism_traces/seed_976304/C3_COMBINED_INTERVENTION/task_000.json,1,1,0.00995905,0.008618,74.09583037500852,5ce56a7711ed9b8d3fa24d4b0a23c677c6aaeef9daff48d977b4fe8bed5ae151,0e8da4356dd2be1c94780fa7c8c6c8f38855f37e8985dad578847c5501a62b85
seed_976304_C3_COMBINED_INTERVENTION_task_001,976304,C3_COMBINED_INTERVENTION,1,dialog_trajectories/seed_976304/C3_COMBINED_INTERVENTION/task_001.json,mechanism_traces/seed_976304/C3_COMBINED_INTERVENTION/task_001.json,1,1,0.009950590000000002,0.012291999999999999,77.0366445419495,35bf82856d50e1dbc1293bcc4c7bbb3ea8dd6b78c75d1ab0a2dedee3fa7ab76f,b1f596671872cbfba61bf9db268630d49802c0753bd8840ea82356305c6a6c70
seed_976304_C3_COMBINED_INTERVENTION_task_002,976304,C3_COMBINED_INTERVENTION,2,dialog_trajectories/seed_976304/C3_COMBINED_INTERVENTION/task_002.json,mechanism_traces/seed_976304/C3_COMBINED_INTERVENTION/task_002.json,1,1,0.01095931,0.013151999999999999,68.19811179098906,ef349aef8067536efcaa6b4a89f7a29aa0fba537f6bf3822b7fae36cde6fd2f3,24b7cd7ccd56cad18c8b251a73bd92777876c4eb72c25915f327286ffe9c990d
seed_976304_C3_COMBINED_INTERVENTION_task_003,976304,C3_COMBINED_INTERVENTION,3,dialog_trajectories/seed_976304/C3_COMBINED_INTERVENTION/task_003.json,mechanism_traces/seed_976304/C3_COMBINED_INTERVENTION/task_003.json,1,1,0.01024254,0.009174,56.77758399996674,2ec0a2d7d4419be02d5d41410fc584af9ca357fe80d63fcdfe47ce18aa2a6b86,b29dbde6a164f08e61d7e83aaaa127fa27355197836a44153c6e9f1b445eccf3
seed_976304_C3_COMBINED_INTERVENTION_task_004,976304,C3_COMBINED_INTERVENTION,4,dialog_trajectories/seed_976304/C3_COMBINED_INTERVENTION/task_004.json,mechanism_traces/seed_976304/C3_COMBINED_INTERVENTION/task_004.json,1,1,0.01264593,0.012084,64.68568341596983,9d45e68b0d115b1000aa9197c2c756d18e9f1ffeb3886eca9be24931afdf8c55,f5b0a222959049564f659b6e8413b60c4bb0bcbf05c8984a0fc170d85a140602
seed_976304_C3_COMBINED_INTERVENTION_task_005,976304,C3_COMBINED_INTERVENTION,5,dialog_trajectories/seed_976304/C3_COMBINED_INTERVENTION/task_005.json,mechanism_traces/seed_976304/C3_COMBINED_INTERVENTION/task_005.json,1,1,0.01233739,0.024095999999999996,71.48748474998865,8305dea9709d6c6eef9f8d62547b7abaa494a17c2197d0557aa13968d61b1ae8,f9c8a4f7227682e7f5c07d132fb6cf575a88ced42740e9bf33b13cca8a74c86d
seed_976304_C3_COMBINED_INTERVENTION_task_006,976304,C3_COMBINED_INTERVENTION,6,dialog_trajectories/seed_976304/C3_COMBINED_INTERVENTION/task_006.json,mechanism_traces/seed_976304/C3_COMBINED_INTERVENTION/task_006.json,0,0,0.011717990000000001,0.010268,65.64029212499736,41cefb4ae4345a8fa6e7384b1c8ad9f9dad9ade797e8eb0ebc7ff9bb465f66c7,45dea26fbe5c476b6a8fc387c897f8c34cce6457b5e5d3caddfc1e0365314e2c
seed_976304_C3_COMBINED_INTERVENTION_task_007,976304,C3_COMBINED_INTERVENTION,7,dialog_trajectories/seed_976304/C3_COMBINED_INTERVENTION/task_007.json,mechanism_traces/seed_976304/C3_COMBINED_INTERVENTION/task_007.json,1,1,0.010127839999999999,0.012714,56.40144462502212,90a9b8f7d5145dd25333d8a732294728d1aea7b726d1a88ad49c1b824d87b21a,2ba47442afad882818dd89cfe859a585396370a97d430020eca57f043e32b9dc
seed_976304_C3_COMBINED_INTERVENTION_task_008,976304,C3_COMBINED_INTERVENTION,8,dialog_trajectories/seed_976304/C3_COMBINED_INTERVENTION/task_008.json,mechanism_traces/seed_976304/C3_COMBINED_INTERVENTION/task_008.json,1,1,0.01198189,0.019559999999999998,89.01629320799839,6907875f387b6637fd5320a553737bb6bd6af0db2708ca7c1dc008166134eb09,c497bc58504750c5c8fe2d4c652aed318e5bd3b5c196a90931235c152bd513b8
seed_976304_C3_COMBINED_INTERVENTION_task_009,976304,C3_COMBINED_INTERVENTION,9,dialog_trajectories/seed_976304/C3_COMBINED_INTERVENTION/task_009.json,mechanism_traces/seed_976304/C3_COMBINED_INTERVENTION/task_009.json,1,1,0.01127661,0.018272,89.55134083301527,7a0cea776f2d38a91395fc4a5ffb9c489297fed727a6a899064d11953bfe96b5,554d7fa247ebb8086a52d71e2fc4d12ff62a73c1986c39a31f20acaf2e023269
seed_976304_C3_COMBINED_INTERVENTION_task_010,976304,C3_COMBINED_INTERVENTION,10,dialog_trajectories/seed_976304/C3_COMBINED_INTERVENTION/task_010.json,mechanism_traces/seed_976304/C3_COMBINED_INTERVENTION/task_010.json,1,1,0.005113660000000001,0.007422,35.43385862497962,6cb16ab410ad6c01a7cd1c6001c1fa1b89752f77ebe46e977369d038ca72e9e0,63cd7aad74e6da288a8706c4837ceb4045b697ce802c9e4c797b4cacae16f6f5
seed_976304_C3_COMBINED_INTERVENTION_task_011,976304,C3_COMBINED_INTERVENTION,11,dialog_trajectories/seed_976304/C3_COMBINED_INTERVENTION/task_011.json,mechanism_traces/seed_976304/C3_COMBINED_INTERVENTION/task_011.json,0,0,0.00905284,0.015934,92.81312908299151,de7220c85373bf0c3ef259ab8aab80ea655049f7709a576c58e96548697d36ac,bd49e91981c82a376881a05da5dde10054558e157870a75793daa3843ed1fc6a
seed_976304_C3_COMBINED_INTERVENTION_task_012,976304,C3_COMBINED_INTERVENTION,12,dialog_trajectories/seed_976304/C3_COMBINED_INTERVENTION/task_012.json,mechanism_traces/seed_976304/C3_COMBINED_INTERVENTION/task_012.json,1,1,0.00728704,0.01118,68.38624237501062,70f6ae462f0bc1574d0c4d7b77961e4dd88fbb3eff8176684a853de9fed32683,ebf70b0cd4750b0408682e0fa5907dea87c7d0c3fe3fd525607c30fd646587af
seed_976304_C3_COMBINED_INTERVENTION_task_013,976304,C3_COMBINED_INTERVENTION,13,dialog_trajectories/seed_976304/C3_COMBINED_INTERVENTION/task_013.json,mechanism_traces/seed_976304/C3_COMBINED_INTERVENTION/task_013.json,1,1,0.00954057,0.012095999999999999,73.31350737501634,3b3bc95f496bfd2f5e64d82b3b76b7e7dfac3646024a983f8a1d16e13860c8b2,17958eed14922d17c8f5b6625619398839cb45c3fe1649aa2948ae405357d8ff
seed_976304_C3_COMBINED_INTERVENTION_task_014,976304,C3_COMBINED_INTERVENTION,14,dialog_trajectories/seed_976304/C3_COMBINED_INTERVENTION/task_014.json,mechanism_traces/seed_976304/C3_COMBINED_INTERVENTION/task_014.json,1,1,0.006974820000000001,0.009172,40.28706012503244,2da10348dd394d9cbb2f3e25957253701af4fcab1793bd891343b4087e0f7685,8b3daa4dd02cd608ff153fc0e0b6ee95308251144d19e3e78be9e20a877742e4
seed_976304_C3_COMBINED_INTERVENTION_task_015,976304,C3_COMBINED_INTERVENTION,15,dialog_trajectories/seed_976304/C3_COMBINED_INTERVENTION/task_015.json,mechanism_traces/seed_976304/C3_COMBINED_INTERVENTION/task_015.json,1,1,0.011091520000000002,0.011198000000000001,67.29846412502229,988b7d8895a316e6f0c191a49ce5ffedde61f74201a97ea8fb7f0894d0402b57,44611ac82706ebeb290b129e18fc9f661030aee834934a22dae6532211d8c8be
seed_976304_C3_COMBINED_INTERVENTION_task_016,976304,C3_COMBINED_INTERVENTION,16,dialog_trajectories/seed_976304/C3_COMBINED_INTERVENTION/task_016.json,mechanism_traces/seed_976304/C3_COMBINED_INTERVENTION/task_016.json,1,1,0.00843637,0.00813,36.30497575001209,fc73344fc55249c7c532d2c10e5cd0e1e66f49e6008735dceddbbe2ba2b5b8ae,5ba546f476d87c571f0954c72f074709e180b85fe0fa1aedfa7de8499a43ed37
seed_976304_C3_COMBINED_INTERVENTION_task_017,976304,C3_COMBINED_INTERVENTION,17,dialog_trajectories/seed_976304/C3_COMBINED_INTERVENTION/task_017.json,mechanism_traces/seed_976304/C3_COMBINED_INTERVENTION/task_017.json,1,1,0.00390411,0.006764,36.568162916984875,74a51fa00a239a044e96b341ac8654eeb28db98467c21c59f794efbc27c8949f,c756d22c0eeed8177060a01b155166198a068f47e1c2cf5a3be0c8ab70ddb989
seed_976304_C3_COMBINED_INTERVENTION_task_018,976304,C3_COMBINED_INTERVENTION,18,dialog_trajectories/seed_976304/C3_COMBINED_INTERVENTION/task_018.json,mechanism_traces/seed_976304/C3_COMBINED_INTERVENTION/task_018.json,1,1,0.01107978,0.015228,78.1249683329952,9ab24a1d6003465fbe6bfcac60ad3c2477a4e5863c7d740b2fa49edcefcd603b,bf80671dd193072a9911baad5afac9a24cd24e22783e1bfc742cd8df627e8f24
seed_976304_C3_COMBINED_INTERVENTION_task_019,976304,C3_COMBINED_INTERVENTION,19,dialog_trajectories/seed_976304/C3_COMBINED_INTERVENTION/task_019.json,mechanism_traces/seed_976304/C3_COMBINED_INTERVENTION/task_019.json,1,1,0.01179544,0.008997999999999999,78.2241312090191,c805e354bd4d546b0475d97f0559699f15baa05e8dc3f0a808d9797a0b0b0c81,77e114c4e37333a5c9c1b500c7e83143296f18a242471c845dfd21db7fc34065
seed_976304_C3_COMBINED_INTERVENTION_task_020,976304,C3_COMBINED_INTERVENTION,20,dialog_trajectories/seed_976304/C3_COMBINED_INTERVENTION/task_020.json,mechanism_traces/seed_976304/C3_COMBINED_INTERVENTION/task_020.json,0,0,0.008094520000000001,0.018908,68.57306733296718,ca7799dcf33d4998cbafd7294bb8e95ccf12b0004f6386d8cb14c6e8b18e22b5,2655e5d67877e2d1d88e8da1c1c1d9edb22f966644531544737fbc6687ac4682
seed_976304_C3_COMBINED_INTERVENTION_task_021,976304,C3_COMBINED_INTERVENTION,21,dialog_trajectories/seed_976304/C3_COMBINED_INTERVENTION/task_021.json,mechanism_traces/seed_976304/C3_COMBINED_INTERVENTION/task_021.json,1,1,0.013521890000000002,0.013415999999999999,67.51595416700002,7efafe5b1b3bc390d9f1676a9ca3c2dd8713c1825f4e29716c4e61f00d7a7a1b,681c23c365f9c987a358f917a4a6f429746f85e669e97b658e31bca890cb0058
seed_976304_C3_COMBINED_INTERVENTION_task_022,976304,C3_COMBINED_INTERVENTION,22,dialog_trajectories/seed_976304/C3_COMBINED_INTERVENTION/task_022.json,mechanism_traces/seed_976304/C3_COMBINED_INTERVENTION/task_022.json,1,1,0.0121961,0.012875999999999997,61.06972058399697,d0025e95f9524006a2fc82ba1333e0e41fb6a8cec06a4dad3ea2940fd9674ef9,97f7a7f840d592a7034196c92cc00309778eb06e875f207c85032f654814952a
seed_976304_C3_COMBINED_INTERVENTION_task_023,976304,C3_COMBINED_INTERVENTION,23,dialog_trajectories/seed_976304/C3_COMBINED_INTERVENTION/task_023.json,mechanism_traces/seed_976304/C3_COMBINED_INTERVENTION/task_023.json,1,1,0.01533775,0.011644,66.10409775003791,c97573c6f542c572482446bb1c588f6a5db5b9020ea407572e06ab545019a8e9,9190b2fd3ca0ec5ae8f35db5f739b881baa474cbebbf8f8f324d62c2424f5f1b
seed_976304_C3_COMBINED_INTERVENTION_task_024,976304,C3_COMBINED_INTERVENTION,24,dialog_trajectories/seed_976304/C3_COMBINED_INTERVENTION/task_024.json,mechanism_traces/seed_976304/C3_COMBINED_INTERVENTION/task_024.json,1,1,0.00342271,0.010419999999999999,29.570569457951933,df21c3b63ca0aab27339a12bf67f8374028b649a9c89d57a3b0600e89169f880,7c644fed03fb0d93e68a5327898c43b9e555d6f2f713adb1959e615561e2dfb2
seed_976304_C3_COMBINED_INTERVENTION_task_025,976304,C3_COMBINED_INTERVENTION,25,dialog_trajectories/seed_976304/C3_COMBINED_INTERVENTION/task_025.json,mechanism_traces/seed_976304/C3_COMBINED_INTERVENTION/task_025.json,1,1,0.00782448,0.009422,64.0183026670129,5ec56dea6b9f7729701fc826d424408969d4eb234b22b91693b0b816587d6226,30163b1f00a3cf54b482b7513a854f3f46893ae68cba8fbc62a0d731743f98f6
seed_976304_C3_COMBINED_INTERVENTION_task_026,976304,C3_COMBINED_INTERVENTION,26,dialog_trajectories/seed_976304/C3_COMBINED_INTERVENTION/task_026.json,mechanism_traces/seed_976304/C3_COMBINED_INTERVENTION/task_026.json,1,1,0.00681425,0.009464,36.501178417005576,243d70dbcfd9dd66fe1034df7d92dc97d6b0daa5b907fe9e5846472bd8c0661f,1525d86743a94d16eb7d33165188ddc41473abc3dd43cac09996131b028a8cba
seed_976304_C3_COMBINED_INTERVENTION_task_027,976304,C3_COMBINED_INTERVENTION,27,dialog_trajectories/seed_976304/C3_COMBINED_INTERVENTION/task_027.json,mechanism_traces/seed_976304/C3_COMBINED_INTERVENTION/task_027.json,0,0,0.013060479999999998,0.0068839999999999995,58.41856249998091,de04381775195ea22fec09a7d9cedfff7a7a57e9bd11f484d7248ec02a559e6a,8b59fd6ce3b7ec9798caff4ce4d303a0a08cb1f98ec074fceb3727a15675a9fc
seed_976304_C3_COMBINED_INTERVENTION_task_028,976304,C3_COMBINED_INTERVENTION,28,dialog_trajectories/seed_976304/C3_COMBINED_INTERVENTION/task_028.json,mechanism_traces/seed_976304/C3_COMBINED_INTERVENTION/task_028.json,1,1,0.0105307,0.015969999999999998,56.42388620899874,d5afe8524f5f898bdc17f50b663d5daa7fc2e803d035bfccf71ed51ecad68ae0,cec90296e4a37165d44954383c0c6725d521209ce90822c4b1da1ea035a99bc2
seed_976304_C3_COMBINED_INTERVENTION_task_029,976304,C3_COMBINED_INTERVENTION,29,dialog_trajectories/seed_976304/C3_COMBINED_INTERVENTION/task_029.json,mechanism_traces/seed_976304/C3_COMBINED_INTERVENTION/task_029.json,1,1,0.0134839,0.010110000000000001,60.34908533398993,3f224a5510372745e096a150b841cc483293a359ddd9bb96564965105269aac0,639ed41e5427c44c5975cf79bd56b5a05b1f930a319dfc935eb25046d5113103
seed_976304_C3_COMBINED_INTERVENTION_task_030,976304,C3_COMBINED_INTERVENTION,30,dialog_trajectories/seed_976304/C3_COMBINED_INTERVENTION/task_030.json,mechanism_traces/seed_976304/C3_COMBINED_INTERVENTION/task_030.json,1,1,0.01658261,0.020427999999999998,93.63230599998496,ccb5e0fe17f37c971bae9d1f9ecfac736fe8305a5bd8bbb77039074f9f007757,910bebca51f60da9e5cea4cacad6c7d5971ed161941e374de11a56814b0683df
seed_976304_C3_COMBINED_INTERVENTION_task_031,976304,C3_COMBINED_INTERVENTION,31,dialog_trajectories/seed_976304/C3_COMBINED_INTERVENTION/task_031.json,mechanism_traces/seed_976304/C3_COMBINED_INTERVENTION/task_031.json,0,0,0.004045829999999999,0.009799999999999998,33.55849062500056,55d98a010576663b2e752f6ca7f33c70503ebbe12728ea8119e065c0ea2ff6e9,91fd5cf9b63f4b74deb2c68ca77dd228cbdda251b5c8d7b278c2a6a3b854fbbc
seed_976304_C3_COMBINED_INTERVENTION_task_032,976304,C3_COMBINED_INTERVENTION,32,dialog_trajectories/seed_976304/C3_COMBINED_INTERVENTION/task_032.json,mechanism_traces/seed_976304/C3_COMBINED_INTERVENTION/task_032.json,1,1,0.012262629999999998,0.021297999999999997,80.33284183300566,3b9504bbdbad0a3e46477505623390e7f98ec01a7d2224d3e60ef4a7ef504ad1,745580a2e0ecf961516c553df8bd811bdaa89307e55a6212b53c5f6b53d406b7
seed_976304_C3_COMBINED_INTERVENTION_task_033,976304,C3_COMBINED_INTERVENTION,33,dialog_trajectories/seed_976304/C3_COMBINED_INTERVENTION/task_033.json,mechanism_traces/seed_976304/C3_COMBINED_INTERVENTION/task_033.json,0,0,0.006584840000000001,0.010666,45.83802187500987,c1f0affeaed20bae6ab16a9977ceeb3d8a102dae7f8f14572be9c5b59a1a7688,150840c6117d8bce10460adb6b65d1a4b1f65ab29df19e92ea55c8f1d453720b
seed_976304_C3_COMBINED_INTERVENTION_task_034,976304,C3_COMBINED_INTERVENTION,34,dialog_trajectories/seed_976304/C3_COMBINED_INTERVENTION/task_034.json,mechanism_traces/seed_976304/C3_COMBINED_INTERVENTION/task_034.json,0,0,0.00889358,0.015571999999999997,185.71021079199272,6f98aa246f205a9c9599bacd6d7579e4c689c6eb0d354defe8fe0154bc70c4af,0dfa0a643b19490667895349481cc7618509f9b761ee8ecfa6b96278c943ae91
seed_976304_C3_COMBINED_INTERVENTION_task_035,976304,C3_COMBINED_INTERVENTION,35,dialog_trajectories/seed_976304/C3_COMBINED_INTERVENTION/task_035.json,mechanism_traces/seed_976304/C3_COMBINED_INTERVENTION/task_035.json,1,1,0.016343470000000002,0.013206,132.23495066701435,d0f2455df825d34ad588851ed8dba1e04e2fafc68036981b12cdd92e68f5dd2f,c6f56ac36520ba75a26bad440c5fed5226f6f179ead0bca6f3dc057d27f78eba
seed_976304_C3_COMBINED_INTERVENTION_task_036,976304,C3_COMBINED_INTERVENTION,36,dialog_trajectories/seed_976304/C3_COMBINED_INTERVENTION/task_036.json,mechanism_traces/seed_976304/C3_COMBINED_INTERVENTION/task_036.json,0,0,0.01491716,0.010768000000000002,74.29005108299316,a2ed3468c98eee376f525bc1fa339fa60b787049bfb39d02e6aa063d22e485f9,4c875dee37568bb0281f11c804a81da962c0915273b686417dcbe1c85cb870a0
seed_976304_C3_COMBINED_INTERVENTION_task_038,976304,C3_COMBINED_INTERVENTION,38,dialog_trajectories/seed_976304/C3_COMBINED_INTERVENTION/task_038.json,mechanism_traces/seed_976304/C3_COMBINED_INTERVENTION/task_038.json,0,0,0.01257447,0.014773999999999999,119.16025337501196,6436c1d54ffded5eaf27d3e2f4285cafe31bce12b7779a73a8d10d9e457419e9,066ab5177b2f54bc382fc084203cb20c6cd11e52f8bc3949cc96daf076cbd6a8
seed_976304_C3_COMBINED_INTERVENTION_task_039,976304,C3_COMBINED_INTERVENTION,39,dialog_trajectories/seed_976304/C3_COMBINED_INTERVENTION/task_039.json,mechanism_traces/seed_976304/C3_COMBINED_INTERVENTION/task_039.json,0,0,0.008814830000000001,0.018151999999999998,79.30468845803989,ed8ce3ac4903df4c5a75c247461040fbd32a36dd20127c5e765dcaf6ce07dbbf,e1b87f2d5632eae0e13ea1b29d1360a78fe7192c2a598de61256f59c72572ce4
seed_976304_C3_COMBINED_INTERVENTION_task_040,976304,C3_COMBINED_INTERVENTION,40,dialog_trajectories/seed_976304/C3_COMBINED_INTERVENTION/task_040.json,mechanism_traces/seed_976304/C3_COMBINED_INTERVENTION/task_040.json,1,1,0.0050981,0.008964,32.81571804196574,a212b093cc25f468b0edc9ed764980e52740067c447a01ad82bbb8fc5f161c6f,cc0982b0f3d89d119ce59e1a9c3d29fe927e865a3145e8fcda700d8971944bb4
seed_976304_C3_COMBINED_INTERVENTION_task_042,976304,C3_COMBINED_INTERVENTION,42,dialog_trajectories/seed_976304/C3_COMBINED_INTERVENTION/task_042.json,mechanism_traces/seed_976304/C3_COMBINED_INTERVENTION/task_042.json,0,0,0.01375669,0.020134,84.9481754169974,acafb26e2c9b5420c508c8b71e48c94e821693a690d097dfebafe1fa2f6b35f4,2193136f8ac03ea5e64a24836e92e3be73d9efc6a3be394913c1adb9bf09ba76
seed_976304_C3_COMBINED_INTERVENTION_task_043,976304,C3_COMBINED_INTERVENTION,43,dialog_trajectories/seed_976304/C3_COMBINED_INTERVENTION/task_043.json,mechanism_traces/seed_976304/C3_COMBINED_INTERVENTION/task_043.json,0,0,0.00625393,0.015208,59.48115745803807,c9c2cb52060ab75547bdccbe2814bec24ddd1477d09819e412e3ec43a3700561,aebabbdb3979f34baa8868e95250c41be794d688fd8f31935d9ea79552466360
seed_976304_C3_COMBINED_INTERVENTION_task_045,976304,C3_COMBINED_INTERVENTION,45,dialog_trajectories/seed_976304/C3_COMBINED_INTERVENTION/task_045.json,mechanism_traces/seed_976304/C3_COMBINED_INTERVENTION/task_045.json,1,1,0.007714939999999999,0.013744,113.4223180830013,0e3067ce609c6185f22e6cd784fdbd9112501dccb38aa2ea1f22472f9a1c095e,15831a71011572388e2b542439ab2aa695da5271a740a27ecbd3100a7168e459
seed_976304_C3_COMBINED_INTERVENTION_task_049,976304,C3_COMBINED_INTERVENTION,49,dialog_trajectories/seed_976304/C3_COMBINED_INTERVENTION/task_049.json,mechanism_traces/seed_976304/C3_COMBINED_INTERVENTION/task_049.json,1,1,0.010429739999999998,0.014504,102.752094416006,1875adedf3921b6c40dd7c956d102061fa2125d96e052f198f3271aa04453c84,949dc3d7e36ce05736aab391774e923513d0885c60918e24262e83fbb77c903e
seed_976304_C3_COMBINED_INTERVENTION_task_050,976304,C3_COMBINED_INTERVENTION,50,dialog_trajectories/seed_976304/C3_COMBINED_INTERVENTION/task_050.json,mechanism_traces/seed_976304/C3_COMBINED_INTERVENTION/task_050.json,1,1,0.00347813,0.006567999999999999,32.38105195801472,d6d9a83adf32ecff21260b14e92276745d1449d3bd289d422b20e8d80ecbca32,be121ff57dccea08cb8f4f3e913387770c97bf2cd7025f7ec0c1deb1187866a8
seed_976304_C3_COMBINED_INTERVENTION_task_051,976304,C3_COMBINED_INTERVENTION,51,dialog_trajectories/seed_976304/C3_COMBINED_INTERVENTION/task_051.json,mechanism_traces/seed_976304/C3_COMBINED_INTERVENTION/task_051.json,1,1,0.006604420000000001,0.010705999999999999,40.724063041998306,bfa0ba9ddc07834d2d9b33fb4a306317296f2006a35fd4392d7f6002cf7306a0,f406f205506b76ece92d620491de114c47fc86fb45c63e1f0730c3dfa49e1442
seed_976304_C3_COMBINED_INTERVENTION_task_053,976304,C3_COMBINED_INTERVENTION,53,dialog_trajectories/seed_976304/C3_COMBINED_INTERVENTION/task_053.json,mechanism_traces/seed_976304/C3_COMBINED_INTERVENTION/task_053.json,1,1,0.01036889,0.0172,62.32797212500009,b5801657e31b3adb0a1521626147a959d206b04cbde2a751986dced99d89f25a,6e2e9a239ade83f5e586509ae5702318ecfa85fdd480b13da57bb7d3a0652586
seed_976304_C3_COMBINED_INTERVENTION_task_054,976304,C3_COMBINED_INTERVENTION,54,dialog_trajectories/seed_976304/C3_COMBINED_INTERVENTION/task_054.json,mechanism_traces/seed_976304/C3_COMBINED_INTERVENTION/task_054.json,1,1,0.01521317,0.011171999999999998,59.44633845900535,fa410ed460c1db9c2992ab2fb91354f57743ffc410f6bf1dd9fbd193da312a27,aba55508510c4dc9e9c12569a8a7df798b923c8b7d236c6cf616fce74b9d791d
seed_976304_C3_COMBINED_INTERVENTION_task_055,976304,C3_COMBINED_INTERVENTION,55,dialog_trajectories/seed_976304/C3_COMBINED_INTERVENTION/task_055.json,mechanism_traces/seed_976304/C3_COMBINED_INTERVENTION/task_055.json,1,1,0.014271889999999999,0.017807999999999997,74.08090662502218,281207ecc83f33d50bd3e00e7cc87dda01e1335370ecf596d87b058e3fb3b8e1,4f5936410711db0bad75f9444410a0c2baae60325702ecefec3efb93d225896a
seed_976304_C3_COMBINED_INTERVENTION_task_056,976304,C3_COMBINED_INTERVENTION,56,dialog_trajectories/seed_976304/C3_COMBINED_INTERVENTION/task_056.json,mechanism_traces/seed_976304/C3_COMBINED_INTERVENTION/task_056.json,0,0,0.00408409,0.005428,22.285227749991463,fd7245ba20d777df7f966cdeb25581d69d25a47c17860d43573993cc6e209eab,4dc82f967ad1263f288b318388e7f70426cea9e7f11a47b3104aa7e13d7160b2
seed_976304_C3_COMBINED_INTERVENTION_task_059,976304,C3_COMBINED_INTERVENTION,59,dialog_trajectories/seed_976304/C3_COMBINED_INTERVENTION/task_059.json,mechanism_traces/seed_976304/C3_COMBINED_INTERVENTION/task_059.json,1,1,0.00876432,0.011099999999999999,55.079832666000584,a55fa19f7b5e103b6d58d94d1ee1317a0ae094b8f073dcee169b503575990f51,962b77601812b7b9bf42b250a10afdaae81c8df385b6d70ae4053ab3f1a00e83
seed_976304_C3_COMBINED_INTERVENTION_task_060,976304,C3_COMBINED_INTERVENTION,60,dialog_trajectories/seed_976304/C3_COMBINED_INTERVENTION/task_060.json,mechanism_traces/seed_976304/C3_COMBINED_INTERVENTION/task_060.json,1,1,0.00725928,0.005927999999999999,76.78456020896556,24f2fa0a3c54250e3b11e017c0b6342097930be53a6c5ef19d3aca78d4af3fc1,a34826bcbfe91ee22357039fddb1fe72d8e63ec0c723a0f5c1f93b6048d59117
seed_976304_C3_COMBINED_INTERVENTION_task_061,976304,C3_COMBINED_INTERVENTION,61,dialog_trajectories/seed_976304/C3_COMBINED_INTERVENTION/task_061.json,mechanism_traces/seed_976304/C3_COMBINED_INTERVENTION/task_061.json,1,1,0.0058500800000000006,0.007829999999999998,34.660811917012325,eeed3239237ece2b827a71851a7927c33a59ba0463dd5fbc1bc529bb7a1fabb5,4ea6bb4ccebdf257e3950f87d63f14518a6c71b7aaf8bdd34eb12a91d8ee8d6a
seed_976304_C3_COMBINED_INTERVENTION_task_062,976304,C3_COMBINED_INTERVENTION,62,dialog_trajectories/seed_976304/C3_COMBINED_INTERVENTION/task_062.json,mechanism_traces/seed_976304/C3_COMBINED_INTERVENTION/task_062.json,1,1,0.00707142,0.015133999999999998,49.53554437501589,13cfa15f7e98541a08754ddc9bf957df743f1b9ad2676401a79da9cc3d82328a,0f46583fd62a733cc466c90554efdf4e2c70b1ec54a1932ce9755ef3d3701838
seed_976304_C3_COMBINED_INTERVENTION_task_064,976304,C3_COMBINED_INTERVENTION,64,dialog_trajectories/seed_976304/C3_COMBINED_INTERVENTION/task_064.json,mechanism_traces/seed_976304/C3_COMBINED_INTERVENTION/task_064.json,0,0,0.0040304600000000005,0.008910000000000001,35.05645224999171,520a76a6452b5b87fd6acae9b5b7d4c23735413b3c208b14cdb8d768b1f2e14c,3ccf981f5bcdfb493a43a503cba675f3a8f5dd9c62e2d3e4d1577a3ea7bbef14
seed_976304_C3_COMBINED_INTERVENTION_task_065,976304,C3_COMBINED_INTERVENTION,65,dialog_trajectories/seed_976304/C3_COMBINED_INTERVENTION/task_065.json,mechanism_traces/seed_976304/C3_COMBINED_INTERVENTION/task_065.json,1,1,0.0036533700000000004,0.0058,34.65247620898299,bcd3da50f485632a1047d7c899eeed63d67e71d59ee5792be1c5773a7b8a3491,f1a80df6e614ea9d0a76046faf196933b071adfdf0503c51677121d5333249c0
seed_976304_C3_COMBINED_INTERVENTION_task_068,976304,C3_COMBINED_INTERVENTION,68,dialog_trajectories/seed_976304/C3_COMBINED_INTERVENTION/task_068.json,mechanism_traces/seed_976304/C3_COMBINED_INTERVENTION/task_068.json,1,1,0.00217353,0.007166,20.911867125018034,2f2d8a911615bb437bebe8476e5f15420298362b0d5bb6abab8c66d895bd884f,66f0b9fa108e5af94b36dd315d8252f10f6c6337d3394d65fc502e783cd9daf4
seed_976304_C3_COMBINED_INTERVENTION_task_070,976304,C3_COMBINED_INTERVENTION,70,dialog_trajectories/seed_976304/C3_COMBINED_INTERVENTION/task_070.json,mechanism_traces/seed_976304/C3_COMBINED_INTERVENTION/task_070.json,1,1,0.0075698599999999994,0.014875999999999999,44.98782508299337,0bf658b74aa93d522e0ee7a7e84bbf0f756d22fb24f8659e12a785e6fb908a1a,e7224865ce69c634d692712631bfbb0850e3a34cf23dd0a130073285e77859a4
seed_976304_C3_COMBINED_INTERVENTION_task_071,976304,C3_COMBINED_INTERVENTION,71,dialog_trajectories/seed_976304/C3_COMBINED_INTERVENTION/task_071.json,mechanism_traces/seed_976304/C3_COMBINED_INTERVENTION/task_071.json,0,0,0.01325687,0.014107999999999999,84.55850700000883,05654a987c560f41cf15a212ebedf4cc6e8b2e3340c3566635cd56de39bd655e,39bd8eecf7d2631611110cb78a2b8b22c896d9a8a6cbf3f056fbd21a7f5be2db
seed_976304_C3_COMBINED_INTERVENTION_task_073,976304,C3_COMBINED_INTERVENTION,73,dialog_trajectories/seed_976304/C3_COMBINED_INTERVENTION/task_073.json,mechanism_traces/seed_976304/C3_COMBINED_INTERVENTION/task_073.json,1,1,0.0039588,0.005458,24.328180749958847,f9c2a92337cd7c7608df4ae9597cb71d50321ddbc800ed9fad8611984b4bfe05,65af1c222dbc198f1c99711fe73f987c8f4bdfd50bd9b7bb28125898f1cb07bc
seed_976304_C3_COMBINED_INTERVENTION_task_074,976304,C3_COMBINED_INTERVENTION,74,dialog_trajectories/seed_976304/C3_COMBINED_INTERVENTION/task_074.json,mechanism_traces/seed_976304/C3_COMBINED_INTERVENTION/task_074.json,1,1,0.01267296,0.010017999999999999,65.2823375829903,01e08a742fbd3b13a76ae6217b54152f5fefaa3499ef71fcfc10095d0db8d216,aa5fad8ae521cdc49c72012da9ca900952eca9128f16db4de4ba3f8067e9b15c
seed_976304_C3_COMBINED_INTERVENTION_task_075,976304,C3_COMBINED_INTERVENTION,75,dialog_trajectories/seed_976304/C3_COMBINED_INTERVENTION/task_075.json,mechanism_traces/seed_976304/C3_COMBINED_INTERVENTION/task_075.json,1,1,0.00788529,0.009206,61.69249370798934,62fece228a6477c6e5114e76309e84e39d4253e888cf390029740988b98b7581,441f48a7d0b27d9cbcbd86760ca6d6f788dac13363c4bde0a609884f11fffc42
seed_976304_C3_COMBINED_INTERVENTION_task_077,976304,C3_COMBINED_INTERVENTION,77,dialog_trajectories/seed_976304/C3_COMBINED_INTERVENTION/task_077.json,mechanism_traces/seed_976304/C3_COMBINED_INTERVENTION/task_077.json,1,1,0.00523934,0.010638,40.140341833001,955b2cdff8a6b969f2b27aef10d2d7feb21486cece3815d2570cee1283047b8e,36f6f61da29724cbec7101dfb78ff94446647731caaff2aa85b6de1a9a08fcc0
seed_976304_C3_COMBINED_INTERVENTION_task_079,976304,C3_COMBINED_INTERVENTION,79,dialog_trajectories/seed_976304/C3_COMBINED_INTERVENTION/task_079.json,mechanism_traces/seed_976304/C3_COMBINED_INTERVENTION/task_079.json,1,1,0.011980070000000002,0.014871999999999998,69.82213516702177,3f68690f5913f6a55bbeecba89fe4a0a202458f4f9b0b24e609b8cd9f6504ddc,49112a5c4fbacd80fcfbd0900c8179b356b3d54af208a0a31b120009ac01ed68
seed_976304_C3_COMBINED_INTERVENTION_task_080,976304,C3_COMBINED_INTERVENTION,80,dialog_trajectories/seed_976304/C3_COMBINED_INTERVENTION/task_080.json,mechanism_traces/seed_976304/C3_COMBINED_INTERVENTION/task_080.json,1,1,0.009214799999999999,0.0131,102.66486333298963,c1053c8d6ce4d5da4cf39351d6950f7ea8013651143268218e596d0a2427d2a0,7d2f535dd1c686180dc8784b0d68f467888868b1a310ba76beb6e97802ea999c
seed_976304_C3_COMBINED_INTERVENTION_task_086,976304,C3_COMBINED_INTERVENTION,86,dialog_trajectories/seed_976304/C3_COMBINED_INTERVENTION/task_086.json,mechanism_traces/seed_976304/C3_COMBINED_INTERVENTION/task_086.json,1,1,0.00956793,0.009436,56.71845987497363,852eca3186fada35e4f7c76b0e82a82d50babadfba715d9a2184d4573e9f9dd2,f801d6cfabbe81b026659b268e01ed7ba99f482e86f79a1d64697b086038d4bc
seed_976304_C3_COMBINED_INTERVENTION_task_087,976304,C3_COMBINED_INTERVENTION,87,dialog_trajectories/seed_976304/C3_COMBINED_INTERVENTION/task_087.json,mechanism_traces/seed_976304/C3_COMBINED_INTERVENTION/task_087.json,1,1,0.013071909999999999,0.013267999999999999,66.6173029160127,681a08d4cd43332c4c6124142a6f036659fd26e3e8d909b293f84658ceb4b02a,c9eea6d4e1fa4fbc6fa6bc346d8fcfab4de5cd8736dbb9033c7a2335a0f9eb4e
seed_976304_C3_COMBINED_INTERVENTION_task_090,976304,C3_COMBINED_INTERVENTION,90,dialog_trajectories/seed_976304/C3_COMBINED_INTERVENTION/task_090.json,mechanism_traces/seed_976304/C3_COMBINED_INTERVENTION/task_090.json,1,1,0.01212158,0.021128,92.8979412500048,a6c133b8cbcfa47736b8b6530d045b7891656321423363a6f4d7ed2ee330c0d4,d68dce201b2b97763a70d9b6b760a8868023df35165c99a6df0f250d29fadc18
seed_976304_C3_COMBINED_INTERVENTION_task_091,976304,C3_COMBINED_INTERVENTION,91,dialog_trajectories/seed_976304/C3_COMBINED_INTERVENTION/task_091.json,mechanism_traces/seed_976304/C3_COMBINED_INTERVENTION/task_091.json,1,1,0.0119498,0.017113999999999997,58.93816712498665,0caac17778c8a72369f56d9ecc4a30e935e8be0b867022e13ddef5100e61eadc,589af06ccdc80f89903c1aefadbe5814a8c42b72fed93b37f2966f04cc641158
seed_976304_C3_COMBINED_INTERVENTION_task_094,976304,C3_COMBINED_INTERVENTION,94,dialog_trajectories/seed_976304/C3_COMBINED_INTERVENTION/task_094.json,mechanism_traces/seed_976304/C3_COMBINED_INTERVENTION/task_094.json,1,1,0.01362496,0.016398,138.77346204197966,8fb720ac0bc0d2c828123d149e52aaa0ea041c7e7e20e8f94a9a15aff6da0067,680ed8f9606cc1387dcb0965bc45c1c8d3b0f1be32ace1b3cce6c7f37ae29054
seed_976304_C3_COMBINED_INTERVENTION_task_095,976304,C3_COMBINED_INTERVENTION,95,dialog_trajectories/seed_976304/C3_COMBINED_INTERVENTION/task_095.json,mechanism_traces/seed_976304/C3_COMBINED_INTERVENTION/task_095.json,1,1,0.01399448,0.012456,81.46005179098574,46c32a44c59e35b73f94bcbdd94dc03de02a8b7048be502445d5047db51756d2,7b7094dfd2cf84e6b930b4eb65fa2f16e2a912d756747f1107d8d247ccf5d0e5
seed_976304_C3_COMBINED_INTERVENTION_task_097,976304,C3_COMBINED_INTERVENTION,97,dialog_trajectories/seed_976304/C3_COMBINED_INTERVENTION/task_097.json,mechanism_traces/seed_976304/C3_COMBINED_INTERVENTION/task_097.json,1,1,0.013993370000000002,0.014891999999999999,81.82023987499997,dddb62e2a3cc0a85742907d54ded53883af02eb6028c72e5080be9f7ab2ee12e,3a20af28fe2cb0705eafa94b65dc4d9ddbf7ed24b0a0d9dab1a19ca3dda1e166
seed_976304_C3_COMBINED_INTERVENTION_task_099,976304,C3_COMBINED_INTERVENTION,99,dialog_trajectories/seed_976304/C3_COMBINED_INTERVENTION/task_099.json,mechanism_traces/seed_976304/C3_COMBINED_INTERVENTION/task_099.json,0,0,0.00560166,0.012526,43.23731250001583,d5b332f34d995d2dfb2beca6f6a783945a079e9964f5d61465554dc498c82298,4dbc33516a75ba944f67be34c06ce2a91ae14e1a59e346dbd9a849ba33ff1c10
seed_976304_C3_COMBINED_INTERVENTION_task_100,976304,C3_COMBINED_INTERVENTION,100,dialog_trajectories/seed_976304/C3_COMBINED_INTERVENTION/task_100.json,mechanism_traces/seed_976304/C3_COMBINED_INTERVENTION/task_100.json,1,1,0.01654871,0.01166,92.5037052500411,0e71853e071eb74020c1e02ca9e58b9405b62f0404fe3653ffc5d86e7824c588,59807e0ab235957ea2780bbbb2f388cbdf2c3e350bf826c58473ecf29d246ae5
seed_976304_C3_COMBINED_INTERVENTION_task_101,976304,C3_COMBINED_INTERVENTION,101,dialog_trajectories/seed_976304/C3_COMBINED_INTERVENTION/task_101.json,mechanism_traces/seed_976304/C3_COMBINED_INTERVENTION/task_101.json,0,0,0.018455350000000002,0.017406,157.51499741600128,5708a7069637f15822b65fd8b37d50c83559b5cb3e880cd650a14bd8a08cd50e,1bcde90b0c79d09b8ea31a45e7a2431cf64f031e952a8a69133e9d1557f90ed2
seed_976304_C3_COMBINED_INTERVENTION_task_102,976304,C3_COMBINED_INTERVENTION,102,dialog_trajectories/seed_976304/C3_COMBINED_INTERVENTION/task_102.json,mechanism_traces/seed_976304/C3_COMBINED_INTERVENTION/task_102.json,1,1,0.019683750000000003,0.019796,188.94966820901027,c0ae3d1e37f0208077c897dec88a0c7945997650bc5e8f7b4d8e05e210baa127,30a4d967bbc0200fedc8895dfff0541ce627254278222b58e9db61105c129ac6
seed_976304_C3_COMBINED_INTERVENTION_task_105,976304,C3_COMBINED_INTERVENTION,105,dialog_trajectories/seed_976304/C3_COMBINED_INTERVENTION/task_105.json,mechanism_traces/seed_976304/C3_COMBINED_INTERVENTION/task_105.json,0,0,0.01528095,0.015262000000000001,85.09607995901024,2914449998f977f8aec58861cca9e9bcc9c01b241810672ef7899c4702501afc,3d4c7a1b70d9d77a9d6747fb432addda6e83bc44efe503c076ac565195953e61
seed_976304_C3_COMBINED_INTERVENTION_task_108,976304,C3_COMBINED_INTERVENTION,108,dialog_trajectories/seed_976304/C3_COMBINED_INTERVENTION/task_108.json,mechanism_traces/seed_976304/C3_COMBINED_INTERVENTION/task_108.json,1,1,0.00971046,0.009701999999999999,49.814338874974055,966c70181381933aa10fbcab8094e3426d8dda2e1bf96aa6acdcd998bcad5a04,668833597a00b30d545582a71cb715f399d5468432df4c63ab91ce2baaf0afb2
seed_976304_C3_COMBINED_INTERVENTION_task_111,976304,C3_COMBINED_INTERVENTION,111,dialog_trajectories/seed_976304/C3_COMBINED_INTERVENTION/task_111.json,mechanism_traces/seed_976304/C3_COMBINED_INTERVENTION/task_111.json,0,0,0.019432270000000005,0.017939999999999998,104.4405610000249,2ce5e73f8ba139bb0e66a0280a9f74df1dc40e30b17d04bb8ae7ccc74db45f69,96d5c178d884c15372419a86df144c3c5c3fd457e4cbac34caea2ce45df8ada9
seed_976304_C3_COMBINED_INTERVENTION_task_113,976304,C3_COMBINED_INTERVENTION,113,dialog_trajectories/seed_976304/C3_COMBINED_INTERVENTION/task_113.json,mechanism_traces/seed_976304/C3_COMBINED_INTERVENTION/task_113.json,1,1,0.00685061,0.010373999999999998,45.99029804102611,db513457b0fb2cded973f43837bd2f855a10f9a260090f1af00cfb494e8ac9a9,13b1e9208e2dc6e34ceb9cd899eb820aa5ecc66cd5d3bb4d339a04c5936b3ae9
seed_976305_C0_NATIVE_task_000,976305,C0_NATIVE,0,dialog_trajectories/seed_976305/C0_NATIVE/task_000.json,mechanism_traces/seed_976305/C0_NATIVE/task_000.json,1,1,0.006048940000000001,0.007226,57.28557312497287,88e4cf05838c4434e5aeda5f04fa8a079c23e5d413a70c0a05d688cf77e976e9,9de7554e57e51306f0c8596cb858934034dfa65c5d31e1b41d4c26e7433f2b4b
seed_976305_C0_NATIVE_task_001,976305,C0_NATIVE,1,dialog_trajectories/seed_976305/C0_NATIVE/task_001.json,mechanism_traces/seed_976305/C0_NATIVE/task_001.json,1,1,0.006483930000000001,0.009552,49.81914620799944,3dfc4288ec4f123c5a6aaf7d2876465e52a0674129fd03e917afdb57a5c28420,3fe447ece386e9eabebdb8b71386da9b8ddd3b2c49cb846a6fe86db5fcc7859c
seed_976305_C0_NATIVE_task_002,976305,C0_NATIVE,2,dialog_trajectories/seed_976305/C0_NATIVE/task_002.json,mechanism_traces/seed_976305/C0_NATIVE/task_002.json,1,1,0.00954838,0.015382,69.09066212497419,f10e8778f9b585fe0b5eb7e058a2f36faca2b5cdf7e14ef1fae094526cbded1b,fa6662235b780e45eb39309bd67f8e6d6b539e28e421f259e5226e735a0ac738
seed_976305_C0_NATIVE_task_003,976305,C0_NATIVE,3,dialog_trajectories/seed_976305/C0_NATIVE/task_003.json,mechanism_traces/seed_976305/C0_NATIVE/task_003.json,1,1,0.007953,0.009416,44.25444645801326,cd9ff18eca969d197c92b7520df0d2d4679b820b226c2a8b686f990d77d2ebe4,2244b83489004909266094d0d090e0a39757efa079860829859d4f82a8b3b0b2
seed_976305_C0_NATIVE_task_004,976305,C0_NATIVE,4,dialog_trajectories/seed_976305/C0_NATIVE/task_004.json,mechanism_traces/seed_976305/C0_NATIVE/task_004.json,1,1,0.008791160000000001,0.008433999999999999,61.3602756250184,878840f276c2d76fb864233e1d5bcca7f4d3a9450a80d0ccbad9f9301a3123ce,47ec02ccc5b49433d82a79cef35abcff9af7284d88b85d2a74780d70da405b7c
seed_976305_C0_NATIVE_task_005,976305,C0_NATIVE,5,dialog_trajectories/seed_976305/C0_NATIVE/task_005.json,mechanism_traces/seed_976305/C0_NATIVE/task_005.json,1,1,0.008086010000000001,0.013632,46.32606912503252,930f61047dce9bd2fc4918b3190b1146de557a4127b78dc60100a947696a59e9,ae7a0fe60701471386869d63b0c4083d5bfae6ea97bfe13ce6580181478b911c
seed_976305_C0_NATIVE_task_006,976305,C0_NATIVE,6,dialog_trajectories/seed_976305/C0_NATIVE/task_006.json,mechanism_traces/seed_976305/C0_NATIVE/task_006.json,1,1,0.007711610000000001,0.019332,51.226575667009456,2167911af2b006756b68464924b1916466cc4cb911fb9600e7291ca5fcf68f73,e5b9ca3e7134b17031c5c96bed2bd4eccf1e9161f887c6a8dfcc73d2a9b33174
seed_976305_C0_NATIVE_task_007,976305,C0_NATIVE,7,dialog_trajectories/seed_976305/C0_NATIVE/task_007.json,mechanism_traces/seed_976305/C0_NATIVE/task_007.json,0,0,0.007973000000000001,0.020188,63.5336620840244,c1c3ab3a2d5bdefed8c7c6041a630ebdbb9183ed87d4d6e852b53d08ddc050fd,431cc93ba159a87e5af49b5256e05fec2c4c4093fdddef519fc732ad8d6507fd
seed_976305_C0_NATIVE_task_008,976305,C0_NATIVE,8,dialog_trajectories/seed_976305/C0_NATIVE/task_008.json,mechanism_traces/seed_976305/C0_NATIVE/task_008.json,1,1,0.0075574100000000005,0.016253999999999998,62.22724575002212,2bbdeb1e061fb37d48f2341416468143bf7d9924006e31e2752409f31c34c0b6,9325d773f7b1b2a325663b4c7b6caf7e669332ccde7ea153db6a3d304a4cea15
seed_976305_C0_NATIVE_task_009,976305,C0_NATIVE,9,dialog_trajectories/seed_976305/C0_NATIVE/task_009.json,mechanism_traces/seed_976305/C0_NATIVE/task_009.json,1,1,0.00712186,0.011380000000000001,44.001134250022005,5f871cc507a05e33f10c154d8d996d32b9ff9311a4c0753132cdda0b76b97d01,34ff8ab2eab574fc313da4a08e18561d93e525e288d15137580596134b8de690
seed_976305_C0_NATIVE_task_010,976305,C0_NATIVE,10,dialog_trajectories/seed_976305/C0_NATIVE/task_010.json,mechanism_traces/seed_976305/C0_NATIVE/task_010.json,1,1,0.00715521,0.016522,53.48313962499378,76c26a19160ced558fd2ad84775084cecafdd75ffdf0dcf53514571de1e3976f,b4cc10f199028238c80165e8a6c72337b6614fc88b0d7703de2b3fd95d39e954
seed_976305_C0_NATIVE_task_011,976305,C0_NATIVE,11,dialog_trajectories/seed_976305/C0_NATIVE/task_011.json,mechanism_traces/seed_976305/C0_NATIVE/task_011.json,1,1,0.00525617,0.010292,39.74706225001137,e27b33e68233fe7141556c3879ed3adc4be597fc41dbe5e55204b82a7e50070f,20e461fa00c9725b7e005da024783bddf3332718f9bfa529f2b10d5e3adb6ac0
seed_976305_C0_NATIVE_task_012,976305,C0_NATIVE,12,dialog_trajectories/seed_976305/C0_NATIVE/task_012.json,mechanism_traces/seed_976305/C0_NATIVE/task_012.json,1,1,0.004968360000000001,0.012676,37.06970808299957,a2341d8686760115c851f498d6ffda4f35a98a2c70e6217085760ec2271837d9,31cd5f8e5499c537f2f25d3fe11c3bf5a9b2a1993399509e6184388efe340c37
seed_976305_C0_NATIVE_task_013,976305,C0_NATIVE,13,dialog_trajectories/seed_976305/C0_NATIVE/task_013.json,mechanism_traces/seed_976305/C0_NATIVE/task_013.json,1,1,0.007639120000000001,0.018171999999999997,54.34109025000362,0b7b5a8482b19881973ba7731209f7652946593ab86648016d36a2e65fce5087,77594aaf8656ffd382c59b1ab7e325bcb7a544dfc33745128f9af05c01a0bf4e
seed_976305_C0_NATIVE_task_014,976305,C0_NATIVE,14,dialog_trajectories/seed_976305/C0_NATIVE/task_014.json,mechanism_traces/seed_976305/C0_NATIVE/task_014.json,0,0,0.00390651,0.008128,30.745130875031464,8524d0f514b8bfdc972844d3ea8f8e23f59f3ee163065c29c449ad5289a4de1b,f0b6b0e29a9d20a5c670fd6746a39db110e3cd86b0b6ab29b7e3fd645a73c5d1
seed_976305_C0_NATIVE_task_015,976305,C0_NATIVE,15,dialog_trajectories/seed_976305/C0_NATIVE/task_015.json,mechanism_traces/seed_976305/C0_NATIVE/task_015.json,0,0,0.0067576,0.017195999999999996,43.77525783298188,76e779df6b0398ab08eb9b9a0720b120d8895137297f6adad276795545085620,91722e88aef8f19cbcc2dabe8efa0cbec14134b71ef8533826ee0938fd6f5ebb
seed_976305_C0_NATIVE_task_016,976305,C0_NATIVE,16,dialog_trajectories/seed_976305/C0_NATIVE/task_016.json,mechanism_traces/seed_976305/C0_NATIVE/task_016.json,1,1,0.00660584,0.011118,41.03123408302781,cac4cb550f3e7089f8d2d9d5fb91a2573f6916c318c006233fb2390ff3636e13,399e53aeb741657982aac9321c2c046bd0e93fb5feadc2e653e361a5c9551a5b
seed_976305_C0_NATIVE_task_017,976305,C0_NATIVE,17,dialog_trajectories/seed_976305/C0_NATIVE/task_017.json,mechanism_traces/seed_976305/C0_NATIVE/task_017.json,1,1,0.0033123099999999997,0.009482,30.747476042015478,7e3cb3ab3afa222d882a944d85d5642bedacf833e609b0c00756465a21148dd3,c619d75637cf63afaa0a5c2307acf8875aaf6b3657325ca56c34e38930e73558
seed_976305_C0_NATIVE_task_018,976305,C0_NATIVE,18,dialog_trajectories/seed_976305/C0_NATIVE/task_018.json,mechanism_traces/seed_976305/C0_NATIVE/task_018.json,1,1,0.00754363,0.016489999999999998,57.84574541600887,16cfcbd635bf193afd41d192742344a319c83445147bb63f85adfd58a4fc17e7,0f7421c86893582e6c21264b001124e3786e9cfee91ee949589481396b4e4738
seed_976305_C0_NATIVE_task_019,976305,C0_NATIVE,19,dialog_trajectories/seed_976305/C0_NATIVE/task_019.json,mechanism_traces/seed_976305/C0_NATIVE/task_019.json,0,0,0.006930820000000001,0.00956,40.01107395798317,fc45c0f0c9f3cd5e00775821d22d5b04f2078adc4dca1446f41a45718d5bc18f,3bd53ba7b6354754275ec367d977b78a5c7c98421b0d7d03eef47a96d0fd1391
seed_976305_C0_NATIVE_task_020,976305,C0_NATIVE,20,dialog_trajectories/seed_976305/C0_NATIVE/task_020.json,mechanism_traces/seed_976305/C0_NATIVE/task_020.json,0,0,0.018297459999999998,0.009358,107.88436554098735,bca20c5dd8f83e276f32fb2fccfa6bb50f89132182a2e2fb465be5d943331320,5f76f2bc801e7b156d5dedb0fb26b51354efade74b560d2f102b1003f5629ee6
seed_976305_C0_NATIVE_task_021,976305,C0_NATIVE,21,dialog_trajectories/seed_976305/C0_NATIVE/task_021.json,mechanism_traces/seed_976305/C0_NATIVE/task_021.json,1,1,0.010642110000000001,0.019662,72.44933620799566,e0d9a358a33c62b300344487e6cdaa5c8d4617ff90c384cbca02a131141b540e,ca5a7cb6b19b4273f7532e0f92eb5e9849cde00021ef2adab34177b07e625889
seed_976305_C0_NATIVE_task_022,976305,C0_NATIVE,22,dialog_trajectories/seed_976305/C0_NATIVE/task_022.json,mechanism_traces/seed_976305/C0_NATIVE/task_022.json,1,1,0.006609189999999999,0.012249999999999999,42.81498312501935,28a78e3a8620982de69bd203db634ee025cf8e0f3b56b0264b45ea7b6f9255a6,0e84726d05e4d497b455501a6ce127334045bf82752d2a8ba888f303d7306ab7
seed_976305_C0_NATIVE_task_023,976305,C0_NATIVE,23,dialog_trajectories/seed_976305/C0_NATIVE/task_023.json,mechanism_traces/seed_976305/C0_NATIVE/task_023.json,1,1,0.00861684,0.012646,67.11523983301595,1474bc3474c6261089f1e291cd565e60f36a3254f58bd0bd9f5f5c9676f8f7f0,106751367f8d1aba3146a4db50461b11ec546cea77a0b109e8bf240b20ac52ae
seed_976305_C0_NATIVE_task_024,976305,C0_NATIVE,24,dialog_trajectories/seed_976305/C0_NATIVE/task_024.json,mechanism_traces/seed_976305/C0_NATIVE/task_024.json,1,1,0.00364711,0.012748,70.1714844579692,db1b261195d6d9f0c0cc87018d124fe8fc7214003944582a2f541ca7c8a8953e,f101208f41f9b5fb5c02586688563aac57bee1633cdd3f32d484f81c3447134f
seed_976305_C0_NATIVE_task_025,976305,C0_NATIVE,25,dialog_trajectories/seed_976305/C0_NATIVE/task_025.json,mechanism_traces/seed_976305/C0_NATIVE/task_025.json,0,0,0.004920980000000001,0.009538,33.11487666598987,6192cac03504efff6fc929cf08b7b41ffb6910b2838a31bcf709cb488e10e666,1ac17199f44d5bb16ffcaf2d6fd194fb67208d30e94b5b5fd7c83ba04bf2a2f1
seed_976305_C0_NATIVE_task_026,976305,C0_NATIVE,26,dialog_trajectories/seed_976305/C0_NATIVE/task_026.json,mechanism_traces/seed_976305/C0_NATIVE/task_026.json,1,1,0.00521336,0.010852,30.990304957987973,6ee04dd8f0d0a5a1202a80516d5e09a33a9926d2e80a825598951fd470c8040b,77018fd548fd3c72b405fc560ca29ea7705d698448fb26f5aad85a66ad6794e1
seed_976305_C0_NATIVE_task_027,976305,C0_NATIVE,27,dialog_trajectories/seed_976305/C0_NATIVE/task_027.json,mechanism_traces/seed_976305/C0_NATIVE/task_027.json,0,0,0.00564023,0.006279999999999999,37.96170379198156,af87bafd89d391544674ce3f382a2e27b0bdd52c18fc98a464af6b378915e863,1c06665ab69068a3d448de40a07d4caa790d9ef448a1a46363f08536ac6d1a19
seed_976305_C0_NATIVE_task_028,976305,C0_NATIVE,28,dialog_trajectories/seed_976305/C0_NATIVE/task_028.json,mechanism_traces/seed_976305/C0_NATIVE/task_028.json,1,1,0.00775683,0.020052,61.5667264170188,f396ccfdb814f007adb1e84972f3b11035beb4ee0270e68cbe30b7e47d526e17,4d490bf2347167e53955ae8700b3580c8c8538122838de023758dfbd3c79a8fa
seed_976305_C0_NATIVE_task_029,976305,C0_NATIVE,29,dialog_trajectories/seed_976305/C0_NATIVE/task_029.json,mechanism_traces/seed_976305/C0_NATIVE/task_029.json,1,1,0.008154620000000001,0.010488,59.48318554100115,f0e68f87f81a6ac9c8222ce2b5cf347fbe36aeed764146a1fe6f1f6c0042ba51,049ec000324655118e11b485f191d781ef0a25c6ef157af08cbce83be186451c
seed_976305_C0_NATIVE_task_030,976305,C0_NATIVE,30,dialog_trajectories/seed_976305/C0_NATIVE/task_030.json,mechanism_traces/seed_976305/C0_NATIVE/task_030.json,0,0,0.011239160000000002,0.023409999999999997,76.0620199169789,bd03f14f4040beb63aacb09d7e6af9ccedad9bd88a8a0ba12a6846ab93403616,b729ce00da2640dc0f0d4abe13096e62495615da7add4036726c24293a2f6470
seed_976305_C0_NATIVE_task_031,976305,C0_NATIVE,31,dialog_trajectories/seed_976305/C0_NATIVE/task_031.json,mechanism_traces/seed_976305/C0_NATIVE/task_031.json,0,0,0.00768159,0.015442,49.743706874985946,671e34eab56624c6c40eb4498ed8e409034991df0c41c4b3b8b3bff1f7244f6d,a3c3b902d26003f698e2fa988fcf7f78c8bb9813acccf6361162ac767a34b9b5
seed_976305_C0_NATIVE_task_032,976305,C0_NATIVE,32,dialog_trajectories/seed_976305/C0_NATIVE/task_032.json,mechanism_traces/seed_976305/C0_NATIVE/task_032.json,0,0,0.010022699999999997,0.022577999999999997,72.95755066699348,6eb8ffd75bd20a1f52496753b38ef0faca1ac24bbabb24e869a3f8cb0394cf32,ba739ef0a140f3d243f7477074e42173326d96c3efe062d616b35328e40482e8
seed_976305_C0_NATIVE_task_033,976305,C0_NATIVE,33,dialog_trajectories/seed_976305/C0_NATIVE/task_033.json,mechanism_traces/seed_976305/C0_NATIVE/task_033.json,0,0,0.0035506500000000002,0.012214000000000001,40.17123204196105,4745b2442f1d90833f62bf0b6c39d064327e318545fe1c17d8464cbda4c7352a,15718b313afe5e6a61abeccd61c46d83f6e336abd645fec886cacb27726bfce6
seed_976305_C0_NATIVE_task_034,976305,C0_NATIVE,34,dialog_trajectories/seed_976305/C0_NATIVE/task_034.json,mechanism_traces/seed_976305/C0_NATIVE/task_034.json,0,0,0.005125279999999999,0.027538,50.30283312499523,60d625bf756f6afae428a6800c03b91728b3cd694ffb2f1547e595b54bf622d3,f773c0c8960be5410c175a914de323f487b9f264297341dfc8956bf40e5d4215
seed_976305_C0_NATIVE_task_035,976305,C0_NATIVE,35,dialog_trajectories/seed_976305/C0_NATIVE/task_035.json,mechanism_traces/seed_976305/C0_NATIVE/task_035.json,1,1,0.01009156,0.011736,63.73658741696272,4a874a96b5ca1d471021fee249bb1cecfa7984519070b8d42647f0d430937809,860fbbd8e175b2a20ad473c0aff8814f229e5128302a597ea4f64db299b5fc20
seed_976305_C0_NATIVE_task_036,976305,C0_NATIVE,36,dialog_trajectories/seed_976305/C0_NATIVE/task_036.json,mechanism_traces/seed_976305/C0_NATIVE/task_036.json,1,1,0.01221983,0.014348,73.62140279100277,3c109d78ba361f2953498da88b184e7386f81327a6be32983347e155468fe97b,3d4a489fce652ea21274a3b486cb8e7107a9de6b1cfa1ea02ad068797a3c0692
seed_976305_C0_NATIVE_task_038,976305,C0_NATIVE,38,dialog_trajectories/seed_976305/C0_NATIVE/task_038.json,mechanism_traces/seed_976305/C0_NATIVE/task_038.json,0,0,0.00748372,0.017288,52.73065054102335,fdc425913e5297d6706076d318a1d7a08eb2d46317f046c5605323b4bdd8036f,5873452035ede5776571bcc97d8e5ca5f08424504b379c54c8a5ca2ef915ad9c
seed_976305_C0_NATIVE_task_039,976305,C0_NATIVE,39,dialog_trajectories/seed_976305/C0_NATIVE/task_039.json,mechanism_traces/seed_976305/C0_NATIVE/task_039.json,0,0,0.00477256,0.013786,49.23595554201165,ff09cbfaa4d9066c61a6c48141f166137512fc876b4a41681f40a336e9d78fcc,b61c38f9afd4261c7b62615901ec9ae3837347d768033209542e79bac9937480
seed_976305_C0_NATIVE_task_040,976305,C0_NATIVE,40,dialog_trajectories/seed_976305/C0_NATIVE/task_040.json,mechanism_traces/seed_976305/C0_NATIVE/task_040.json,1,1,0.00405253,0.010775999999999999,32.68941770901438,8c5dbf6ed2ac034ac13ec6359d7851fc879324936baf0a0c4ecd092189c56065,f2ac52772427696b36b48f33e522bdafc97d60b97116ccaa8dfbc21fb588d0dc
seed_976305_C0_NATIVE_task_042,976305,C0_NATIVE,42,dialog_trajectories/seed_976305/C0_NATIVE/task_042.json,mechanism_traces/seed_976305/C0_NATIVE/task_042.json,0,0,0.008230069999999999,0.020143999999999995,52.94087287498405,64583cc6f6dbd3c3f18f794e43f2cfdfa554ab0765bd8cb0b113a86812b48c8b,6f490dab7c95e37aaed1d11e4a2bf3110c0c453044e6887ac57c3f4f1f884028
seed_976305_C0_NATIVE_task_043,976305,C0_NATIVE,43,dialog_trajectories/seed_976305/C0_NATIVE/task_043.json,mechanism_traces/seed_976305/C0_NATIVE/task_043.json,0,0,0.004626289999999999,0.010838,27.60287212501862,473c41b792c6ade2ba45e7415b93f69f8da58a7888f2c32193ce25ddd998a16d,e29d19ff34e6e83e0c975cb4c79b7af14324da57e4f46e0d7cc443b7b01ce201
seed_976305_C0_NATIVE_task_045,976305,C0_NATIVE,45,dialog_trajectories/seed_976305/C0_NATIVE/task_045.json,mechanism_traces/seed_976305/C0_NATIVE/task_045.json,0,0,0.006383800000000001,0.010519999999999998,36.41944495800999,78a4aa15eca8f04907b89280e22e49ab121f9f6aa97e4e40e7fc9a056a39db99,b7166e37b67a6df39e9fd64f53956832b402a4957004640f45b4fcb69c4072fe
seed_976305_C0_NATIVE_task_049,976305,C0_NATIVE,49,dialog_trajectories/seed_976305/C0_NATIVE/task_049.json,mechanism_traces/seed_976305/C0_NATIVE/task_049.json,0,0,0.009188710000000001,0.014528,77.49513404100435,2b88e3bbf47299e048b5136a9b7f39bd05a97d09422d0827ab26d0193459187c,b74a30af6732fd2876e1230bdc653f2304391ddf8bcc7616d6e422933297715e
seed_976305_C0_NATIVE_task_050,976305,C0_NATIVE,50,dialog_trajectories/seed_976305/C0_NATIVE/task_050.json,mechanism_traces/seed_976305/C0_NATIVE/task_050.json,1,1,0.00249283,0.006541999999999999,20.060555582982488,0c6f7d582f4d108b0bcf4dffe32d2edb1fd0bccc1110b587848294befe3cd6bf,5af4d9549a47c245103648093b79c80b3b0dbb4b7be499db3531f6ba2e4dd212
seed_976305_C0_NATIVE_task_051,976305,C0_NATIVE,51,dialog_trajectories/seed_976305/C0_NATIVE/task_051.json,mechanism_traces/seed_976305/C0_NATIVE/task_051.json,1,1,0.004481000000000001,0.012452,36.82768175000092,2a82dd2ffa941d11f96055a1775abc620a4371465ad905cf0bdcbfcb87d208f2,adf5939cd3faae6759e683230468d31c0e61036fc63c0451819972f2bacf4fdb
seed_976305_C0_NATIVE_task_053,976305,C0_NATIVE,53,dialog_trajectories/seed_976305/C0_NATIVE/task_053.json,mechanism_traces/seed_976305/C0_NATIVE/task_053.json,0,0,0.00426723,0.010398,35.56037504100823,81622478a6a920a21453513794a1ac900e8b32a60c06b7ed94b2eb68838ed742,9ce4498843ff474b6811d0a99dfa985a3f9b6f887b9a4d225ae583dc972f5669
seed_976305_C0_NATIVE_task_054,976305,C0_NATIVE,54,dialog_trajectories/seed_976305/C0_NATIVE/task_054.json,mechanism_traces/seed_976305/C0_NATIVE/task_054.json,1,1,0.009214609999999998,0.010836000000000002,49.93012491700938,3a3c3d5d842129573b921f424ddf62a82f3451d6e2af6b537f8a69a8198e28b0,67c22e4f0eb95a38937feaeacc943d17013271c589ad97c5ac2e7e52bd596a3d
seed_976305_C0_NATIVE_task_055,976305,C0_NATIVE,55,dialog_trajectories/seed_976305/C0_NATIVE/task_055.json,mechanism_traces/seed_976305/C0_NATIVE/task_055.json,1,1,0.00855323,0.014743999999999997,57.14621845801594,60caae1067abd5ace14f22db158abc0783502604a6813b71a7bec0878f7ad761,c15b3424f6b14929a0e2831bf8f2cb2855e5e6b86d0ba68f527b87174214cde0
seed_976305_C0_NATIVE_task_056,976305,C0_NATIVE,56,dialog_trajectories/seed_976305/C0_NATIVE/task_056.json,mechanism_traces/seed_976305/C0_NATIVE/task_056.json,0,0,0.00361024,0.0071319999999999995,30.50938549998682,9416c400bb291a2ca8d4e7ac407bc1b60e2d345541bf3e6511a8c8f664ccb18d,70c233a7e2c7fc2cf7c7c641ff5f74d97176bf59ad7ed00ea096de1cfc6dbcaa
seed_976305_C0_NATIVE_task_059,976305,C0_NATIVE,59,dialog_trajectories/seed_976305/C0_NATIVE/task_059.json,mechanism_traces/seed_976305/C0_NATIVE/task_059.json,1,1,0.00448463,0.009628,27.539255083014723,43acf46ed4ecec63d682d62158d71225aeac262f35483f98484462bdafda4c3c,c325cd9c13fa5324b522798cb73f0717a3b2e54fd86f09fc66e1cbfd173fa8e9
seed_976305_C0_NATIVE_task_060,976305,C0_NATIVE,60,dialog_trajectories/seed_976305/C0_NATIVE/task_060.json,mechanism_traces/seed_976305/C0_NATIVE/task_060.json,1,1,0.0031867600000000003,0.005624,30.19179420900764,fd5960bd0dabbf7f99d5c1a879c3d34238747137e10faebc1dd20ad8f105426a,112dfb17cb4027db0a3a806e0202537f5d847539bda94ee148f0306e3617e0df
seed_976305_C0_NATIVE_task_061,976305,C0_NATIVE,61,dialog_trajectories/seed_976305/C0_NATIVE/task_061.json,mechanism_traces/seed_976305/C0_NATIVE/task_061.json,1,1,0.00400329,0.008416,22.1279872499872,c02b664b742a5bd25d13061d41b830c57bfe5e81cbcce1ea08e2d75ef09355a0,14dfe861aaa71c0817a69916d5f8de4198ebdf84563ba80e69d0d8a462bccb0a
seed_976305_C0_NATIVE_task_062,976305,C0_NATIVE,62,dialog_trajectories/seed_976305/C0_NATIVE/task_062.json,mechanism_traces/seed_976305/C0_NATIVE/task_062.json,1,1,0.00595491,0.013709999999999998,43.19160104202456,5f20f3c1d0970261a97b86e83884819ab93ae75cf854385473d06b068a6622f3,b3f753a2b99acec42bc705e1b0f66dab7539621ab9d9334cfa865f9588542b6e
seed_976305_C0_NATIVE_task_064,976305,C0_NATIVE,64,dialog_trajectories/seed_976305/C0_NATIVE/task_064.json,mechanism_traces/seed_976305/C0_NATIVE/task_064.json,1,0,0.00885494,0.01859,87.70412975002546,fc155a177d115f980a2283c30d9e820c95cdfad76478c878dd55ccace40a29cf,8217527c9c7454ebdcfec915cb11e3fc2d961707c4ac577f280f4f7f3b6dd2a3
seed_976305_C0_NATIVE_task_065,976305,C0_NATIVE,65,dialog_trajectories/seed_976305/C0_NATIVE/task_065.json,mechanism_traces/seed_976305/C0_NATIVE/task_065.json,1,1,0.0026575899999999996,0.003964,14.505701082991436,debcbdc66bf46d5319f02c37f6bbb86ce45be34094d21504ccf43f9da983ec78,6b39c04633e4c6bbc4d2ec3cd050822c4550afe17c859e12b5b66ff9caefca4c
seed_976305_C0_NATIVE_task_068,976305,C0_NATIVE,68,dialog_trajectories/seed_976305/C0_NATIVE/task_068.json,mechanism_traces/seed_976305/C0_NATIVE/task_068.json,1,1,0.0019209499999999998,0.005292,17.051562791020842,6a2ee3959fc92ade5c3da8ca761f38997790c29291472488686cb34dd9d04819,1e40d3175978a7adb7f0185eb707de64cf679e27a893f6ff5fddc0c14f18daef
seed_976305_C0_NATIVE_task_070,976305,C0_NATIVE,70,dialog_trajectories/seed_976305/C0_NATIVE/task_070.json,mechanism_traces/seed_976305/C0_NATIVE/task_070.json,0,0,0.00412812,0.009776000000000002,49.01249241596088,98bf7a169d4563f219d48b4b78df28d0e79df64bc918f3857b83af7ea8f3a302,8ffd55dac655f5045cdab44580733f8a465bda511da5ea8218027a328d205166
seed_976305_C0_NATIVE_task_071,976305,C0_NATIVE,71,dialog_trajectories/seed_976305/C0_NATIVE/task_071.json,mechanism_traces/seed_976305/C0_NATIVE/task_071.json,0,0,0.008373410000000001,0.016062,66.30387379199965,f685347e6ea0448f484cef98f8d0c092ce66f82845ce5a67b2a82f11575257ba,e7c1534118f62b148dad7d9feef7c9d59e0d159f29ba97973fac6bd8fe5bd0f3
seed_976305_C0_NATIVE_task_073,976305,C0_NATIVE,73,dialog_trajectories/seed_976305/C0_NATIVE/task_073.json,mechanism_traces/seed_976305/C0_NATIVE/task_073.json,1,1,0.00232561,0.005586,14.801515709026717,fb2723298a57ca2a93078e5ddbbb94e690beb25dd7828b7515656258c15488c4,8662aeee2ed95a6b0db9ce381c06f04704c3ac70b78866c38c445d267e053e17
seed_976305_C0_NATIVE_task_074,976305,C0_NATIVE,74,dialog_trajectories/seed_976305/C0_NATIVE/task_074.json,mechanism_traces/seed_976305/C0_NATIVE/task_074.json,1,1,0.011134859999999998,0.013243999999999999,70.50509545800742,325d988cf9077b948572740fead7b60003ae035f20f81c9c2706ffe9b263ba82,0c9dbddefb75323399ad3ac78526d17366bbfef2496c2d6a31a2735755455635
seed_976305_C0_NATIVE_task_075,976305,C0_NATIVE,75,dialog_trajectories/seed_976305/C0_NATIVE/task_075.json,mechanism_traces/seed_976305/C0_NATIVE/task_075.json,1,1,0.00337841,0.006581999999999999,19.240091333020246,97f49ed07a6e07d77301aec001efb72cdb4b9a0d9cd6abb3bab85a3997b9bdf4,c9800442cbdb81781db3a417b8a1437e56d110579d3292ed6e74745dbc5cb201
seed_976305_C0_NATIVE_task_077,976305,C0_NATIVE,77,dialog_trajectories/seed_976305/C0_NATIVE/task_077.json,mechanism_traces/seed_976305/C0_NATIVE/task_077.json,1,1,0.0047802,0.010023999999999998,43.86317637498723,36af69670649b9b3cd2e39d14460d4a8cb4a4b59303cb1e0df077028699b3a68,df25969ab9c44c2d1088763cb8122480083a6283767a6414f56a3985f7b4fd15
seed_976305_C0_NATIVE_task_079,976305,C0_NATIVE,79,dialog_trajectories/seed_976305/C0_NATIVE/task_079.json,mechanism_traces/seed_976305/C0_NATIVE/task_079.json,1,1,0.007015820000000001,0.014364,67.96816883300198,1840cedd362eb083bf3bcc98729547506cfd0eb57c29dc2862535ca4520530bd,150a2c4bc16602ee5f35d790928311fc96186771dd3c36603f211b16738fec38
seed_976305_C0_NATIVE_task_080,976305,C0_NATIVE,80,dialog_trajectories/seed_976305/C0_NATIVE/task_080.json,mechanism_traces/seed_976305/C0_NATIVE/task_080.json,1,1,0.005513230000000001,0.012932,71.95117125002434,76827ba488c3a30b94c1114a1e6e07136a8065f50e7812d30df085e518afb50b,f7e46c9d6b71e8cd701fab95ee909d482d93fa38770b2b80a881b617137e99d8
seed_976305_C0_NATIVE_task_086,976305,C0_NATIVE,86,dialog_trajectories/seed_976305/C0_NATIVE/task_086.json,mechanism_traces/seed_976305/C0_NATIVE/task_086.json,1,1,0.007926,0.011627999999999998,53.88029345800169,92296960a8842769b4c3d4b93362f1657b48cfc92b55cb3e352f7b34708f7b89,2e637e9e24b601b376433335415334e95d22b811d3c486f3f66ff31de7c16b97
seed_976305_C0_NATIVE_task_087,976305,C0_NATIVE,87,dialog_trajectories/seed_976305/C0_NATIVE/task_087.json,mechanism_traces/seed_976305/C0_NATIVE/task_087.json,1,1,0.00688612,0.011937999999999999,52.283800999983214,cf3c5457361531fbed6950a27f97dd058f6f921976e1c95cceaf590a5b459ebd,83436f73fc5ea56392eab9e8196e7faf5f32242225f994a85ade9307c25e158f
seed_976305_C0_NATIVE_task_090,976305,C0_NATIVE,90,dialog_trajectories/seed_976305/C0_NATIVE/task_090.json,mechanism_traces/seed_976305/C0_NATIVE/task_090.json,0,0,0.00600429,0.012356,67.09991275001084,827fe80d401fbe04147ac70bd4e095c6a4aa3c2a74b9bace3444605a4d41ecaf,06f12179dcfc0a6386f55b1d170d132f5d9604d991717679d8fe8d915c052134
seed_976305_C0_NATIVE_task_091,976305,C0_NATIVE,91,dialog_trajectories/seed_976305/C0_NATIVE/task_091.json,mechanism_traces/seed_976305/C0_NATIVE/task_091.json,1,1,0.00831571,0.015664,59.76701904201764,c8e1c8adc290f21acdb9e031480f02a2aa84e947a731272336e4edab7aaa5af5,ca22b116776496c81c5d2177be7f4036baf814f7a3fc4754d45192a1819913dd
seed_976305_C0_NATIVE_task_094,976305,C0_NATIVE,94,dialog_trajectories/seed_976305/C0_NATIVE/task_094.json,mechanism_traces/seed_976305/C0_NATIVE/task_094.json,1,1,0.00556328,0.012008,113.9578556669876,ab8b2ed0ac199f083f558bd4abb448d5bef61478fadf023deb710d7d481d34dd,40393cbfc52faec43f1fd63ea5a0beccc38b37f03abaeeaffa83344fa558f36d
seed_976305_C0_NATIVE_task_095,976305,C0_NATIVE,95,dialog_trajectories/seed_976305/C0_NATIVE/task_095.json,mechanism_traces/seed_976305/C0_NATIVE/task_095.json,0,0,0.010229800000000002,0.026106,61.936891874996945,7116515d2af1876467d23f7670038d5dbbffc40117b2bb6667fe9422bd0e688e,c342b35eeef92ca915cf1c78ecaacd07fba68213a9dd3a398c315655a9339ded
seed_976305_C0_NATIVE_task_097,976305,C0_NATIVE,97,dialog_trajectories/seed_976305/C0_NATIVE/task_097.json,mechanism_traces/seed_976305/C0_NATIVE/task_097.json,0,0,0.014164530000000003,0.060327999999999986,149.55305395799223,36afb9cf441e7ac2d0b17c24f7a62cfe2f7582bc55ac1163d012d4bab617a9cf,caf9ddfe2ba7ad974452e2c63b8be8059ecba256dcae86a6c9ddd556ad9e7249
seed_976305_C0_NATIVE_task_099,976305,C0_NATIVE,99,dialog_trajectories/seed_976305/C0_NATIVE/task_099.json,mechanism_traces/seed_976305/C0_NATIVE/task_099.json,1,1,0.01225298,0.011139999999999997,108.962708749983,652b1ac94b79dbf9bb7d121efc008c2a76b8e910b4b1017f8c252d05c4d32311,673e88c90e6e15b53a1bae00a48414dd101b6ff8566f801aaea27fccd30255cc
seed_976305_C0_NATIVE_task_100,976305,C0_NATIVE,100,dialog_trajectories/seed_976305/C0_NATIVE/task_100.json,mechanism_traces/seed_976305/C0_NATIVE/task_100.json,1,1,0.00991804,0.017609999999999997,71.94671483300044,4f349439a090b9b6f8e6d1b555c13b4f48e28fbcabdabcf63ddcb39216ba59b7,61e018e5d6d6a9f1bc1350275948c215700b336bdc0225594dfe6c147702f4fc
seed_976305_C0_NATIVE_task_101,976305,C0_NATIVE,101,dialog_trajectories/seed_976305/C0_NATIVE/task_101.json,mechanism_traces/seed_976305/C0_NATIVE/task_101.json,1,1,0.01221636,0.019381999999999996,154.42105554201407,8d4b91e1b3b807a2ba931c4c27959f011ae76e7fed30fcf74cc5cf8828d0bdf4,581eec5f2ccd67bf6059d1b498707a02445313817ce1eb12cf64b7a3f06ec013
seed_976305_C0_NATIVE_task_102,976305,C0_NATIVE,102,dialog_trajectories/seed_976305/C0_NATIVE/task_102.json,mechanism_traces/seed_976305/C0_NATIVE/task_102.json,1,1,0.014072490000000002,0.02026,84.02165966600296,9aae8aff44b0a075b7255bd6026b2e9875ce8f56dd7644666209ad7bc3652701,2a78ea9660fa664bbe750264e03840ea597d7d1e1e0131d860c81e9d985c5b70
seed_976305_C0_NATIVE_task_105,976305,C0_NATIVE,105,dialog_trajectories/seed_976305/C0_NATIVE/task_105.json,mechanism_traces/seed_976305/C0_NATIVE/task_105.json,0,0,0.009367669999999998,0.020158,55.22820654101088,189a652a0a7ba671b90124ca4fe8cbbe7d0bbe471fa4cae7a602d0e3c0a7d775,ed3ce54f7b677a70928b4267068ad5c56614822579a5ffd1ba4909c11c977f1b
seed_976305_C0_NATIVE_task_108,976305,C0_NATIVE,108,dialog_trajectories/seed_976305/C0_NATIVE/task_108.json,mechanism_traces/seed_976305/C0_NATIVE/task_108.json,1,1,0.00455802,0.010853999999999999,38.84427495900309,d1dcaefbbe4e0b1aa65206fe2c85482320e7086a653ffe84ab6de34555df145b,0a1035a6a9a8bea775f6a483df7c09c4f9467da2d822b140a7381bc413d5c151
seed_976305_C0_NATIVE_task_111,976305,C0_NATIVE,111,dialog_trajectories/seed_976305/C0_NATIVE/task_111.json,mechanism_traces/seed_976305/C0_NATIVE/task_111.json,1,1,0.01393091,0.011455999999999997,69.00239974999567,3a7f76d64763e0436d9e5347e4270e8e2dbbc85918fb535f3d31494b7c795214,d2789c41f06512875b295d92bf034304fcf654df2bd0e4351e81de2846822aff
seed_976305_C0_NATIVE_task_113,976305,C0_NATIVE,113,dialog_trajectories/seed_976305/C0_NATIVE/task_113.json,mechanism_traces/seed_976305/C0_NATIVE/task_113.json,1,1,0.0043703200000000005,0.007398,35.16093820799142,c67a84869dab60f44a620c12f6ea8982bb7e37e28b8cabe218cda5fe1ceb46b1,574651e2887d6bd8e62dc294b14c71e45020c3c89500131f2593745741d28537
seed_976305_C1_SEMANTIC_SUPPORT_task_000,976305,C1_SEMANTIC_SUPPORT,0,dialog_trajectories/seed_976305/C1_SEMANTIC_SUPPORT/task_000.json,mechanism_traces/seed_976305/C1_SEMANTIC_SUPPORT/task_000.json,1,1,0.01002698,0.009064000000000001,49.18481266699382,498948c3ec4d026c99e3890fd3471c4f389d6ea6c56eae955d3ad08b1e632783,65b2464960b7c43f68a674cf988db992e3de8179cf06d1bdaa8d60d5dafb52ab
seed_976305_C1_SEMANTIC_SUPPORT_task_001,976305,C1_SEMANTIC_SUPPORT,1,dialog_trajectories/seed_976305/C1_SEMANTIC_SUPPORT/task_001.json,mechanism_traces/seed_976305/C1_SEMANTIC_SUPPORT/task_001.json,0,0,0.00738272,0.011321999999999999,77.84871354198549,ec148f3b9cd53c75da21441f334da8a70c1831fcfaaa39df91837c7f81112f8a,a6caff70cea3d36fa36180c977baadcca84bbefa28eae4b8ed4ba7321a8aa161
seed_976305_C1_SEMANTIC_SUPPORT_task_002,976305,C1_SEMANTIC_SUPPORT,2,dialog_trajectories/seed_976305/C1_SEMANTIC_SUPPORT/task_002.json,mechanism_traces/seed_976305/C1_SEMANTIC_SUPPORT/task_002.json,1,1,0.00938781,0.010058,70.32516649999889,3a97b6855f2ba99d1604c286bbf38fbbb7440f67a1bf5b1ff59429b33e9199b0,e4ffbd4847f131824c98cb60a1751347f33693f892650d3d23a66697d825fae5
seed_976305_C1_SEMANTIC_SUPPORT_task_003,976305,C1_SEMANTIC_SUPPORT,3,dialog_trajectories/seed_976305/C1_SEMANTIC_SUPPORT/task_003.json,mechanism_traces/seed_976305/C1_SEMANTIC_SUPPORT/task_003.json,0,0,0.00876602,0.009842,60.125480082992,37dd06808a38efac6742baa9b199a5a72576ac25fdef766440c3bc26ce6ce71f,88f0d1f9bbd7574c7391e582b669c4cea6c7097f25ca115570692dfddc9d764c
seed_976305_C1_SEMANTIC_SUPPORT_task_004,976305,C1_SEMANTIC_SUPPORT,4,dialog_trajectories/seed_976305/C1_SEMANTIC_SUPPORT/task_004.json,mechanism_traces/seed_976305/C1_SEMANTIC_SUPPORT/task_004.json,1,1,0.010049110000000002,0.010502000000000001,66.44175375002669,4dee8192a5fa5ac16b91e49dba6e1962e9ecf38f9b20438e7392dec0ecb1dc44,1ddfb90f6fef9dc1458d5914957043f3e66de22af4f3a13d99b0dbec8c0ddeaf
seed_976305_C1_SEMANTIC_SUPPORT_task_005,976305,C1_SEMANTIC_SUPPORT,5,dialog_trajectories/seed_976305/C1_SEMANTIC_SUPPORT/task_005.json,mechanism_traces/seed_976305/C1_SEMANTIC_SUPPORT/task_005.json,1,1,0.010211,0.014646,69.72915504203411,dd573aa9255981c77ea1e5f6b3cdcdc77a6a51cf5bf3a5938958222dd81ee9ec,84b3e12dbaa57a4e3fa394dadf42b9a19e8a1370e32260eedd47d7ec73693492
seed_976305_C1_SEMANTIC_SUPPORT_task_006,976305,C1_SEMANTIC_SUPPORT,6,dialog_trajectories/seed_976305/C1_SEMANTIC_SUPPORT/task_006.json,mechanism_traces/seed_976305/C1_SEMANTIC_SUPPORT/task_006.json,1,1,0.013271790000000002,0.024874,93.13616829100647,99cb0f2ed15beafcd0bf4911e02d8c3b7263444035a3d06a8a055b5ba2b7f22a,395a102359cfccbdabf51d8311d886821a2f5884953998c3ecb7325304607f94
seed_976305_C1_SEMANTIC_SUPPORT_task_007,976305,C1_SEMANTIC_SUPPORT,7,dialog_trajectories/seed_976305/C1_SEMANTIC_SUPPORT/task_007.json,mechanism_traces/seed_976305/C1_SEMANTIC_SUPPORT/task_007.json,1,1,0.014703889999999999,0.024877999999999997,73.43542033300037,3907747c68b87b4cbd28014be4f56960099a6c0cf7a8b7407595a43c8168e81b,9b5095d58e95e5ee8fad897877d45d668bd2a9faaa0452ec44fed5d0a4d4bc52
seed_976305_C1_SEMANTIC_SUPPORT_task_008,976305,C1_SEMANTIC_SUPPORT,8,dialog_trajectories/seed_976305/C1_SEMANTIC_SUPPORT/task_008.json,mechanism_traces/seed_976305/C1_SEMANTIC_SUPPORT/task_008.json,1,1,0.011064970000000002,0.016484,84.92247504100669,3ab0af220458cdd05467651bac0e163cd370f66700641c312e12e1edede37a36,315beea7dd964ef7970d60caab75f1d0cc87fa149897e2b18383acb32b588b19
seed_976305_C1_SEMANTIC_SUPPORT_task_009,976305,C1_SEMANTIC_SUPPORT,9,dialog_trajectories/seed_976305/C1_SEMANTIC_SUPPORT/task_009.json,mechanism_traces/seed_976305/C1_SEMANTIC_SUPPORT/task_009.json,0,0,0.011148469999999999,0.015039999999999998,120.89199404098326,add1fc2385c6f48d6017902e8903d7d51dd20f8496dd2287226b79ea77ab432a,370216afb802102893bbee149d0aea241f52560681b35821587e21dc51b067e7
seed_976305_C1_SEMANTIC_SUPPORT_task_010,976305,C1_SEMANTIC_SUPPORT,10,dialog_trajectories/seed_976305/C1_SEMANTIC_SUPPORT/task_010.json,mechanism_traces/seed_976305/C1_SEMANTIC_SUPPORT/task_010.json,1,1,0.00796866,0.010854,51.09078737499658,5450e503ba1f53c7727d2e5cde4ab4201102d26228abe220f12f6de908d3cd7c,ed6c862cc7d4b75d3e15d2b88e5de9fe083b2d70a0a483f02aa71ac3f10dab9c
seed_976305_C1_SEMANTIC_SUPPORT_task_011,976305,C1_SEMANTIC_SUPPORT,11,dialog_trajectories/seed_976305/C1_SEMANTIC_SUPPORT/task_011.json,mechanism_traces/seed_976305/C1_SEMANTIC_SUPPORT/task_011.json,1,1,0.007993100000000001,0.016663999999999998,49.95412654199754,ca932b8ccfa2b6400cf14345f3244439df0038ca0dd38147bd3ff0219c2671b9,69e8759be97ac40b0b1a53b1f267f65ccd90aa19e0946c5906a990f348a50cb1
seed_976305_C1_SEMANTIC_SUPPORT_task_012,976305,C1_SEMANTIC_SUPPORT,12,dialog_trajectories/seed_976305/C1_SEMANTIC_SUPPORT/task_012.json,mechanism_traces/seed_976305/C1_SEMANTIC_SUPPORT/task_012.json,1,1,0.00717309,0.011024,42.767226208990905,12e59f5d920a3268cd1980fbed66532e732c6e2ce8ceeed1f0bc7b14356449c3,b197d8a465a0edf8a599dc091c4a131006fe7da0c1edcff87a5cfc84270220b5
seed_976305_C1_SEMANTIC_SUPPORT_task_013,976305,C1_SEMANTIC_SUPPORT,13,dialog_trajectories/seed_976305/C1_SEMANTIC_SUPPORT/task_013.json,mechanism_traces/seed_976305/C1_SEMANTIC_SUPPORT/task_013.json,1,1,0.009496729999999998,0.017332000000000004,60.41028174999519,feb069bb489f1e0c1dbf9fbae41d4396038cabe0b39d76f1d6d987c17d3f188c,0bd92b72a92507f0c8677c7311924371e80c190ff670e218a9e51b461263434b
seed_976305_C1_SEMANTIC_SUPPORT_task_014,976305,C1_SEMANTIC_SUPPORT,14,dialog_trajectories/seed_976305/C1_SEMANTIC_SUPPORT/task_014.json,mechanism_traces/seed_976305/C1_SEMANTIC_SUPPORT/task_014.json,0,0,0.006065250000000001,0.008734,37.65177345898701,43b1d11a68ef5ca212e8be140dbedf25895b7ae495a9b32a463465d9a11b9469,5a0f2f30e11258cc865ccfe02ec2586f46daeca8795e929b41800015a818e9ad
seed_976305_C1_SEMANTIC_SUPPORT_task_015,976305,C1_SEMANTIC_SUPPORT,15,dialog_trajectories/seed_976305/C1_SEMANTIC_SUPPORT/task_015.json,mechanism_traces/seed_976305/C1_SEMANTIC_SUPPORT/task_015.json,1,1,0.008795840000000001,0.017873999999999998,52.55380791600328,a2df4e358ec025cbb0443a5273d0d50f5b5840ed10b217a2273f5899cf2224aa,629dea28ff83d4a5997612af0c0a766f27f7c8bc8bd12ea0dc4fc65cbcc484bb
seed_976305_C1_SEMANTIC_SUPPORT_task_016,976305,C1_SEMANTIC_SUPPORT,16,dialog_trajectories/seed_976305/C1_SEMANTIC_SUPPORT/task_016.json,mechanism_traces/seed_976305/C1_SEMANTIC_SUPPORT/task_016.json,1,1,0.008444940000000001,0.009227999999999998,50.27868587500416,cc536c8e49baa700a9b9d7e3c4ff3660dccbfa691ee987e14b7547acd9ed5261,296718150162b0801ed5523b09e0e1ceced16708919280cd02f78c2b57c77f86
seed_976305_C1_SEMANTIC_SUPPORT_task_017,976305,C1_SEMANTIC_SUPPORT,17,dialog_trajectories/seed_976305/C1_SEMANTIC_SUPPORT/task_017.json,mechanism_traces/seed_976305/C1_SEMANTIC_SUPPORT/task_017.json,1,1,0.00435752,0.011452,28.70768816600321,3e1c33083aa89dda3c730cfd0e9a8def481d18a694565c27ac3c395b96d86aff,b0d973a6b343e575e5ee82c5287af3c79d0bac3d74bf0318eae5c7e7a8b71d05
seed_976305_C1_SEMANTIC_SUPPORT_task_018,976305,C1_SEMANTIC_SUPPORT,18,dialog_trajectories/seed_976305/C1_SEMANTIC_SUPPORT/task_018.json,mechanism_traces/seed_976305/C1_SEMANTIC_SUPPORT/task_018.json,1,1,0.009586669999999999,0.015349999999999997,100.17701558402041,75d4db13534251c1e6a14f803df939b5fdf9d99f973412ef7e8b2ff68fa721d9,ae226c876cf03dc21ac397f06d33a7966c48c0e929dd8d14dc892e77cc439697
seed_976305_C1_SEMANTIC_SUPPORT_task_019,976305,C1_SEMANTIC_SUPPORT,19,dialog_trajectories/seed_976305/C1_SEMANTIC_SUPPORT/task_019.json,mechanism_traces/seed_976305/C1_SEMANTIC_SUPPORT/task_019.json,1,1,0.01385968,0.013692,79.7693888329959,25827eb4a847730f20c9f63f4e23999e4d0fc00e10d6ad11441c0370702da159,27454c004f15e400f839faf1f1cae892257ee04305de6c39933b196a68f23194
seed_976305_C1_SEMANTIC_SUPPORT_task_020,976305,C1_SEMANTIC_SUPPORT,20,dialog_trajectories/seed_976305/C1_SEMANTIC_SUPPORT/task_020.json,mechanism_traces/seed_976305/C1_SEMANTIC_SUPPORT/task_020.json,0,0,0.00814682,0.008742,54.76889204100007,7504f746d7855fc508a97a038df7f57bcf45da6070ef856a39a44d03b11361e5,1fd840fd440c88ae8df3c56a70f352c5ccf398f72bedd901a37a6ec923c07de5
seed_976305_C1_SEMANTIC_SUPPORT_task_021,976305,C1_SEMANTIC_SUPPORT,21,dialog_trajectories/seed_976305/C1_SEMANTIC_SUPPORT/task_021.json,mechanism_traces/seed_976305/C1_SEMANTIC_SUPPORT/task_021.json,0,0,0.006157209999999999,0.005097999999999999,51.90178729200852,9c4ef45613242ab85ec2951a62dffd35ef42f546c887814b7c948a1eec030fbd,8688ebd45842cff1f3b6656bf8d949a6efe2186b890c1a55b80e3e0c0282a613
seed_976305_C1_SEMANTIC_SUPPORT_task_022,976305,C1_SEMANTIC_SUPPORT,22,dialog_trajectories/seed_976305/C1_SEMANTIC_SUPPORT/task_022.json,mechanism_traces/seed_976305/C1_SEMANTIC_SUPPORT/task_022.json,1,1,0.01186932,0.013794,74.95458237500861,8ebaba367f074671e766780ffe3e6d03249cc1df58fbcfdac982f6ca027a3124,f353e2e53c5164daf799052f409ede645961e81e3e5962680a0472af6e618f59
seed_976305_C1_SEMANTIC_SUPPORT_task_023,976305,C1_SEMANTIC_SUPPORT,23,dialog_trajectories/seed_976305/C1_SEMANTIC_SUPPORT/task_023.json,mechanism_traces/seed_976305/C1_SEMANTIC_SUPPORT/task_023.json,1,1,0.01678814,0.011815999999999998,146.4237311659963,b85694df5a565986d22411509aed9a93d5960bedf01974d9353e2a4e153a4461,1ec12696ed5ec90e0ec19a0935514b6f55fab28a7862499d0a0107df4c7df363
seed_976305_C1_SEMANTIC_SUPPORT_task_024,976305,C1_SEMANTIC_SUPPORT,24,dialog_trajectories/seed_976305/C1_SEMANTIC_SUPPORT/task_024.json,mechanism_traces/seed_976305/C1_SEMANTIC_SUPPORT/task_024.json,1,1,0.00412479,0.012421999999999999,35.96934075001627,824a8ebf000e73f26eacb6a84d23c5de099379586fd84080fa19e73a9c89b41c,f5cc5844c93ea4017332eb366fc62672f222f441b56890e1d0c42034f28705eb
seed_976305_C1_SEMANTIC_SUPPORT_task_025,976305,C1_SEMANTIC_SUPPORT,25,dialog_trajectories/seed_976305/C1_SEMANTIC_SUPPORT/task_025.json,mechanism_traces/seed_976305/C1_SEMANTIC_SUPPORT/task_025.json,1,1,0.00609343,0.006987999999999999,36.283033832965884,519f89a5419aeb373f236e29cc3016c6868e922b9e79ace80b605d35c25aa61b,8b5519b0b4208941aeeca6ba97748eded8a8ce4531e7308ad79caf9ff23f6e95
seed_976305_C1_SEMANTIC_SUPPORT_task_026,976305,C1_SEMANTIC_SUPPORT,26,dialog_trajectories/seed_976305/C1_SEMANTIC_SUPPORT/task_026.json,mechanism_traces/seed_976305/C1_SEMANTIC_SUPPORT/task_026.json,1,1,0.0074420400000000005,0.010102,37.87351983299595,7fee8ed28cd29b2101603be2ecfe234667e665597491e2bf89fd3218564bad44,61a7489dc2c4283d0a66ba40c1c456483a304c7d652cba50f94e6d608bddf9e2
seed_976305_C1_SEMANTIC_SUPPORT_task_027,976305,C1_SEMANTIC_SUPPORT,27,dialog_trajectories/seed_976305/C1_SEMANTIC_SUPPORT/task_027.json,mechanism_traces/seed_976305/C1_SEMANTIC_SUPPORT/task_027.json,1,1,0.013061550000000002,0.012920000000000001,80.02459479199024,4fe0a35058224bff09eedeca85dc40cf49e9d34e6219e57093dcc83b1f706486,0a52ac7c7618b24ef0cf698df70835ebf5df9ab1cd8cfe97f400588d5d659ed9
seed_976305_C1_SEMANTIC_SUPPORT_task_028,976305,C1_SEMANTIC_SUPPORT,28,dialog_trajectories/seed_976305/C1_SEMANTIC_SUPPORT/task_028.json,mechanism_traces/seed_976305/C1_SEMANTIC_SUPPORT/task_028.json,1,1,0.01401554,0.030237999999999998,105.45923366700299,648a2149e1d53af2bc2585edac9880e14056a8ce73a49dc21d7cc5a948991f9b,4799d8fd8429835bc3aff941bcd863c19d8ff5a8f1b414e21e829922d42632f9
seed_976305_C1_SEMANTIC_SUPPORT_task_029,976305,C1_SEMANTIC_SUPPORT,29,dialog_trajectories/seed_976305/C1_SEMANTIC_SUPPORT/task_029.json,mechanism_traces/seed_976305/C1_SEMANTIC_SUPPORT/task_029.json,1,1,0.01407759,0.0091,83.51145525000175,89e54bf46133fb6792ff4eb62c200727b2d60a61a39fb9194e9e309277bdb5fa,c4a8445a7fb9d102b67441669bf0db1ad06ad2c1adc83c0be97c7839550113ab
seed_976305_C1_SEMANTIC_SUPPORT_task_030,976305,C1_SEMANTIC_SUPPORT,30,dialog_trajectories/seed_976305/C1_SEMANTIC_SUPPORT/task_030.json,mechanism_traces/seed_976305/C1_SEMANTIC_SUPPORT/task_030.json,1,1,0.016224739999999998,0.017626,80.65034716701484,c3836b825d689ce4c7aaaa5c90777cc327b6b345a9f0d709ff2fdb301ffbfc80,d5d9298bd50bd969904321ee890338bc81b86d2a3b3a0d17e8503356b7ec28d7
seed_976305_C1_SEMANTIC_SUPPORT_task_031,976305,C1_SEMANTIC_SUPPORT,31,dialog_trajectories/seed_976305/C1_SEMANTIC_SUPPORT/task_031.json,mechanism_traces/seed_976305/C1_SEMANTIC_SUPPORT/task_031.json,0,0,0.0036951600000000003,0.0053419999999999995,19.984831583016785,2ecd205ad0fa5f00f3992874054229ddc615c47fc770eea317aad4bd797a5f28,5de50fff974a44e2f0b12ffe8fb30c6db4d88f9142b5483280014ffcbcf8267b
seed_976305_C1_SEMANTIC_SUPPORT_task_032,976305,C1_SEMANTIC_SUPPORT,32,dialog_trajectories/seed_976305/C1_SEMANTIC_SUPPORT/task_032.json,mechanism_traces/seed_976305/C1_SEMANTIC_SUPPORT/task_032.json,0,0,0.014780980000000003,0.02325,103.3773570409976,f65c389f0652ed208fa2e3bd64aa1c35460c8d23f34f1d9e5805932a39e40f7b,aaba0607f3f96a871a7ce0e77e9eec1973293df31de372d6ed4c197124febd3f
seed_976305_C1_SEMANTIC_SUPPORT_task_033,976305,C1_SEMANTIC_SUPPORT,33,dialog_trajectories/seed_976305/C1_SEMANTIC_SUPPORT/task_033.json,mechanism_traces/seed_976305/C1_SEMANTIC_SUPPORT/task_033.json,1,1,0.00782739,0.012972,76.10259887500433,e2fa22e0bd87c6ac2b6db2340f6977c3d98e9b5a6218c6d62fe204b56c194c2a,4c01aeb24849a6ce376d0e509946c2a75b2f14763bf00a52be85779c11373382
seed_976305_C1_SEMANTIC_SUPPORT_task_034,976305,C1_SEMANTIC_SUPPORT,34,dialog_trajectories/seed_976305/C1_SEMANTIC_SUPPORT/task_034.json,mechanism_traces/seed_976305/C1_SEMANTIC_SUPPORT/task_034.json,0,0,0.008661470000000001,0.038614,98.02299066702835,af0e530cdf1c29d7a4eaff2673a127ba643aa2078a47501f9d31719089b6a0fb,f055c5a6d90e24379cf4e5e43ea97ea0c57bf3c35edafc4b2468e927d49a2005
seed_976305_C1_SEMANTIC_SUPPORT_task_035,976305,C1_SEMANTIC_SUPPORT,35,dialog_trajectories/seed_976305/C1_SEMANTIC_SUPPORT/task_035.json,mechanism_traces/seed_976305/C1_SEMANTIC_SUPPORT/task_035.json,1,1,0.01482458,0.0189,98.32994833303383,36e777b015b10e874058e1c6998adbdb03b44aa4d5a94eac49c558def5222147,0c7a3bac16db22acb5fff88727ca1edf61503e00c1398ce1d2cb1dea579d53be
seed_976305_C1_SEMANTIC_SUPPORT_task_036,976305,C1_SEMANTIC_SUPPORT,36,dialog_trajectories/seed_976305/C1_SEMANTIC_SUPPORT/task_036.json,mechanism_traces/seed_976305/C1_SEMANTIC_SUPPORT/task_036.json,1,1,0.012615769999999998,0.014314,84.6510482080048,c3bfa87ea25e0d78585c8a41b996cdfab499f617112fc3c82215cceb9110a312,8be5cf8b76b64d7087976547887adb84a8da2f6962b51060966a566ea58d25e6
seed_976305_C1_SEMANTIC_SUPPORT_task_038,976305,C1_SEMANTIC_SUPPORT,38,dialog_trajectories/seed_976305/C1_SEMANTIC_SUPPORT/task_038.json,mechanism_traces/seed_976305/C1_SEMANTIC_SUPPORT/task_038.json,0,0,0.013028349999999996,0.016437999999999998,66.1385088749812,94c1f7f3e4acd4fc69eeda3c139c874d05c84388b622182a0bf7eab05d4dc670,53654cfd620ba5e32109c4c0625d196849cc0987cc31416cbc9c089a95bb65fb
seed_976305_C1_SEMANTIC_SUPPORT_task_039,976305,C1_SEMANTIC_SUPPORT,39,dialog_trajectories/seed_976305/C1_SEMANTIC_SUPPORT/task_039.json,mechanism_traces/seed_976305/C1_SEMANTIC_SUPPORT/task_039.json,1,1,0.00934694,0.013729999999999997,82.41267450002488,c106c923a70ddd7900b0e4647684d1bbc21b862f7d6fd89147986fbd4c97ccd9,deb6668d60e25d5cfff5dc6d47067725a6a26e59612e79d39bc95246abd21c0c
seed_976305_C1_SEMANTIC_SUPPORT_task_040,976305,C1_SEMANTIC_SUPPORT,40,dialog_trajectories/seed_976305/C1_SEMANTIC_SUPPORT/task_040.json,mechanism_traces/seed_976305/C1_SEMANTIC_SUPPORT/task_040.json,1,1,0.00486533,0.008839999999999999,30.230623292038217,97e5e23fc9f76db75a9fad2132dabcbed3d92417bfe54805900f0f15b2642927,a8d55019272d71dd04225dc354b2b269fbe0cf70f7735ecb2edee94f135a9e70
seed_976305_C1_SEMANTIC_SUPPORT_task_042,976305,C1_SEMANTIC_SUPPORT,42,dialog_trajectories/seed_976305/C1_SEMANTIC_SUPPORT/task_042.json,mechanism_traces/seed_976305/C1_SEMANTIC_SUPPORT/task_042.json,0,0,0.014874730000000001,0.013892,60.49094375001732,4fa17039ddde9dd50d29251be4e4c5de5b7544a164cc8270b9d3186771b78160,68cde4726be7afaa9d0ae6668431f0a2f526b77d193bb207b43bb6785aa66d30
seed_976305_C1_SEMANTIC_SUPPORT_task_043,976305,C1_SEMANTIC_SUPPORT,43,dialog_trajectories/seed_976305/C1_SEMANTIC_SUPPORT/task_043.json,mechanism_traces/seed_976305/C1_SEMANTIC_SUPPORT/task_043.json,1,1,0.00855182,0.01208,50.660659832996316,59142b7df72964e7beb272acba73e4bb7b09a1989b6e4aac42328698ffa2afe4,c759d6e339bc89327daf11b9b8fa454be94b77647219b1b8e8ce6d5afd075aab
seed_976305_C1_SEMANTIC_SUPPORT_task_045,976305,C1_SEMANTIC_SUPPORT,45,dialog_trajectories/seed_976305/C1_SEMANTIC_SUPPORT/task_045.json,mechanism_traces/seed_976305/C1_SEMANTIC_SUPPORT/task_045.json,1,1,0.01135505,0.015404,65.42237583300448,90b321b1dc37501121675f1f8f4377979fd85e8f959060a51190588bd9e1a465,158c384025dd5d10d70c2d20e138d39099b88b49b8d7781cfe7eea392a979f31
seed_976305_C1_SEMANTIC_SUPPORT_task_049,976305,C1_SEMANTIC_SUPPORT,49,dialog_trajectories/seed_976305/C1_SEMANTIC_SUPPORT/task_049.json,mechanism_traces/seed_976305/C1_SEMANTIC_SUPPORT/task_049.json,1,1,0.00699999,0.008393999999999999,54.54620895802509,a23a690d892a6e8a279884740956b60aad38b8a23ff2ad007dd533e7d1c34f06,e31ba4de13a470941cc8a290074c7a99dfa42d4075ab19568fe4386e815a467d
seed_976305_C1_SEMANTIC_SUPPORT_task_050,976305,C1_SEMANTIC_SUPPORT,50,dialog_trajectories/seed_976305/C1_SEMANTIC_SUPPORT/task_050.json,mechanism_traces/seed_976305/C1_SEMANTIC_SUPPORT/task_050.json,1,1,0.0021119700000000003,0.004018,11.633148458000505,3345bfb20c2017c70ef66d008d374040eafb5cc93ea70634c3ab565df5b37414,9420efbee03ecaf3242d6cfea363ef7e89ad00836b3daed1f7650e2a7ee2777e
seed_976305_C1_SEMANTIC_SUPPORT_task_051,976305,C1_SEMANTIC_SUPPORT,51,dialog_trajectories/seed_976305/C1_SEMANTIC_SUPPORT/task_051.json,mechanism_traces/seed_976305/C1_SEMANTIC_SUPPORT/task_051.json,1,1,0.00613058,0.011853999999999998,38.52632379200077,1e0c17bb6941a6e3344ce55003f20befd0abab7c3be3d1d4e9b2e6b20d742c40,d9b0de39ef1217a1a233bca2c69fb4bceadb3ace2db47e842e57f65bee8850d5
seed_976305_C1_SEMANTIC_SUPPORT_task_053,976305,C1_SEMANTIC_SUPPORT,53,dialog_trajectories/seed_976305/C1_SEMANTIC_SUPPORT/task_053.json,mechanism_traces/seed_976305/C1_SEMANTIC_SUPPORT/task_053.json,1,1,0.00807076,0.013801999999999998,51.221085249999305,415914e4a897409c16b8be8c3c6a23a389743365257f2fcb95420d2fe5677a38,26bec6cf7540b3637aebbe7488617a78c80d357d12ea566ac9f611d86c9403db
seed_976305_C1_SEMANTIC_SUPPORT_task_054,976305,C1_SEMANTIC_SUPPORT,54,dialog_trajectories/seed_976305/C1_SEMANTIC_SUPPORT/task_054.json,mechanism_traces/seed_976305/C1_SEMANTIC_SUPPORT/task_054.json,1,1,0.01888658,0.011967999999999998,88.76427904100274,9a9d9074ad7fa74fd87b287942c3dd01d8a1e41c9c925ccab76edcc7e7b3332a,1f2172aaeb0cce78df850c6cbe589ca4f95e4480308cfddfc2ed6d5f63ccb948
seed_976305_C1_SEMANTIC_SUPPORT_task_055,976305,C1_SEMANTIC_SUPPORT,55,dialog_trajectories/seed_976305/C1_SEMANTIC_SUPPORT/task_055.json,mechanism_traces/seed_976305/C1_SEMANTIC_SUPPORT/task_055.json,1,1,0.013210299999999998,0.012133999999999999,86.90530012501404,61f7a2b8903b40c0ae4b46b3cc08bce46b017a6bc0fa38c6434eb6cd4f381b3d,8a55706066d9f6fe0449d00db14167b03315ed647bb030848a136bc4d3d33a90
seed_976305_C1_SEMANTIC_SUPPORT_task_056,976305,C1_SEMANTIC_SUPPORT,56,dialog_trajectories/seed_976305/C1_SEMANTIC_SUPPORT/task_056.json,mechanism_traces/seed_976305/C1_SEMANTIC_SUPPORT/task_056.json,0,0,0.0036617700000000004,0.007866,24.53231300000334,32089a058f3953ebc51fb3a31644e63827132cb6a69f19e6eccd171f6c307496,bc78185b6e6074d1ab037bd58fe114786d5e065c26244cc7cacb685680444ee6
seed_976305_C1_SEMANTIC_SUPPORT_task_059,976305,C1_SEMANTIC_SUPPORT,59,dialog_trajectories/seed_976305/C1_SEMANTIC_SUPPORT/task_059.json,mechanism_traces/seed_976305/C1_SEMANTIC_SUPPORT/task_059.json,1,1,0.00695057,0.012836,39.19022112499806,c76ad576685b02faa18bae71c8dc9033da2933f2c4f5381f356ca15da802661e,c6b3134bea911240080cef61f05091c8ed916dacc50b5a87dd93eebf9a8481ba
seed_976305_C1_SEMANTIC_SUPPORT_task_060,976305,C1_SEMANTIC_SUPPORT,60,dialog_trajectories/seed_976305/C1_SEMANTIC_SUPPORT/task_060.json,mechanism_traces/seed_976305/C1_SEMANTIC_SUPPORT/task_060.json,1,1,0.006676130000000001,0.009634,46.831884292012546,d68087ef6a8bcd66eded312c7e5a1c430d8cb61a88b4d8e0c4fa97fcf7f8ac8d,8b66139c6f0c8e6c2983f97e1d28a9280d2a6ecba8964c386162c293b2ed8ff6
seed_976305_C1_SEMANTIC_SUPPORT_task_061,976305,C1_SEMANTIC_SUPPORT,61,dialog_trajectories/seed_976305/C1_SEMANTIC_SUPPORT/task_061.json,mechanism_traces/seed_976305/C1_SEMANTIC_SUPPORT/task_061.json,1,1,0.00570554,0.006862,150.58385287501733,82e7eae70b010060e8188859a4077a3be7f345f7b154bdcb28a30065b739a57b,9f6b5ae29f0d4d0e5c7ccd351b0c63f6d96dc6eb91458c56431bc474d36d8957
seed_976305_C1_SEMANTIC_SUPPORT_task_062,976305,C1_SEMANTIC_SUPPORT,62,dialog_trajectories/seed_976305/C1_SEMANTIC_SUPPORT/task_062.json,mechanism_traces/seed_976305/C1_SEMANTIC_SUPPORT/task_062.json,1,1,0.00769729,0.014823999999999999,55.41955866699573,92b038b24511130a03d82c26fe068105403ead170ca68217338552da7f3881c3,c80f23135aa88aaf51e5656515bd78f835ff7c8b20f9c1e8f535f056cdc4ce50
seed_976305_C1_SEMANTIC_SUPPORT_task_064,976305,C1_SEMANTIC_SUPPORT,64,dialog_trajectories/seed_976305/C1_SEMANTIC_SUPPORT/task_064.json,mechanism_traces/seed_976305/C1_SEMANTIC_SUPPORT/task_064.json,1,0,0.00911531,0.012464,64.66967404104071,c5f9d59cbea5758689c8020ffb13c293234dae6cf6e589f1909a888b056dd475,f761bc9f0bc9a6c707ed2af5b4f9bc6d48259ff60335e13372ed434adb40d5c2
seed_976305_C1_SEMANTIC_SUPPORT_task_065,976305,C1_SEMANTIC_SUPPORT,65,dialog_trajectories/seed_976305/C1_SEMANTIC_SUPPORT/task_065.json,mechanism_traces/seed_976305/C1_SEMANTIC_SUPPORT/task_065.json,1,1,0.006830590000000001,0.00789,43.538064207998104,91eef736ef3ff9cd12364309cc0f66d2f9a2d37c73c317c900c889202e47e536,24d873acd5ac8c25d20cfa0097310e2e16eed6e3c11923996deea7059455ad82
seed_976305_C1_SEMANTIC_SUPPORT_task_068,976305,C1_SEMANTIC_SUPPORT,68,dialog_trajectories/seed_976305/C1_SEMANTIC_SUPPORT/task_068.json,mechanism_traces/seed_976305/C1_SEMANTIC_SUPPORT/task_068.json,1,1,0.00218243,0.007388,22.73386800001026,45c0f12cc06ffe92dd6b6ad97ba915749fd357b8d669c5a135d42e26a2562d62,f7deaa328f5b5fcf2740ac9026d44518c4c7fb8e3924860fdbc39b7521a3aa04
seed_976305_C1_SEMANTIC_SUPPORT_task_070,976305,C1_SEMANTIC_SUPPORT,70,dialog_trajectories/seed_976305/C1_SEMANTIC_SUPPORT/task_070.json,mechanism_traces/seed_976305/C1_SEMANTIC_SUPPORT/task_070.json,1,1,0.00620418,0.009802,45.5554479159764,b5731abfdd610e9cf135ac7b6dd2967b0504e08c88ec115ae4b4b1878c6a37c5,1e13e93422fdb4237e2f0567af2a73ba0ef0d9846fd46d1f8a473e0d5418b9f5
seed_976305_C1_SEMANTIC_SUPPORT_task_071,976305,C1_SEMANTIC_SUPPORT,71,dialog_trajectories/seed_976305/C1_SEMANTIC_SUPPORT/task_071.json,mechanism_traces/seed_976305/C1_SEMANTIC_SUPPORT/task_071.json,1,1,0.01647348,0.015188,102.8027208330459,7ef7c2c43e9b348f8a7eab8a464525e40eb96b93a066ca0f5ab834f5c907aba8,034103dbdb60226256323cdd4304acdc596d14b7ae6345f67fd657f280b16f4f
seed_976305_C1_SEMANTIC_SUPPORT_task_073,976305,C1_SEMANTIC_SUPPORT,73,dialog_trajectories/seed_976305/C1_SEMANTIC_SUPPORT/task_073.json,mechanism_traces/seed_976305/C1_SEMANTIC_SUPPORT/task_073.json,1,1,0.00497435,0.010178,35.4623955420102,c1652d76cca3cc12ee9ce2035d3006d823426af77298bc3e1332cdd5781ee9ef,7886b0bf95df60727bf0fe2fffc3b6626e885094c1aa3b648842ef55096eabbc
seed_976305_C1_SEMANTIC_SUPPORT_task_074,976305,C1_SEMANTIC_SUPPORT,74,dialog_trajectories/seed_976305/C1_SEMANTIC_SUPPORT/task_074.json,mechanism_traces/seed_976305/C1_SEMANTIC_SUPPORT/task_074.json,1,1,0.014631440000000002,0.010088,74.28148270800011,2e2e173ff79c14d585808a1ba199a43ee8e17eb3d8a52382b51d3482f8f39608,9c99d2a43619536ab3cd0c98a2369ff62a316b46bc9f9526a2b759dbbd3fa75c
seed_976305_C1_SEMANTIC_SUPPORT_task_075,976305,C1_SEMANTIC_SUPPORT,75,dialog_trajectories/seed_976305/C1_SEMANTIC_SUPPORT/task_075.json,mechanism_traces/seed_976305/C1_SEMANTIC_SUPPORT/task_075.json,1,1,0.005733950000000001,0.008648,54.155656166985864,18b1ddbc791958c111d33c9ee59b720b71bc9b6a8b11255e75806c7448e3e121,887290597c1e7cf9c3cb5fa8602d5d2ccf6fde6c0117040b4916df2eb9566102
seed_976305_C1_SEMANTIC_SUPPORT_task_077,976305,C1_SEMANTIC_SUPPORT,77,dialog_trajectories/seed_976305/C1_SEMANTIC_SUPPORT/task_077.json,mechanism_traces/seed_976305/C1_SEMANTIC_SUPPORT/task_077.json,1,1,0.005653160000000001,0.008957999999999999,36.25145220803097,eca0820585f2e7b0c0eca7436192cdba82cd1eef404ee2c4d9cfae875698a98e,2b7888fb515404f2613f4a7cd73d499a9754e110ea28342c4532f8ed52138707
seed_976305_C1_SEMANTIC_SUPPORT_task_079,976305,C1_SEMANTIC_SUPPORT,79,dialog_trajectories/seed_976305/C1_SEMANTIC_SUPPORT/task_079.json,mechanism_traces/seed_976305/C1_SEMANTIC_SUPPORT/task_079.json,1,1,0.01238508,0.018012,82.27860104199499,209ccdc68b3cf561a4375356b65707c8ea0f4d85b3941e5a626b1538b4086910,a99fb4c63994598692acf328754ac2ac735181433decc517a437250b7652f2a9
seed_976305_C1_SEMANTIC_SUPPORT_task_080,976305,C1_SEMANTIC_SUPPORT,80,dialog_trajectories/seed_976305/C1_SEMANTIC_SUPPORT/task_080.json,mechanism_traces/seed_976305/C1_SEMANTIC_SUPPORT/task_080.json,1,1,0.009541,0.017768,69.90826037499937,81b80921f4c025f712d3d8a27811c459ed0f03cba4401834203c96960528d759,1a2c7f3c6c652f709a3e6afae0341b6fcb2396d5b4dde61308f1eb1e43481058
seed_976305_C1_SEMANTIC_SUPPORT_task_086,976305,C1_SEMANTIC_SUPPORT,86,dialog_trajectories/seed_976305/C1_SEMANTIC_SUPPORT/task_086.json,mechanism_traces/seed_976305/C1_SEMANTIC_SUPPORT/task_086.json,1,1,0.01582154,0.017126,88.6756325000024,bf2e737855718a47713ad228483a56f8b2b5da82335eea0d14fe02b37b7f2b31,acda72b7c8655c2e8222939f2873e980b8d8e4dadbbe4a1c976d4e5dc873a994
seed_976305_C1_SEMANTIC_SUPPORT_task_087,976305,C1_SEMANTIC_SUPPORT,87,dialog_trajectories/seed_976305/C1_SEMANTIC_SUPPORT/task_087.json,mechanism_traces/seed_976305/C1_SEMANTIC_SUPPORT/task_087.json,0,0,0.011285420000000001,0.011281999999999999,69.35016974998871,fd07167f6f8c20993ec599acfd544ec3909ebf3d630c016414f343d116c65413,d460bdcf4f0ec5f97c86871afa5eeb54132d9af36175ef54b54261e843d35590
seed_976305_C1_SEMANTIC_SUPPORT_task_090,976305,C1_SEMANTIC_SUPPORT,90,dialog_trajectories/seed_976305/C1_SEMANTIC_SUPPORT/task_090.json,mechanism_traces/seed_976305/C1_SEMANTIC_SUPPORT/task_090.json,1,1,0.007102290000000001,0.010879999999999999,47.127018042025156,2b4bbe10f9f04f445bfdcecfb5cada3a152d047dec5297024d80606050cd59a3,185c8e21f52b12a012b89edf7eb64f4315b40bdc774f4ef258ee85f986c1f635
seed_976305_C1_SEMANTIC_SUPPORT_task_091,976305,C1_SEMANTIC_SUPPORT,91,dialog_trajectories/seed_976305/C1_SEMANTIC_SUPPORT/task_091.json,mechanism_traces/seed_976305/C1_SEMANTIC_SUPPORT/task_091.json,0,0,0.00464667,0.009138,31.803959499986377,c441c371e7d376a692fcc11fe0968b53e132b8219ff53289919056b88df13856,a93d2f09b8150949dba8021895ac5ab728d612e2566d5a9631d8882b39d50915
seed_976305_C1_SEMANTIC_SUPPORT_task_094,976305,C1_SEMANTIC_SUPPORT,94,dialog_trajectories/seed_976305/C1_SEMANTIC_SUPPORT/task_094.json,mechanism_traces/seed_976305/C1_SEMANTIC_SUPPORT/task_094.json,0,0,0.00855976,0.016125999999999998,86.60589695797535,a0bf6d361146b64fae50aca494674cb9b0642b2d65c003a705ce4e0df86f67f1,f527ae1f3dc0a7441eb6e4c4617b732c15cf515ee9cf20c9e6d8bc7610cff7e0
seed_976305_C1_SEMANTIC_SUPPORT_task_095,976305,C1_SEMANTIC_SUPPORT,95,dialog_trajectories/seed_976305/C1_SEMANTIC_SUPPORT/task_095.json,mechanism_traces/seed_976305/C1_SEMANTIC_SUPPORT/task_095.json,0,0,0.013181400000000001,0.01647,75.90884995798115,77a313f1afaadd9aed6359e8e9b20a18d9dcdedc3fa3cf77631a330a8eeddfe6,efa3fda45b5531a2f3cf6da01a7f43f23a57277b683e125d7533d97f41fc4eb2
seed_976305_C1_SEMANTIC_SUPPORT_task_097,976305,C1_SEMANTIC_SUPPORT,97,dialog_trajectories/seed_976305/C1_SEMANTIC_SUPPORT/task_097.json,mechanism_traces/seed_976305/C1_SEMANTIC_SUPPORT/task_097.json,1,1,0.010127820000000001,0.00934,71.99400150001748,cf19a1cdf4d882ceacc10bc5cea935e2692e4c7393792eb6fb374ab9c03d5fbe,988848fd91a7bffd2977ecdd823bb4476777c29faa4adbc18dbdc8497b0b9ef3
seed_976305_C1_SEMANTIC_SUPPORT_task_099,976305,C1_SEMANTIC_SUPPORT,99,dialog_trajectories/seed_976305/C1_SEMANTIC_SUPPORT/task_099.json,mechanism_traces/seed_976305/C1_SEMANTIC_SUPPORT/task_099.json,1,1,0.018218810000000002,0.019146,156.9583362910198,87df2945900f175722e986982ba22ddf8025fef3062fba3a2e42c4ff8d8f3d65,4e546bb0a127f245d42216e912b0af8af2a806906070b66dc097f85ea613feae
seed_976305_C1_SEMANTIC_SUPPORT_task_100,976305,C1_SEMANTIC_SUPPORT,100,dialog_trajectories/seed_976305/C1_SEMANTIC_SUPPORT/task_100.json,mechanism_traces/seed_976305/C1_SEMANTIC_SUPPORT/task_100.json,1,1,0.016893710000000003,0.012988000000000001,75.61454608300119,f455266b233faca8666cd4274f299239963f86a2987d70d93338b24cd906a089,6775d69ffde7ea37479d2d8619b0ac03379d0b3023162a8c023034513b078986
seed_976305_C1_SEMANTIC_SUPPORT_task_101,976305,C1_SEMANTIC_SUPPORT,101,dialog_trajectories/seed_976305/C1_SEMANTIC_SUPPORT/task_101.json,mechanism_traces/seed_976305/C1_SEMANTIC_SUPPORT/task_101.json,1,1,0.01626878,0.01671,112.02155562496046,8a000451f2d021f81030df80d37df103f5c5d9e30249889bd29ad4ad88a32d72,5d88a94d895e8fe60087aee464636e5e797605f18828dd3c5f6712b6332d003b
seed_976305_C1_SEMANTIC_SUPPORT_task_102,976305,C1_SEMANTIC_SUPPORT,102,dialog_trajectories/seed_976305/C1_SEMANTIC_SUPPORT/task_102.json,mechanism_traces/seed_976305/C1_SEMANTIC_SUPPORT/task_102.json,1,1,0.01405716,0.011077999999999998,71.6007639169984,84404350026d8f231bae03676615cd1fa2658487a4176beb9f2cc3a3470dec17,ffee9127b250d2a44636697b7a95b97a4586a468a7955d07587ef9cd7138ca79
seed_976305_C1_SEMANTIC_SUPPORT_task_105,976305,C1_SEMANTIC_SUPPORT,105,dialog_trajectories/seed_976305/C1_SEMANTIC_SUPPORT/task_105.json,mechanism_traces/seed_976305/C1_SEMANTIC_SUPPORT/task_105.json,0,0,0.007332150000000001,0.011094,39.90564650000306,fcb3ddadb8b4374f757af72b0c081738aa962e71c947875a3a70ed9fdf2e01cb,925314e15f2049936ad5e4ed4886a2c89e35038cbec5448b7e916e03a6add4c5
seed_976305_C1_SEMANTIC_SUPPORT_task_108,976305,C1_SEMANTIC_SUPPORT,108,dialog_trajectories/seed_976305/C1_SEMANTIC_SUPPORT/task_108.json,mechanism_traces/seed_976305/C1_SEMANTIC_SUPPORT/task_108.json,1,1,0.00787384,0.013136,71.8613629580068,99471014dbf5f17c22676513fa323b66277f018e8b88e01653c5e3188ed3db5b,e55569664f7fcf8492d758c0b149ee560e903efc0f2f8679c79eab8d3f600ef5
seed_976305_C1_SEMANTIC_SUPPORT_task_111,976305,C1_SEMANTIC_SUPPORT,111,dialog_trajectories/seed_976305/C1_SEMANTIC_SUPPORT/task_111.json,mechanism_traces/seed_976305/C1_SEMANTIC_SUPPORT/task_111.json,1,1,0.021854240000000007,0.01621,115.31385420900187,ed1286f7b5a151f47c895dba982b9a6803533b0d28111570a4860f6223938a7d,ba91941954d01af4399903194fad7303c0b486d0f341d2b780984589a02f134d
seed_976305_C1_SEMANTIC_SUPPORT_task_113,976305,C1_SEMANTIC_SUPPORT,113,dialog_trajectories/seed_976305/C1_SEMANTIC_SUPPORT/task_113.json,mechanism_traces/seed_976305/C1_SEMANTIC_SUPPORT/task_113.json,1,1,0.00596361,0.009682,42.46121295800549,a224a06e83e12ed89b58ae71871e14cf57086962b8897e6e714fba411b681b84,99befb8f3e185c258499491b5a94cfdb4774bdeedc6830fc86429843350d665f
seed_976305_C2_PREWRITE_CONTROL_task_000,976305,C2_PREWRITE_CONTROL,0,dialog_trajectories/seed_976305/C2_PREWRITE_CONTROL/task_000.json,mechanism_traces/seed_976305/C2_PREWRITE_CONTROL/task_000.json,1,1,0.00659878,0.00932,38.721039708005264,ef4f0a146430ee5b78cc6487d055393574603b047beb118e31b9c2d3a3f3b9ef,a686c9903fe2dbfe5d26db7be3fc7a3f38875587c10c840678c7c9b2efd86a7e
seed_976305_C2_PREWRITE_CONTROL_task_001,976305,C2_PREWRITE_CONTROL,1,dialog_trajectories/seed_976305/C2_PREWRITE_CONTROL/task_001.json,mechanism_traces/seed_976305/C2_PREWRITE_CONTROL/task_001.json,1,1,0.00657238,0.013054,52.71437216602499,116a494b7cc3d8dea06eb7f34a204775a371f06a84f98f882f950a1b79868422,b25b9720f0a9200b31ae4bc19c6e70c64ae26367d993e0247c97580d1c4a3858
seed_976305_C2_PREWRITE_CONTROL_task_002,976305,C2_PREWRITE_CONTROL,2,dialog_trajectories/seed_976305/C2_PREWRITE_CONTROL/task_002.json,mechanism_traces/seed_976305/C2_PREWRITE_CONTROL/task_002.json,0,0,0.013411509999999998,0.030739999999999996,113.03139033302432,d44d5e5395723848f18c86a1b732c724f49972f42f8e38c50f30dc312ce7ad37,70332bd49794c822cab2db62225254ecba858aebd995f11098eb858ded8c327b
seed_976305_C2_PREWRITE_CONTROL_task_003,976305,C2_PREWRITE_CONTROL,3,dialog_trajectories/seed_976305/C2_PREWRITE_CONTROL/task_003.json,mechanism_traces/seed_976305/C2_PREWRITE_CONTROL/task_003.json,1,1,0.007323760000000001,0.009285999999999999,45.40747437500977,6761ddd1d0574ef2175b5d824b06f08ae5a8fc761a254e522600704c2975ab1f,762f5fe7769a5934aae45725fe9915d1e822b909a388d15ddbe36015753331d7
seed_976305_C2_PREWRITE_CONTROL_task_004,976305,C2_PREWRITE_CONTROL,4,dialog_trajectories/seed_976305/C2_PREWRITE_CONTROL/task_004.json,mechanism_traces/seed_976305/C2_PREWRITE_CONTROL/task_004.json,1,1,0.0080583,0.009271999999999999,41.821412374963984,7047b1d0c8ec039c40fbd74e89faa803f3276aac32d36584c936c16ce1918181,e1722bb7afe85f3e9c3d4ddc0710f1288334fd3dfe43acc1377e3767cd6efcb9
seed_976305_C2_PREWRITE_CONTROL_task_005,976305,C2_PREWRITE_CONTROL,5,dialog_trajectories/seed_976305/C2_PREWRITE_CONTROL/task_005.json,mechanism_traces/seed_976305/C2_PREWRITE_CONTROL/task_005.json,1,1,0.006915480000000001,0.01927,60.45951404195512,240a1006766adf4ae3d93ea81e42e78f6fd51e0c306e946ad856464c2d27817f,68ba9ee8de35c343625a31dc1f6e7eb85abc7bd41b41a1ec42e59ddbe3fe4066
seed_976305_C2_PREWRITE_CONTROL_task_006,976305,C2_PREWRITE_CONTROL,6,dialog_trajectories/seed_976305/C2_PREWRITE_CONTROL/task_006.json,mechanism_traces/seed_976305/C2_PREWRITE_CONTROL/task_006.json,1,1,0.00787411,0.01669,42.386666749982396,cfe8b1c087f5a0b21294097da9c278f1414ba1a6900ac9d7a184d6f8e18b1951,efcf7bc6f00ee1c1eaad124d3c953b8d2989d5a46dfa1cd403b10b1a8907c0ba
seed_976305_C2_PREWRITE_CONTROL_task_007,976305,C2_PREWRITE_CONTROL,7,dialog_trajectories/seed_976305/C2_PREWRITE_CONTROL/task_007.json,mechanism_traces/seed_976305/C2_PREWRITE_CONTROL/task_007.json,1,1,0.007090249999999999,0.015688,56.032749541976955,86353a7859a497f76fbd0955a3eb28d6a260477156b2b45e2d84b1815a320773,10073bb88538859984749c01f74b5467630c17aba7b872a3695212a313c50c55
seed_976305_C2_PREWRITE_CONTROL_task_008,976305,C2_PREWRITE_CONTROL,8,dialog_trajectories/seed_976305/C2_PREWRITE_CONTROL/task_008.json,mechanism_traces/seed_976305/C2_PREWRITE_CONTROL/task_008.json,1,1,0.00826384,0.02384,73.9798165410175,bbc2236821ac29dd434164ff9f3a08965b1b8d35aad2b91cf831ae6419441e00,61619f315db5d1edab2b463fe714a0df9e9c3fa72d125fa10c3348593a4d53e2
seed_976305_C2_PREWRITE_CONTROL_task_009,976305,C2_PREWRITE_CONTROL,9,dialog_trajectories/seed_976305/C2_PREWRITE_CONTROL/task_009.json,mechanism_traces/seed_976305/C2_PREWRITE_CONTROL/task_009.json,1,1,0.0071341700000000004,0.0157,51.24458083300851,9e10db9259c3c8533b93840788adb1e39cb05bcc66f196e16af8454261dae36b,a1fc053dacea0c3ae4b7e4ec55157235bf519c342ca0a09acbfb178add82ae38
seed_976305_C2_PREWRITE_CONTROL_task_010,976305,C2_PREWRITE_CONTROL,10,dialog_trajectories/seed_976305/C2_PREWRITE_CONTROL/task_010.json,mechanism_traces/seed_976305/C2_PREWRITE_CONTROL/task_010.json,1,1,0.00587924,0.014248,35.96443495800486,ecea669fe6a0d077897699d15cd9cb9037e0cf11c802cad9a16d57c6abd2d850,e65dee6a0c4a943928858e633188437fc9dff00722f9371de6ec70511413c001
seed_976305_C2_PREWRITE_CONTROL_task_011,976305,C2_PREWRITE_CONTROL,11,dialog_trajectories/seed_976305/C2_PREWRITE_CONTROL/task_011.json,mechanism_traces/seed_976305/C2_PREWRITE_CONTROL/task_011.json,1,1,0.00600427,0.013261999999999998,41.76652654100326,9d52fa138e363f436325fdc019f085e84b74ff8b53e42621260a398a20841037,67e2c8c9d84543596bd254e0c0036de720080ceb9423b98d89e20f13a4f7dd9f
seed_976305_C2_PREWRITE_CONTROL_task_012,976305,C2_PREWRITE_CONTROL,12,dialog_trajectories/seed_976305/C2_PREWRITE_CONTROL/task_012.json,mechanism_traces/seed_976305/C2_PREWRITE_CONTROL/task_012.json,1,1,0.00494921,0.011282000000000002,45.6221244999615,dfe976dfec963bf4626e7b88b707f01cd59033eb7b202eaf27c5d4fb668d2426,c963fb79da18d66dbc51e4f0a4bb21d49435134bd4ccc848a4aa212bb5762d90
seed_976305_C2_PREWRITE_CONTROL_task_013,976305,C2_PREWRITE_CONTROL,13,dialog_trajectories/seed_976305/C2_PREWRITE_CONTROL/task_013.json,mechanism_traces/seed_976305/C2_PREWRITE_CONTROL/task_013.json,1,1,0.00480079,0.013182000000000001,31.22437004101812,c58603a313b5ce6f9a84138d1a7e1ed1a85378dd77e99e2be91a2bcd3dd3ebe8,91e88f6009e263b5185480c4f96c1a27a8f989f1cdc9bed0ce26e3a0d04c9743
seed_976305_C2_PREWRITE_CONTROL_task_014,976305,C2_PREWRITE_CONTROL,14,dialog_trajectories/seed_976305/C2_PREWRITE_CONTROL/task_014.json,mechanism_traces/seed_976305/C2_PREWRITE_CONTROL/task_014.json,0,0,0.0052285199999999995,0.009158,31.385149334033486,66d6f0254f695f4f6c2f30cca8340f819fa5287aec4193fa6aaefa4c576e6d86,a797a5622d89921bf5f3ad0e3ac0898263803d93e246989a8fe80a1d3a65ac77
seed_976305_C2_PREWRITE_CONTROL_task_015,976305,C2_PREWRITE_CONTROL,15,dialog_trajectories/seed_976305/C2_PREWRITE_CONTROL/task_015.json,mechanism_traces/seed_976305/C2_PREWRITE_CONTROL/task_015.json,1,1,0.00740147,0.011545999999999999,55.364287208998576,e5a55402fd2e23219e6dd93c4a41457a1455703ca9ace6f8957d8bdffbe38a14,cb07eec400d473b6d5254b5d87f8012141ca9394bc2465ab7685c9f385285dc2
seed_976305_C2_PREWRITE_CONTROL_task_016,976305,C2_PREWRITE_CONTROL,16,dialog_trajectories/seed_976305/C2_PREWRITE_CONTROL/task_016.json,mechanism_traces/seed_976305/C2_PREWRITE_CONTROL/task_016.json,1,1,0.006037249999999999,0.00795,37.66978270901018,4f1c00177f7ad8e882bc14c123a69b48894c0ff639d815bba7f71e2ada92633a,36539423a39b56978296984f0878e901b1b8f3b6f0473eecb45dcad459dcd352
seed_976305_C2_PREWRITE_CONTROL_task_017,976305,C2_PREWRITE_CONTROL,17,dialog_trajectories/seed_976305/C2_PREWRITE_CONTROL/task_017.json,mechanism_traces/seed_976305/C2_PREWRITE_CONTROL/task_017.json,1,1,0.00259908,0.008095999999999999,25.276784959016368,7573814cfe4d8b6a7eae0042a3619a8c99e4eda0998c13d0a82f902f1ddb3f5b,2f184e4f7bf5c29e1f51b30e3bebc142160ca6ecdfc6ffce44d793daac4692b5
seed_976305_C2_PREWRITE_CONTROL_task_018,976305,C2_PREWRITE_CONTROL,18,dialog_trajectories/seed_976305/C2_PREWRITE_CONTROL/task_018.json,mechanism_traces/seed_976305/C2_PREWRITE_CONTROL/task_018.json,1,1,0.007762109999999999,0.014632,90.7201198330149,049916deeff1a2b4cf7993ddc2a3660eee6ae3ca43a08a4a7625306ee97f1655,7e24b6bc0e1dbbe6005bdffb2a8f00e487b95fda62bf97997db3e3af377ef762
seed_976305_C2_PREWRITE_CONTROL_task_019,976305,C2_PREWRITE_CONTROL,19,dialog_trajectories/seed_976305/C2_PREWRITE_CONTROL/task_019.json,mechanism_traces/seed_976305/C2_PREWRITE_CONTROL/task_019.json,1,1,0.01205192,0.014242,118.1942510830122,33a98c8b715c6ad460c4d88174b3254607bd88818a2313a2e3448f6430b67848,61baaed1a30040e0caa4634a9179f2e70d17424b48d907306ffbce1810a589dc
seed_976305_C2_PREWRITE_CONTROL_task_020,976305,C2_PREWRITE_CONTROL,20,dialog_trajectories/seed_976305/C2_PREWRITE_CONTROL/task_020.json,mechanism_traces/seed_976305/C2_PREWRITE_CONTROL/task_020.json,0,0,0.006549680000000001,0.012758,54.91818916704506,cbade4bf7becb83a0cbc51395a5b2b5e8de9007a1b4aaad4d89d7d1289332dc3,9a2e12dd7934229415452013f11c427ee8de7a1dec0f9c5f21ab25247b4221f1
seed_976305_C2_PREWRITE_CONTROL_task_021,976305,C2_PREWRITE_CONTROL,21,dialog_trajectories/seed_976305/C2_PREWRITE_CONTROL/task_021.json,mechanism_traces/seed_976305/C2_PREWRITE_CONTROL/task_021.json,1,1,0.013565190000000001,0.015838,78.39286449999781,55f55c58407226c4c2a2035fee98e4dd23019781331bb399e577f401500f89c6,526984dd7270ab78bda63c3045ec03906371ca63ffc853a47a8b75ef673f9ecb
seed_976305_C2_PREWRITE_CONTROL_task_022,976305,C2_PREWRITE_CONTROL,22,dialog_trajectories/seed_976305/C2_PREWRITE_CONTROL/task_022.json,mechanism_traces/seed_976305/C2_PREWRITE_CONTROL/task_022.json,1,1,0.005883350000000001,0.012427999999999998,46.45537029195111,69efbaf02781ded4a86548f7bd1eb8eba72f440f97eda3c55566fcdd755cdd3f,4d583cf54877338ef60b92581658f915d01a37e38d8920ab484f733f5d77a958
seed_976305_C2_PREWRITE_CONTROL_task_023,976305,C2_PREWRITE_CONTROL,23,dialog_trajectories/seed_976305/C2_PREWRITE_CONTROL/task_023.json,mechanism_traces/seed_976305/C2_PREWRITE_CONTROL/task_023.json,1,1,0.0094595,0.010884,57.04436070896918,aa33b17cde8dede0eade1280542b18b1df787dba022f013392ef224c9005851d,aef068a25ab67fac032e4705b4ad5ac6e8f0e27e333db4c22ef2870d08552954
seed_976305_C2_PREWRITE_CONTROL_task_024,976305,C2_PREWRITE_CONTROL,24,dialog_trajectories/seed_976305/C2_PREWRITE_CONTROL/task_024.json,mechanism_traces/seed_976305/C2_PREWRITE_CONTROL/task_024.json,1,1,0.00356903,0.008745999999999999,31.309468084014952,f7109e4d665cc6a0e68cb94f29f322120627c1754826a86f066e1eb27a2c7367,323a78529912b2967e16edead0e87299c290849d24724cec53f2e2a055ad5eab
seed_976305_C2_PREWRITE_CONTROL_task_025,976305,C2_PREWRITE_CONTROL,25,dialog_trajectories/seed_976305/C2_PREWRITE_CONTROL/task_025.json,mechanism_traces/seed_976305/C2_PREWRITE_CONTROL/task_025.json,0,0,0.00638019,0.009404,35.499855042027775,d069d6be78242dff084e2cc98818e62a0b473aa0a779502d14b6ca0c706733d9,95f9820b81cc193da0be2e87c87eb4be2c1563ed1db221895cdf512c9e2a2113
seed_976305_C2_PREWRITE_CONTROL_task_026,976305,C2_PREWRITE_CONTROL,26,dialog_trajectories/seed_976305/C2_PREWRITE_CONTROL/task_026.json,mechanism_traces/seed_976305/C2_PREWRITE_CONTROL/task_026.json,1,1,0.00462594,0.006908,28.10546037502354,2fc965dbb1229e2f00b65b296e709efa9e10ddc9fcb6f5c1e9a178f88dc0be4b,7c5d14d6337d4c00a7a5af5b0b1bd8206f1eddfd9d7b7437ab56eea7d5b6f81d
seed_976305_C2_PREWRITE_CONTROL_task_027,976305,C2_PREWRITE_CONTROL,27,dialog_trajectories/seed_976305/C2_PREWRITE_CONTROL/task_027.json,mechanism_traces/seed_976305/C2_PREWRITE_CONTROL/task_027.json,1,1,0.00630463,0.008428,39.04086162504973,fa1b4a873c68274c0b662968b335c5491bff9ab0379c37ccaebebb827ee69eb8,3bb87d65f2de6e088220e9499e9521928970f6ee036eaf5508e691b4b8d9637c
seed_976305_C2_PREWRITE_CONTROL_task_028,976305,C2_PREWRITE_CONTROL,28,dialog_trajectories/seed_976305/C2_PREWRITE_CONTROL/task_028.json,mechanism_traces/seed_976305/C2_PREWRITE_CONTROL/task_028.json,1,1,0.00900946,0.021627999999999998,86.66640145899146,d960860708b9090a47d34a1b5cc3d91af97f8d08b994ce3ac98a35b5f3cb46a2,611be80ab05f60cae9af1b8e6a0dd68753e3422742444e9751ca27029ce44c3b
seed_976305_C2_PREWRITE_CONTROL_task_029,976305,C2_PREWRITE_CONTROL,29,dialog_trajectories/seed_976305/C2_PREWRITE_CONTROL/task_029.json,mechanism_traces/seed_976305/C2_PREWRITE_CONTROL/task_029.json,1,1,0.00920589,0.012431999999999999,51.324274792015785,9cdc3cdd269ab2724bf50251b76e6f485b3550970030091eb7ae509c8ec89a6f,b2241a87bf0e3b68e1305d9f800122a57a674c3079729b308b94c142fb210227
seed_976305_C2_PREWRITE_CONTROL_task_030,976305,C2_PREWRITE_CONTROL,30,dialog_trajectories/seed_976305/C2_PREWRITE_CONTROL/task_030.json,mechanism_traces/seed_976305/C2_PREWRITE_CONTROL/task_030.json,1,1,0.00785347,0.015577999999999998,54.65430250001373,cdda3418f1e9b461091091462c301fd4096d330fcc09e5ccf76ab57a312f70c6,6c4d20d34d1f58b65a42e34bb81fa6f1bb7ca8ff8a11b85c498ec7c66708e7da
seed_976305_C2_PREWRITE_CONTROL_task_031,976305,C2_PREWRITE_CONTROL,31,dialog_trajectories/seed_976305/C2_PREWRITE_CONTROL/task_031.json,mechanism_traces/seed_976305/C2_PREWRITE_CONTROL/task_031.json,0,0,0.00845755,0.01883,48.42329779200372,270aafa137a6103540297ca1333605ada709d3fbda60eccd1728f81f55636694,57d25c71148b7a3ce76828d51bf84d154afa65094cf048e7e92e45e208bc8d76
seed_976305_C2_PREWRITE_CONTROL_task_032,976305,C2_PREWRITE_CONTROL,32,dialog_trajectories/seed_976305/C2_PREWRITE_CONTROL/task_032.json,mechanism_traces/seed_976305/C2_PREWRITE_CONTROL/task_032.json,1,1,0.00723295,0.020058,60.35656516702147,da4e1c01117d91760bc752537c6c93f271d8a4a1e8a86f3c6cdb56330e518d98,47b7734cf35272c6b19ef08c6b3efe0f6d931501bcc5fcfdc06214becab19286
seed_976305_C2_PREWRITE_CONTROL_task_033,976305,C2_PREWRITE_CONTROL,33,dialog_trajectories/seed_976305/C2_PREWRITE_CONTROL/task_033.json,mechanism_traces/seed_976305/C2_PREWRITE_CONTROL/task_033.json,0,0,0.0054867299999999996,0.0167,56.363212166994344,83a5b72bd23c6cc08e98663d09928c9d23f42e345790d6249be62b3810c86b79,8b25c91be2c2cfcf960892502fd16e99f1700c1bda7777120f1abf382dd1eb40
seed_976305_C2_PREWRITE_CONTROL_task_034,976305,C2_PREWRITE_CONTROL,34,dialog_trajectories/seed_976305/C2_PREWRITE_CONTROL/task_034.json,mechanism_traces/seed_976305/C2_PREWRITE_CONTROL/task_034.json,1,1,0.009914770000000002,0.02801,83.18841262499336,2b43a4b86eea866eeb2181079e11309f7b6b3d4b885e63668308f317ded8b6c6,17c8609812c913fd1ac8c8975748395d0571f2a8ddd19a139897e942cd81585e
seed_976305_C2_PREWRITE_CONTROL_task_035,976305,C2_PREWRITE_CONTROL,35,dialog_trajectories/seed_976305/C2_PREWRITE_CONTROL/task_035.json,mechanism_traces/seed_976305/C2_PREWRITE_CONTROL/task_035.json,0,0,0.008942399999999998,0.011804,63.31464341602987,e0cc543c6992dbed3e171a7a90724644924505b8a011e0f1fde44d82671a6070,9c62b642f5b0b9293ec22f1becd64b58028920b2d650f966675f5d4d7a8dcf56
seed_976305_C2_PREWRITE_CONTROL_task_036,976305,C2_PREWRITE_CONTROL,36,dialog_trajectories/seed_976305/C2_PREWRITE_CONTROL/task_036.json,mechanism_traces/seed_976305/C2_PREWRITE_CONTROL/task_036.json,0,0,0.006273669999999999,0.016493999999999998,43.21423549999599,5202764b478c3b780bf8976e80276117e3070df45ae787b99e7b164725768614,2e879320fb3ce7be2795e7002c56a86bbcaba52e79c2cb8cfb692a04f4c80843
seed_976305_C2_PREWRITE_CONTROL_task_038,976305,C2_PREWRITE_CONTROL,38,dialog_trajectories/seed_976305/C2_PREWRITE_CONTROL/task_038.json,mechanism_traces/seed_976305/C2_PREWRITE_CONTROL/task_038.json,0,0,0.00953049,0.014444,74.9684796250076,27564131844a7625716d4ce684bcc63b19f5fc81bf5c4c1b211a1b82266085db,dd31656a1d60755b7e3a74aa2a66176fb2fb42b5a14f386e5468cdad806abd45
seed_976305_C2_PREWRITE_CONTROL_task_039,976305,C2_PREWRITE_CONTROL,39,dialog_trajectories/seed_976305/C2_PREWRITE_CONTROL/task_039.json,mechanism_traces/seed_976305/C2_PREWRITE_CONTROL/task_039.json,1,1,0.006966239999999999,0.01721,61.515427415957674,0e50c367cb87ac703f7428e72f545496a029eec35a5e4cd7cdba1670dc400d9a,44a2faa2e2045fd71a0e53667bf99ed281052c4582794a8b403fe4aa9bf03de8
seed_976305_C2_PREWRITE_CONTROL_task_040,976305,C2_PREWRITE_CONTROL,40,dialog_trajectories/seed_976305/C2_PREWRITE_CONTROL/task_040.json,mechanism_traces/seed_976305/C2_PREWRITE_CONTROL/task_040.json,1,1,0.00401362,0.010655999999999999,28.5320855830214,ff115b13c82780510ca8a471bfafe27fb31e61f8e071ec33a852a7672c4c8359,a21f210397616ce7c4464bf70e792376d50cb0510c0c58682c39e95cfb9ed6ba
seed_976305_C2_PREWRITE_CONTROL_task_042,976305,C2_PREWRITE_CONTROL,42,dialog_trajectories/seed_976305/C2_PREWRITE_CONTROL/task_042.json,mechanism_traces/seed_976305/C2_PREWRITE_CONTROL/task_042.json,1,1,0.010439550000000002,0.021308,72.65033925001626,72913bdf9adc7f0cfc5a93b80bed87baf4dcd2be7233a1efc140c4d8ea53dc33,987f34ee4d3dfc875fc9afe8b8c36cba71cb5414a5d2131e8b414b53e397c168
seed_976305_C2_PREWRITE_CONTROL_task_043,976305,C2_PREWRITE_CONTROL,43,dialog_trajectories/seed_976305/C2_PREWRITE_CONTROL/task_043.json,mechanism_traces/seed_976305/C2_PREWRITE_CONTROL/task_043.json,0,0,0.004975770000000001,0.015712,39.133865083014825,11cf157c8a8583714ff9504026bb6c9312b1f929d037f6e8aaacb38faeeed56f,e7269b0db92e175284db82dbc26f41c9340c88f6bd14ff210d399ac206c5f8a5
seed_976305_C2_PREWRITE_CONTROL_task_045,976305,C2_PREWRITE_CONTROL,45,dialog_trajectories/seed_976305/C2_PREWRITE_CONTROL/task_045.json,mechanism_traces/seed_976305/C2_PREWRITE_CONTROL/task_045.json,1,1,0.006635420000000001,0.011564,45.4234977090091,67ea04b14a2d757fe7a8e54cbb1692666db63b0ae0050928ad2b0caf9a63c5dd,1b805946f8923cb40bdb047b911ef2a811f155d4b64e4a789d0cfe6b83639418
seed_976305_C2_PREWRITE_CONTROL_task_049,976305,C2_PREWRITE_CONTROL,49,dialog_trajectories/seed_976305/C2_PREWRITE_CONTROL/task_049.json,mechanism_traces/seed_976305/C2_PREWRITE_CONTROL/task_049.json,1,1,0.00776793,0.015818,91.3317737079924,7c7254d7bf9bc02e436159cf1028ccf7787652bcbb04cc03a53616f0e032112c,6b82cc3634fdec9ab20a4063b2ce9f2393a175679f3750e3b6e24201a0c093fe
seed_976305_C2_PREWRITE_CONTROL_task_050,976305,C2_PREWRITE_CONTROL,50,dialog_trajectories/seed_976305/C2_PREWRITE_CONTROL/task_050.json,mechanism_traces/seed_976305/C2_PREWRITE_CONTROL/task_050.json,1,1,0.0024934400000000004,0.004148,13.90996062499471,d22baefb83510a70689b674bd9227cb81bde279f7a41a049b8ecf0549f5273a4,5fb40643367a9e99eed690b54945c55164f580294639153273f89729c854f33e
seed_976305_C2_PREWRITE_CONTROL_task_051,976305,C2_PREWRITE_CONTROL,51,dialog_trajectories/seed_976305/C2_PREWRITE_CONTROL/task_051.json,mechanism_traces/seed_976305/C2_PREWRITE_CONTROL/task_051.json,1,1,0.00343046,0.010683999999999999,36.63276725000469,a88651a8f1c8ab449c738ae36f83df62cc504a1da4099888cd99f883d987bac7,7eef983bd7bc5ab8c33ebcf8317f1242463b51bc2400bc9f1800872ee3a261b6
seed_976305_C2_PREWRITE_CONTROL_task_053,976305,C2_PREWRITE_CONTROL,53,dialog_trajectories/seed_976305/C2_PREWRITE_CONTROL/task_053.json,mechanism_traces/seed_976305/C2_PREWRITE_CONTROL/task_053.json,0,0,0.00621663,0.012412,41.232102458016016,a37dc102d701e7df432b51dd5c11a32a1c1dd9b7268afa83c9b935627f5102f1,a942b57d00df3785946154c1591857205f5acce13e12d60e194287541076f856
seed_976305_C2_PREWRITE_CONTROL_task_054,976305,C2_PREWRITE_CONTROL,54,dialog_trajectories/seed_976305/C2_PREWRITE_CONTROL/task_054.json,mechanism_traces/seed_976305/C2_PREWRITE_CONTROL/task_054.json,1,1,0.011645909999999999,0.015093999999999998,128.7393664160045,8056caded0901a96c74159e3fa9c2a1f692a3268afacdff9e82722b55f2acc84,d8e544800244b9fc97b34af94468bb3003bbe568bdf36802c653e9169d1f81e0
seed_976305_C2_PREWRITE_CONTROL_task_055,976305,C2_PREWRITE_CONTROL,55,dialog_trajectories/seed_976305/C2_PREWRITE_CONTROL/task_055.json,mechanism_traces/seed_976305/C2_PREWRITE_CONTROL/task_055.json,1,1,0.007395430000000001,0.018217999999999998,73.10864470800152,35dff8a7b0214cd27a3e6021b8a7e1b24fe33f5c89f0feaa696260d86b42f5b5,1886843a880d8fdd9a31e5ba3dec054c0077868a215508e42fb4a6ef04f10f85
seed_976305_C2_PREWRITE_CONTROL_task_056,976305,C2_PREWRITE_CONTROL,56,dialog_trajectories/seed_976305/C2_PREWRITE_CONTROL/task_056.json,mechanism_traces/seed_976305/C2_PREWRITE_CONTROL/task_056.json,0,0,0.00323522,0.005267999999999999,19.487993958988227,f9b6b4611882b322cdd01568ed6c150f39bfc052d97b1404c52eb386b2277f84,be0c3f9a8ba1facd10a58b1988e625268e5c26e8039ae02aa5b1f08bf4c69ebf
seed_976305_C2_PREWRITE_CONTROL_task_059,976305,C2_PREWRITE_CONTROL,59,dialog_trajectories/seed_976305/C2_PREWRITE_CONTROL/task_059.json,mechanism_traces/seed_976305/C2_PREWRITE_CONTROL/task_059.json,0,0,0.00446558,0.012346,30.137718790996587,6b4c0e5344926fa03ebf90eccb9ec49ae8eae973fdd40773e0105d374ecc8d68,7ab0322514e6fc84fea8245f53c3935448c108657eb3c98ed043c73c21c91f51
seed_976305_C2_PREWRITE_CONTROL_task_060,976305,C2_PREWRITE_CONTROL,60,dialog_trajectories/seed_976305/C2_PREWRITE_CONTROL/task_060.json,mechanism_traces/seed_976305/C2_PREWRITE_CONTROL/task_060.json,1,1,0.00442408,0.007235999999999999,50.99963683297392,39ae14f7f83da5c3a97e28ac9a1f9ba02d0ae00ec4263d8559d1a415748db85e,8bc40c28c51eedebb357480ac51df23884b5c7be07be48f79f8be2afe313550e
seed_976305_C2_PREWRITE_CONTROL_task_061,976305,C2_PREWRITE_CONTROL,61,dialog_trajectories/seed_976305/C2_PREWRITE_CONTROL/task_061.json,mechanism_traces/seed_976305/C2_PREWRITE_CONTROL/task_061.json,1,1,0.004501280000000001,0.008473999999999999,29.77270299999509,91557b12019b86c294c36a26a799d618693adc31d4e2e7d7397b08fec1fa55c4,a18861c8944ca9e643430c0d778530dde2cdded0468f39668c1bfcc01e029f08
seed_976305_C2_PREWRITE_CONTROL_task_062,976305,C2_PREWRITE_CONTROL,62,dialog_trajectories/seed_976305/C2_PREWRITE_CONTROL/task_062.json,mechanism_traces/seed_976305/C2_PREWRITE_CONTROL/task_062.json,1,1,0.005682020000000001,0.012808,46.89363154099556,d3833b5ac8a424a5328b258c262e4f785b05e1a98164dd6e0d931551cc504a46,334b45bdaa86cc8af7d54399e43166b7b8a067dcdf4de6f7ea3a01f6d9eb40cf
seed_976305_C2_PREWRITE_CONTROL_task_064,976305,C2_PREWRITE_CONTROL,64,dialog_trajectories/seed_976305/C2_PREWRITE_CONTROL/task_064.json,mechanism_traces/seed_976305/C2_PREWRITE_CONTROL/task_064.json,0,0,0.0031727,0.009441999999999999,34.64321554201888,4954b8a00e93160ad2479e1a3cb4db134748fe2ecf1a025be13b9db7d8f59c83,daca9fefd02a547fa49022a203f352202cfbd2d2835fc8e3f8ceee1bad8c9332
seed_976305_C2_PREWRITE_CONTROL_task_065,976305,C2_PREWRITE_CONTROL,65,dialog_trajectories/seed_976305/C2_PREWRITE_CONTROL/task_065.json,mechanism_traces/seed_976305/C2_PREWRITE_CONTROL/task_065.json,1,1,0.0028118,0.005562,19.08368775001145,d09912bb02056262da2f6a044159429134709a40c8e0608adc49aabc047ed9d5,baf0d15c4392c22d64a726933e5351b0917d04c5b57c08b89c160262a644dd3d
seed_976305_C2_PREWRITE_CONTROL_task_068,976305,C2_PREWRITE_CONTROL,68,dialog_trajectories/seed_976305/C2_PREWRITE_CONTROL/task_068.json,mechanism_traces/seed_976305/C2_PREWRITE_CONTROL/task_068.json,1,1,0.0020867800000000003,0.00706,19.892071208974812,0adac1184586c57aa5615073c71a81caf0eccbd7e82cb0849aeaba3ad97256fa,d562a621b8d7e6a8d00139f192fe89dc8be6e4ce2958fdff44f81ea247c094a0
seed_976305_C2_PREWRITE_CONTROL_task_070,976305,C2_PREWRITE_CONTROL,70,dialog_trajectories/seed_976305/C2_PREWRITE_CONTROL/task_070.json,mechanism_traces/seed_976305/C2_PREWRITE_CONTROL/task_070.json,1,1,0.00485534,0.01031,31.552210540976375,74b2b0104878c611cbe3f253e2159ba891d035f1a8f074fe77cf6c09fae20349,17818260d3992a042eac41360f51afe4e71555b7ec147d8ddc354cd0f4f6b21d
seed_976305_C2_PREWRITE_CONTROL_task_071,976305,C2_PREWRITE_CONTROL,71,dialog_trajectories/seed_976305/C2_PREWRITE_CONTROL/task_071.json,mechanism_traces/seed_976305/C2_PREWRITE_CONTROL/task_071.json,1,1,0.012489470000000003,0.015576,80.60038279101718,d4b638a33e26553a188441b222d461449ad1d1a67b0c98954bfbd6cf70a80e7e,5b165e12762ab2c672b6ae7ac6c9c1cf6cd6ae66dd4a4307ab0210e6f3b342bc
seed_976305_C2_PREWRITE_CONTROL_task_073,976305,C2_PREWRITE_CONTROL,73,dialog_trajectories/seed_976305/C2_PREWRITE_CONTROL/task_073.json,mechanism_traces/seed_976305/C2_PREWRITE_CONTROL/task_073.json,1,1,0.00297904,0.007307999999999999,29.347428624983877,06e4e07ac9ed3ac4187f2eee73df6b14d2cfacf45657b8a3114e1b1805e36d1f,05d667a3d6a84c1179b40d23b5c8e498345c23b8128de275f4a7f59f18939402
seed_976305_C2_PREWRITE_CONTROL_task_074,976305,C2_PREWRITE_CONTROL,74,dialog_trajectories/seed_976305/C2_PREWRITE_CONTROL/task_074.json,mechanism_traces/seed_976305/C2_PREWRITE_CONTROL/task_074.json,0,0,0.00955781,0.018468000000000002,70.59715087496443,6467afe9e23f0a1f390cab6188b5d7c51b1572746a20dbe1310614ed22f378bb,290e640409f8ec76809dfd52d5b3d40d79874e527c4dee24db7b2ea254bd6568
seed_976305_C2_PREWRITE_CONTROL_task_075,976305,C2_PREWRITE_CONTROL,75,dialog_trajectories/seed_976305/C2_PREWRITE_CONTROL/task_075.json,mechanism_traces/seed_976305/C2_PREWRITE_CONTROL/task_075.json,1,1,0.004441530000000001,0.009618,29.870410750008887,10d05433b4ecaeea77975ff40689f4e16ac2cfe42f2577d6ec812238f9ef4b2c,4e63da565e024e39d4b1515541d65b58523c54c092370886f0e6200125c914bd
seed_976305_C2_PREWRITE_CONTROL_task_077,976305,C2_PREWRITE_CONTROL,77,dialog_trajectories/seed_976305/C2_PREWRITE_CONTROL/task_077.json,mechanism_traces/seed_976305/C2_PREWRITE_CONTROL/task_077.json,1,1,0.00416372,0.00792,32.43648708402179,1bcbcd96b1a2057ee270a144a0d9df47863cfc5cf9741498fc432a321fa81f77,803a1eec8619e2a26cb8624641149388f93b9163b98af0952c1ec2f4930c3a5a
seed_976305_C2_PREWRITE_CONTROL_task_079,976305,C2_PREWRITE_CONTROL,79,dialog_trajectories/seed_976305/C2_PREWRITE_CONTROL/task_079.json,mechanism_traces/seed_976305/C2_PREWRITE_CONTROL/task_079.json,0,0,0.00507766,0.009866,31.41323770803865,283d234b2d02d6ffbb05f7ec7473cd09191520e778aa531a426224862c9ebc72,f51362cf3ecf38bf9ebe61a45c28297c65767cdd2190ebc66ae8db341fc424ef
seed_976305_C2_PREWRITE_CONTROL_task_080,976305,C2_PREWRITE_CONTROL,80,dialog_trajectories/seed_976305/C2_PREWRITE_CONTROL/task_080.json,mechanism_traces/seed_976305/C2_PREWRITE_CONTROL/task_080.json,0,0,0.007797049999999999,0.020062,57.26141733399709,aeefa95fabd716b23562ab36a053125d5e756e119c298611a6c65de71decb977,f7d7baf1d701a81471eaadf26df3d9ee666704ac2a6a6a15827b449d64eae61a
seed_976305_C2_PREWRITE_CONTROL_task_086,976305,C2_PREWRITE_CONTROL,86,dialog_trajectories/seed_976305/C2_PREWRITE_CONTROL/task_086.json,mechanism_traces/seed_976305/C2_PREWRITE_CONTROL/task_086.json,0,0,0.0026982400000000006,0.008464,23.39678099998855,41ec3cda7f4001f08d5b2550592c9a67833d45004171325145d74d62edc5ae68,c0822ca4d4a11ed744a31b049e36f91acce0b31ed726c5abed3e50e56ea1b3d3
seed_976305_C2_PREWRITE_CONTROL_task_087,976305,C2_PREWRITE_CONTROL,87,dialog_trajectories/seed_976305/C2_PREWRITE_CONTROL/task_087.json,mechanism_traces/seed_976305/C2_PREWRITE_CONTROL/task_087.json,1,1,0.009107200000000001,0.012372000000000001,91.10942112503108,bcc2c45babd155aebc1128071bcbdc4d615b9ab1954f202f76d8d80df0a939ac,75ff6d3788c17247f548b7b0afab1d46f0d9ee5039ca5d96f3ed61522479b0a7
seed_976305_C2_PREWRITE_CONTROL_task_090,976305,C2_PREWRITE_CONTROL,90,dialog_trajectories/seed_976305/C2_PREWRITE_CONTROL/task_090.json,mechanism_traces/seed_976305/C2_PREWRITE_CONTROL/task_090.json,1,1,0.00613009,0.011387999999999999,50.65064012503717,2bea0dd5a9fcb4873a18965b28f83f13e1e682d7f9f00eab7ec8cb182f30d9fc,932f270e103925b5d7232f977f1cd6fad7ff06f563af1f29a434db78d4445f8e
seed_976305_C2_PREWRITE_CONTROL_task_091,976305,C2_PREWRITE_CONTROL,91,dialog_trajectories/seed_976305/C2_PREWRITE_CONTROL/task_091.json,mechanism_traces/seed_976305/C2_PREWRITE_CONTROL/task_091.json,0,0,0.010864950000000002,0.026367999999999996,81.70823908300372,668ab6bec57eb24841092bdd322348399a7e409d90daeef89452a9426c5fa327,08b82b59e0ec97ef994a43769f47139ac254d95f236023ba28f202915c3badb8
seed_976305_C2_PREWRITE_CONTROL_task_094,976305,C2_PREWRITE_CONTROL,94,dialog_trajectories/seed_976305/C2_PREWRITE_CONTROL/task_094.json,mechanism_traces/seed_976305/C2_PREWRITE_CONTROL/task_094.json,0,0,0.006495239999999999,0.013432,113.43430308299139,7b551369cde2cb5a9fa44ab63758e61114d38fb8c6d09417657cf0cc5d86f875,c5025c3d80a543ff2bb3c7d0b5352f07172131c219d1c76da0cbe0f3718c0dc1
seed_976305_C2_PREWRITE_CONTROL_task_095,976305,C2_PREWRITE_CONTROL,95,dialog_trajectories/seed_976305/C2_PREWRITE_CONTROL/task_095.json,mechanism_traces/seed_976305/C2_PREWRITE_CONTROL/task_095.json,1,1,0.01081387,0.0172,74.32158795799478,78708bcf3935feedcc736a5af2f21f65c28966f8a942ceace080a4d4c2ce56ef,d02a3199ef0d154b478cdf4cea553f3863291a543f2d8bf97a2d30fde4e479a2
seed_976305_C2_PREWRITE_CONTROL_task_097,976305,C2_PREWRITE_CONTROL,97,dialog_trajectories/seed_976305/C2_PREWRITE_CONTROL/task_097.json,mechanism_traces/seed_976305/C2_PREWRITE_CONTROL/task_097.json,0,0,0.0050078100000000006,0.015874,67.87338895798894,b6943c5b82723c2b1ee7554da8c73543882b149b76f4284e1478200a9b1e748c,b7e2e046b76883fa9d26f45af83b79b34fa84d9b2ba42ec17952ee7ab7cf97de
seed_976305_C2_PREWRITE_CONTROL_task_099,976305,C2_PREWRITE_CONTROL,99,dialog_trajectories/seed_976305/C2_PREWRITE_CONTROL/task_099.json,mechanism_traces/seed_976305/C2_PREWRITE_CONTROL/task_099.json,0,0,0.01294744,0.021546,93.17879379197257,8a8623eeb2ef99ce81f85884f0980ee2bdc4b639dda7c52bc136de6c07c68764,bd4cbe2a19e8f69090f68d233a897a40e3fdc85bd3fca0e85ca43e89a08b974d
seed_976305_C2_PREWRITE_CONTROL_task_100,976305,C2_PREWRITE_CONTROL,100,dialog_trajectories/seed_976305/C2_PREWRITE_CONTROL/task_100.json,mechanism_traces/seed_976305/C2_PREWRITE_CONTROL/task_100.json,1,1,0.010098870000000001,0.013724,54.88719554099953,ffa7ca53b3e91fa3ea1e92bee94536990542dbd4ac9e73e8a567ea22c876da80,7f32aa2f1bc2185243ebf94f05d91ff6b96a6f387055ba6a575d0c92e31144fd
seed_976305_C2_PREWRITE_CONTROL_task_101,976305,C2_PREWRITE_CONTROL,101,dialog_trajectories/seed_976305/C2_PREWRITE_CONTROL/task_101.json,mechanism_traces/seed_976305/C2_PREWRITE_CONTROL/task_101.json,1,1,0.00960718,0.013763999999999998,81.68827079195762,68dbf696db15cf0572eedd0ac881e6f06c23447c197a2c27c00b8e343128ff42,9ada8db16da82eb9d2f575ce91e7d71156ab15f9b55c3cf44ab82711d2fb5c81
seed_976305_C2_PREWRITE_CONTROL_task_102,976305,C2_PREWRITE_CONTROL,102,dialog_trajectories/seed_976305/C2_PREWRITE_CONTROL/task_102.json,mechanism_traces/seed_976305/C2_PREWRITE_CONTROL/task_102.json,1,1,0.014242330000000003,0.01509,105.66295374999754,fa2e6f9ab8e3cfeebf6dd2121f2447b709240ae0715142aa454f14cd3c8bfc6a,4450346e0c0bc5ae97e96c55be4add55130e0cac9f0fbbe7a8d346429bafbcf6
seed_976305_C2_PREWRITE_CONTROL_task_105,976305,C2_PREWRITE_CONTROL,105,dialog_trajectories/seed_976305/C2_PREWRITE_CONTROL/task_105.json,mechanism_traces/seed_976305/C2_PREWRITE_CONTROL/task_105.json,0,0,0.00623205,0.017915999999999998,47.47816233302001,6b8a891850a13f46ec4a387ee8d08f04f28888a35cb13d040d77520b5fe7018e,c3e019e1e3dd0f339a8df975fd76309ca5f23be9a534ae8a418b5514363bb156
seed_976305_C2_PREWRITE_CONTROL_task_108,976305,C2_PREWRITE_CONTROL,108,dialog_trajectories/seed_976305/C2_PREWRITE_CONTROL/task_108.json,mechanism_traces/seed_976305/C2_PREWRITE_CONTROL/task_108.json,1,1,0.00447389,0.008561999999999998,32.98928141599754,e760f287c2d9ec1efcb662a396182ba463a6e96c1ece316220796e7f86d66608,4ac4a738124af46ecd55de5e17a931bd47e7df82a3153481f81d9ac15dd0506e
seed_976305_C2_PREWRITE_CONTROL_task_111,976305,C2_PREWRITE_CONTROL,111,dialog_trajectories/seed_976305/C2_PREWRITE_CONTROL/task_111.json,mechanism_traces/seed_976305/C2_PREWRITE_CONTROL/task_111.json,1,1,0.01187759,0.011578000000000001,58.127997583011165,e38a2a812053b2dd8814670171f9753cca533a321028b8a24c1336f9df4c2659,54a7e603455c1a920a23d52e342542458929a57e94fa795f2b79c4cdaaba5d51
seed_976305_C2_PREWRITE_CONTROL_task_113,976305,C2_PREWRITE_CONTROL,113,dialog_trajectories/seed_976305/C2_PREWRITE_CONTROL/task_113.json,mechanism_traces/seed_976305/C2_PREWRITE_CONTROL/task_113.json,1,1,0.00410588,0.00928,22.578521207993617,8309532a76ae2fcbe6268e2ed4d66e07a9403f278a02c378d42ed4e2f1bacad4,9251b16d13747cf0767c5d09be0dab38e219f1bcaddcd19558c22b988b583e63
seed_976305_C3_COMBINED_INTERVENTION_task_000,976305,C3_COMBINED_INTERVENTION,0,dialog_trajectories/seed_976305/C3_COMBINED_INTERVENTION/task_000.json,mechanism_traces/seed_976305/C3_COMBINED_INTERVENTION/task_000.json,1,1,0.010494000000000002,0.009518,59.25572037498932,badcae35f912867d8687999dffaab268f70337b51ca25a7c08ff56d1b3b3e6dd,4cf3244ec1d07eeb0a0341906bc12a1543a74fc81e5ff1026d65fce89e0107ab
seed_976305_C3_COMBINED_INTERVENTION_task_001,976305,C3_COMBINED_INTERVENTION,1,dialog_trajectories/seed_976305/C3_COMBINED_INTERVENTION/task_001.json,mechanism_traces/seed_976305/C3_COMBINED_INTERVENTION/task_001.json,1,1,0.00873875,0.008624,56.56603987503331,cf1b108cfd6d9316244623961d06ce64fbf01151f1d59a9eccf3cd63b33e8e58,e45d24b5f922edd71a1978e2c9d97c262846f4b50727ba80475d999905cca809
seed_976305_C3_COMBINED_INTERVENTION_task_002,976305,C3_COMBINED_INTERVENTION,2,dialog_trajectories/seed_976305/C3_COMBINED_INTERVENTION/task_002.json,mechanism_traces/seed_976305/C3_COMBINED_INTERVENTION/task_002.json,0,0,0.00298702,0.010609999999999998,150.5828980410006,a6766e83146a4bc2e6e260b90ce9e36f2e49856ba2d72f5d235ca729660728c5,297070c39c6e0dd00c3a23d66c0dfe45a714915c7f5f2e2a16c70c6709ed5dcb
seed_976305_C3_COMBINED_INTERVENTION_task_003,976305,C3_COMBINED_INTERVENTION,3,dialog_trajectories/seed_976305/C3_COMBINED_INTERVENTION/task_003.json,mechanism_traces/seed_976305/C3_COMBINED_INTERVENTION/task_003.json,1,1,0.00820787,0.020776,50.81020241600345,c3f55fde2ecf30bad359b41482b5ceb78791c7d09967ff50912142ae53a45806,1d6225ec21d712d179644ea1b9f161833c139992c6dfe28fe89794103484bf81
seed_976305_C3_COMBINED_INTERVENTION_task_004,976305,C3_COMBINED_INTERVENTION,4,dialog_trajectories/seed_976305/C3_COMBINED_INTERVENTION/task_004.json,mechanism_traces/seed_976305/C3_COMBINED_INTERVENTION/task_004.json,1,1,0.006428610000000001,0.008372,99.76768808398629,471e7a4b65a334bf791158644e2972f5e0b22ce55d347f2e882899c8ddbee284,54c6f6f9b6ae13cd1056ca623bd7b6f833b61b63c0ea2df03be97a91c3fe0173
seed_976305_C3_COMBINED_INTERVENTION_task_005,976305,C3_COMBINED_INTERVENTION,5,dialog_trajectories/seed_976305/C3_COMBINED_INTERVENTION/task_005.json,mechanism_traces/seed_976305/C3_COMBINED_INTERVENTION/task_005.json,1,1,0.013124100000000001,0.018029999999999997,84.57943558401894,1bcac014b86e1e44dd1a8ee534e24c6ed92512da35fa24c5901d9527f735df39,7b15f3ea2fb530a7f8a9b203750909c7bbe633098cb4a9c7e32e0bd3ece96032
seed_976305_C3_COMBINED_INTERVENTION_task_006,976305,C3_COMBINED_INTERVENTION,6,dialog_trajectories/seed_976305/C3_COMBINED_INTERVENTION/task_006.json,mechanism_traces/seed_976305/C3_COMBINED_INTERVENTION/task_006.json,1,1,0.01118627,0.017502,62.63035037499503,d6510ef7ab962d19ca0544bf2e8c43bf9b2f14da5aa5fdde9dc0f5f911953c97,f5e77a39b1ee4ee398d978ed0c3ed7fd7bb893dd15caa1401c3cda60ce24476e
seed_976305_C3_COMBINED_INTERVENTION_task_007,976305,C3_COMBINED_INTERVENTION,7,dialog_trajectories/seed_976305/C3_COMBINED_INTERVENTION/task_007.json,mechanism_traces/seed_976305/C3_COMBINED_INTERVENTION/task_007.json,1,1,0.01100582,0.012792,56.33336083299946,8e374604eef6bbfafbc1b08b4448fb7db483eed74028b81674296d61d004d37d,e2c3ba8ceacaa563dabb24d19a6270098f17ed39c4158cbc3fb83041aca38465
seed_976305_C3_COMBINED_INTERVENTION_task_008,976305,C3_COMBINED_INTERVENTION,8,dialog_trajectories/seed_976305/C3_COMBINED_INTERVENTION/task_008.json,mechanism_traces/seed_976305/C3_COMBINED_INTERVENTION/task_008.json,0,0,0.01109827,0.021773999999999998,101.47027016599895,520206935d20d235e31252dc637f566b3e13d589461ae93edfd6358eec0a4a6c,e1248a1be2b5bec067ba926294a1260172d21412e80ce6bff3fb676bfe1a83db
seed_976305_C3_COMBINED_INTERVENTION_task_009,976305,C3_COMBINED_INTERVENTION,9,dialog_trajectories/seed_976305/C3_COMBINED_INTERVENTION/task_009.json,mechanism_traces/seed_976305/C3_COMBINED_INTERVENTION/task_009.json,1,1,0.0077043200000000015,0.012534,66.22313787497114,870b75e635a617d8724b93ed87f1a1198412d2dceab8b8a3e4ddcb8ac52199ab,56e8cc01d692da1a703203627e5c5212a43f7d4928b9e91e89a27a29595e2be0
seed_976305_C3_COMBINED_INTERVENTION_task_010,976305,C3_COMBINED_INTERVENTION,10,dialog_trajectories/seed_976305/C3_COMBINED_INTERVENTION/task_010.json,mechanism_traces/seed_976305/C3_COMBINED_INTERVENTION/task_010.json,1,1,0.006868880000000001,0.011201999999999998,42.31526404200122,3d8ffa2b911499a9c541da8c098e85ff2401986b30d012617d2a9af96a900df5,7e18f33126cd979223d94545186f60c581c52c8b0e69ee926e0d6207f5944dd6
seed_976305_C3_COMBINED_INTERVENTION_task_011,976305,C3_COMBINED_INTERVENTION,11,dialog_trajectories/seed_976305/C3_COMBINED_INTERVENTION/task_011.json,mechanism_traces/seed_976305/C3_COMBINED_INTERVENTION/task_011.json,1,1,0.00942686,0.014020000000000001,78.83263770901249,4bdba4495b8db7b727743359a9ac5d8347580c0de615e810c1a0e34d638ab5e3,f88598a2884cc3d0794749a766cfb5ce45286a4c233d447cd47a8bbb7af5b969
seed_976305_C3_COMBINED_INTERVENTION_task_012,976305,C3_COMBINED_INTERVENTION,12,dialog_trajectories/seed_976305/C3_COMBINED_INTERVENTION/task_012.json,mechanism_traces/seed_976305/C3_COMBINED_INTERVENTION/task_012.json,1,1,0.00796788,0.010574,78.42774495802587,993f1067d406fe7a5a32e23eddf49cbe1a052db2aac62ea39444563376629d60,92b358214ac9141248ed1db3a86eec04505fb93bdbeda1b9b932434db107cbdf
seed_976305_C3_COMBINED_INTERVENTION_task_013,976305,C3_COMBINED_INTERVENTION,13,dialog_trajectories/seed_976305/C3_COMBINED_INTERVENTION/task_013.json,mechanism_traces/seed_976305/C3_COMBINED_INTERVENTION/task_013.json,0,0,0.007047780000000001,0.009696,44.14710870801355,1bf5c1e0b8ccd048b27712af338d4916aaa923ea8c4c0a5dcac498f36830d575,882ef5e1b594727eeb75b7afa47966e0dc2f276e264934b3ed8ecc485f32be2f
seed_976305_C3_COMBINED_INTERVENTION_task_014,976305,C3_COMBINED_INTERVENTION,14,dialog_trajectories/seed_976305/C3_COMBINED_INTERVENTION/task_014.json,mechanism_traces/seed_976305/C3_COMBINED_INTERVENTION/task_014.json,0,0,0.00751644,0.008138,43.8442631670041,3477ced1244aca9b6686b64021b88c615e1b44227d0f71c5c0346e11e8b764f9,9552ff9397d9185b6040466df8e7f905fe9046b6558ec4629fef6a447f256d74
seed_976305_C3_COMBINED_INTERVENTION_task_015,976305,C3_COMBINED_INTERVENTION,15,dialog_trajectories/seed_976305/C3_COMBINED_INTERVENTION/task_015.json,mechanism_traces/seed_976305/C3_COMBINED_INTERVENTION/task_015.json,1,1,0.00818983,0.010548,42.764170958980685,d8348116c126ca5e98179af007123baab995e018742ef1374b58a791bd655bdf,975c64d39a11a903ddc7da4a153204c103c9244b2a8424327b06690265a66827
seed_976305_C3_COMBINED_INTERVENTION_task_016,976305,C3_COMBINED_INTERVENTION,16,dialog_trajectories/seed_976305/C3_COMBINED_INTERVENTION/task_016.json,mechanism_traces/seed_976305/C3_COMBINED_INTERVENTION/task_016.json,1,1,0.01192566,0.010126,58.13903562500491,d76bc1b7945249a20a1f8936320c4830954a124cbf1a01b2f768f3f8e64e7dbe,215550476da92b4d52fa357e1961d0adf28abcd12d9d7e7216d90759de5bef53
seed_976305_C3_COMBINED_INTERVENTION_task_017,976305,C3_COMBINED_INTERVENTION,17,dialog_trajectories/seed_976305/C3_COMBINED_INTERVENTION/task_017.json,mechanism_traces/seed_976305/C3_COMBINED_INTERVENTION/task_017.json,1,1,0.00508795,0.010736,36.70793708396377,342f5f57d9c2efcde52858bf1a5172a668a177a41eaafaaafe55917138fdc16b,0e57293cfc7b9af1e401e7324d86fff6c2e5931c33cc235efddc3fad64e21638
seed_976305_C3_COMBINED_INTERVENTION_task_018,976305,C3_COMBINED_INTERVENTION,18,dialog_trajectories/seed_976305/C3_COMBINED_INTERVENTION/task_018.json,mechanism_traces/seed_976305/C3_COMBINED_INTERVENTION/task_018.json,1,1,0.011259660000000001,0.014102,72.43605337501504,bbe4095ee78611614535f01b8c41644d69704566ab8a09680dd3ed7c165ab0c7,c17a06cff5a78c05d18b6da59c65728829e87ce4f9ebe45dbc606f91c7a55863
seed_976305_C3_COMBINED_INTERVENTION_task_019,976305,C3_COMBINED_INTERVENTION,19,dialog_trajectories/seed_976305/C3_COMBINED_INTERVENTION/task_019.json,mechanism_traces/seed_976305/C3_COMBINED_INTERVENTION/task_019.json,1,1,0.00957799,0.008786,55.166567667009076,48303741c89b70c75aca778696980a004d336e79e244e272eba99400b20fc2c4,4b17da9780e7f54cba2417b5c88c490d0cf6201a69c307d2524227f8ed5a7eda
seed_976305_C3_COMBINED_INTERVENTION_task_020,976305,C3_COMBINED_INTERVENTION,20,dialog_trajectories/seed_976305/C3_COMBINED_INTERVENTION/task_020.json,mechanism_traces/seed_976305/C3_COMBINED_INTERVENTION/task_020.json,0,0,0.010476750000000002,0.012634,57.8397550410009,6fce805ed7aacd10f4bcf0030e1dc6565aec1b8a4164fc3634a7d605cea05f65,571a215e5cbb0fb6ea2ca4015f007ca2ed89e99155e796f7ebe3c399d4d878c8
seed_976305_C3_COMBINED_INTERVENTION_task_021,976305,C3_COMBINED_INTERVENTION,21,dialog_trajectories/seed_976305/C3_COMBINED_INTERVENTION/task_021.json,mechanism_traces/seed_976305/C3_COMBINED_INTERVENTION/task_021.json,1,1,0.013988089999999998,0.01624,80.3991199999873,9256267ff9e8a7f0aca3f88aa3bc8215dd0f50e6b1e91ca544e9c0306a227494,77b95dc75401c02acbf58669d996543ffa19b6eb05a401ee5639367cbef133f9
seed_976305_C3_COMBINED_INTERVENTION_task_022,976305,C3_COMBINED_INTERVENTION,22,dialog_trajectories/seed_976305/C3_COMBINED_INTERVENTION/task_022.json,mechanism_traces/seed_976305/C3_COMBINED_INTERVENTION/task_022.json,1,1,0.009936529999999999,0.010461999999999999,54.7603344580275,f09013318e772700ac1ece92c6c1aa81fd089d5428dab927f17be30ca4d2e8c2,98d2044bee243b25b9045505d62f1531a438e28f99277345088b43b050a37cb8
seed_976305_C3_COMBINED_INTERVENTION_task_023,976305,C3_COMBINED_INTERVENTION,23,dialog_trajectories/seed_976305/C3_COMBINED_INTERVENTION/task_023.json,mechanism_traces/seed_976305/C3_COMBINED_INTERVENTION/task_023.json,1,1,0.01621522,0.011656,84.00836962502217,d156247e3d5a3c932ccc0b4ebffeec1432d80621b682aef99bbf588470f951ea,02bab5f4b8d1303cd194955959216d0b1c86bbafcb0e1f6374bacbdff4da7705
seed_976305_C3_COMBINED_INTERVENTION_task_024,976305,C3_COMBINED_INTERVENTION,24,dialog_trajectories/seed_976305/C3_COMBINED_INTERVENTION/task_024.json,mechanism_traces/seed_976305/C3_COMBINED_INTERVENTION/task_024.json,1,1,0.004480659999999999,0.012378,53.4730915420223,f5c74f9d31fa0cb22600f228bebdda6b29b135177aa51eccc59286ee13652788,4d4914cc22e3c411f0401cf9889b4cc5fac0f51fd42b9e4b4fd0da9ef8e62056
seed_976305_C3_COMBINED_INTERVENTION_task_025,976305,C3_COMBINED_INTERVENTION,25,dialog_trajectories/seed_976305/C3_COMBINED_INTERVENTION/task_025.json,mechanism_traces/seed_976305/C3_COMBINED_INTERVENTION/task_025.json,1,1,0.006157560000000001,0.006824,42.4323746250011,a8cc410784bfbace5e8089de5f96a04d982113426ce076fe7cc22441096c401c,6fb52ad873835ecd19a4ee201c16d796f254ebaa8b8db38b3a66058e1e2ab440
seed_976305_C3_COMBINED_INTERVENTION_task_026,976305,C3_COMBINED_INTERVENTION,26,dialog_trajectories/seed_976305/C3_COMBINED_INTERVENTION/task_026.json,mechanism_traces/seed_976305/C3_COMBINED_INTERVENTION/task_026.json,1,1,0.006340710000000001,0.009642000000000001,64.31447633300559,2a10dab16f6133194c0df6fc821afd8037c4b2cf2b5bcafc0905aae5152943af,f28965c16c7225ea5b0a789252237b50123e2c52d11b5c7ba4e2338cfc68e2a5
seed_976305_C3_COMBINED_INTERVENTION_task_027,976305,C3_COMBINED_INTERVENTION,27,dialog_trajectories/seed_976305/C3_COMBINED_INTERVENTION/task_027.json,mechanism_traces/seed_976305/C3_COMBINED_INTERVENTION/task_027.json,1,1,0.011141270000000002,0.010524,73.69542070903117,f6ef95b3b901493ade9789e27cc59bfc695bfd1dbc4164ba57e44027ab2b71df,af2f6d754f8a5ddc8370a3ea4ecea27498e088c1bd899c855ad92128083f1680
seed_976305_C3_COMBINED_INTERVENTION_task_028,976305,C3_COMBINED_INTERVENTION,28,dialog_trajectories/seed_976305/C3_COMBINED_INTERVENTION/task_028.json,mechanism_traces/seed_976305/C3_COMBINED_INTERVENTION/task_028.json,1,1,0.013896289999999995,0.024576,97.73934754199581,cdc8317bf01a84c28dbc53c515d06c24e3c21a501bbac71e27ff70111bb648be,cab0b4fb7412fb5665354f0df4f9aca2b1f1c704c84230afb25010f5d12bc4d5
seed_976305_C3_COMBINED_INTERVENTION_task_029,976305,C3_COMBINED_INTERVENTION,29,dialog_trajectories/seed_976305/C3_COMBINED_INTERVENTION/task_029.json,mechanism_traces/seed_976305/C3_COMBINED_INTERVENTION/task_029.json,0,0,0.012256389999999999,0.009842000000000002,58.29834933299571,a16bd3ccd2a79352778eddb7e5d37971762b65468353ea7842d9d9d6a73b8e37,58ffceae201cfd17b55091d7e9b1aa7c17df14cb1b7a515192a30ddb3024f15a
seed_976305_C3_COMBINED_INTERVENTION_task_030,976305,C3_COMBINED_INTERVENTION,30,dialog_trajectories/seed_976305/C3_COMBINED_INTERVENTION/task_030.json,mechanism_traces/seed_976305/C3_COMBINED_INTERVENTION/task_030.json,0,0,0.00362619,0.007475999999999999,26.122742917010328,850aabbd358a88753fe7d7cea49598f92f92eedc85a05aa9a3e9de251f68d2b2,2d77dae30e00b508a16693b02c21c2f5dfab4aced0d16af0ac77f1842b889428
seed_976305_C3_COMBINED_INTERVENTION_task_031,976305,C3_COMBINED_INTERVENTION,31,dialog_trajectories/seed_976305/C3_COMBINED_INTERVENTION/task_031.json,mechanism_traces/seed_976305/C3_COMBINED_INTERVENTION/task_031.json,0,0,0.0050053400000000005,0.011772000000000001,36.27977208298398,e7d4bbd463191c81949a6a06007cb3867361469906cd6687a4531c7acb1f9449,0942c8abfd9722ce2dbe2b9998068f03bb9b5a109c383fb8ab0f99e0259482ab
seed_976305_C3_COMBINED_INTERVENTION_task_032,976305,C3_COMBINED_INTERVENTION,32,dialog_trajectories/seed_976305/C3_COMBINED_INTERVENTION/task_032.json,mechanism_traces/seed_976305/C3_COMBINED_INTERVENTION/task_032.json,0,0,0.0033789099999999997,0.005202,23.9084626249969,b1b8a5ed48918301fbbe8f56574939a8b49b080b506597c3f268077f6d8b4bd6,b4e1d4033f19c66493cfed92e0eda8ff9aa61a76dd0b6c1f314e2f60c76d25a9
seed_976305_C3_COMBINED_INTERVENTION_task_033,976305,C3_COMBINED_INTERVENTION,33,dialog_trajectories/seed_976305/C3_COMBINED_INTERVENTION/task_033.json,mechanism_traces/seed_976305/C3_COMBINED_INTERVENTION/task_033.json,1,1,0.008860960000000001,0.019000000000000003,87.36479187500663,db5e0269ec40af00b572d329e76e4e0994e12ea2f86ce08ad4f2f5184155c86c,04fe0d85d2b3046455bca7e3caa6c504d7501d1e45410647822ca1feda8f52cc
seed_976305_C3_COMBINED_INTERVENTION_task_034,976305,C3_COMBINED_INTERVENTION,34,dialog_trajectories/seed_976305/C3_COMBINED_INTERVENTION/task_034.json,mechanism_traces/seed_976305/C3_COMBINED_INTERVENTION/task_034.json,0,0,0.0134373,0.016971999999999998,71.66544470796362,5ec80216f492b16629aa80014327beefc6ee345545d60c0cfbd89e38f1c3a90d,4163a83dc036ebfcdbf0b95ff63916ee779c7002b3c16d0a09ad7374d8e36471
seed_976305_C3_COMBINED_INTERVENTION_task_035,976305,C3_COMBINED_INTERVENTION,35,dialog_trajectories/seed_976305/C3_COMBINED_INTERVENTION/task_035.json,mechanism_traces/seed_976305/C3_COMBINED_INTERVENTION/task_035.json,1,1,0.016043579999999998,0.014155999999999998,130.4737012910191,54331890937a2d68cce8b58294aae8716b20a0d0c11b8364f708f24d3dde671e,7a497d661bef06deae9c75b951844c8ee52394143c18f8f22d9587603b0c6307
seed_976305_C3_COMBINED_INTERVENTION_task_036,976305,C3_COMBINED_INTERVENTION,36,dialog_trajectories/seed_976305/C3_COMBINED_INTERVENTION/task_036.json,mechanism_traces/seed_976305/C3_COMBINED_INTERVENTION/task_036.json,0,0,0.00651307,0.013059999999999999,44.31221787497634,8acd691a4226d679ef3dcd4670502c32b24d7a17d0ccf6eab23dd8b3c6cb7981,5427c2b52f7bde8d5d72f06e07116ac4f5fb1416d1c50ea29865348c0c8ffc20
seed_976305_C3_COMBINED_INTERVENTION_task_038,976305,C3_COMBINED_INTERVENTION,38,dialog_trajectories/seed_976305/C3_COMBINED_INTERVENTION/task_038.json,mechanism_traces/seed_976305/C3_COMBINED_INTERVENTION/task_038.json,0,0,0.01211892,0.016006,58.087567874987144,de1bb84a4969266a8eb39997e68bb85c3f618ec9d28d4ef09b5946c7e6126722,2c3ba256ceff5f6da810b73b74076f53aa4abb037ae07c843b6ac4ef327dd4e3
seed_976305_C3_COMBINED_INTERVENTION_task_039,976305,C3_COMBINED_INTERVENTION,39,dialog_trajectories/seed_976305/C3_COMBINED_INTERVENTION/task_039.json,mechanism_traces/seed_976305/C3_COMBINED_INTERVENTION/task_039.json,0,0,0.0075329,0.016571999999999996,73.4519878749852,5e3ac641c71c28cc09a0857cc1d62f5106623661ad4bffe8332f340c7d7ba27a,557247445bb1c6dcd98d828c8799c52cdbe64d4fc8f5966d5b74b015cac61dc6
seed_976305_C3_COMBINED_INTERVENTION_task_040,976305,C3_COMBINED_INTERVENTION,40,dialog_trajectories/seed_976305/C3_COMBINED_INTERVENTION/task_040.json,mechanism_traces/seed_976305/C3_COMBINED_INTERVENTION/task_040.json,1,1,0.00541963,0.012676,44.58541908400366,baa29f9d9e457b6093c8390491f34022ca565c078d82a23e4644a9475589ad71,d5700343629cacd1ea65e51a89cc326c20ee28e4201a35d30601c18038060f1f
seed_976305_C3_COMBINED_INTERVENTION_task_042,976305,C3_COMBINED_INTERVENTION,42,dialog_trajectories/seed_976305/C3_COMBINED_INTERVENTION/task_042.json,mechanism_traces/seed_976305/C3_COMBINED_INTERVENTION/task_042.json,1,1,0.01363851,0.018407999999999997,74.90011229098309,d877fe0c00f55c6e889d53c18fbd517ea24901ed2235eec7791e3da1625bc303,3352220064cfa0055452340316789262e6bd7aee76c17720ee9deee7b801242c
seed_976305_C3_COMBINED_INTERVENTION_task_043,976305,C3_COMBINED_INTERVENTION,43,dialog_trajectories/seed_976305/C3_COMBINED_INTERVENTION/task_043.json,mechanism_traces/seed_976305/C3_COMBINED_INTERVENTION/task_043.json,1,1,0.005636400000000001,0.015247999999999998,42.7688083749963,7e631651f57ef212ef16a59cde9d04131e9c4448929771d706120af0e7107a46,bb62683f30ba946179c5cd03ca33db0c70ca62935d828766b82cdd49510e6bcd
seed_976305_C3_COMBINED_INTERVENTION_task_045,976305,C3_COMBINED_INTERVENTION,45,dialog_trajectories/seed_976305/C3_COMBINED_INTERVENTION/task_045.json,mechanism_traces/seed_976305/C3_COMBINED_INTERVENTION/task_045.json,1,1,0.01318329,0.016002,64.92011158398236,160a7e2dcea8b23e38c3606e6cf4e275cba084e3a0076556eed4a08b8a4ac81f,d19acad364bf53ac77a87fe6028d11669dbfdc5fd0176d62fa143abf1c2d8a59
seed_976305_C3_COMBINED_INTERVENTION_task_049,976305,C3_COMBINED_INTERVENTION,49,dialog_trajectories/seed_976305/C3_COMBINED_INTERVENTION/task_049.json,mechanism_traces/seed_976305/C3_COMBINED_INTERVENTION/task_049.json,1,1,0.00871768,0.011042,91.04172691697022,a713ab53eace3b9dc0a7dc5ef99423ab25d3f487f47e2b44889b3cec6825e117,0fec92214a43b5e1160c861c106032e7cd1e050ccad87271cfefc0305f452529
seed_976305_C3_COMBINED_INTERVENTION_task_050,976305,C3_COMBINED_INTERVENTION,50,dialog_trajectories/seed_976305/C3_COMBINED_INTERVENTION/task_050.json,mechanism_traces/seed_976305/C3_COMBINED_INTERVENTION/task_050.json,1,1,0.00275711,0.006959999999999999,20.57553754199762,c73440793a7044e0ac397f02745d573d0eb397b2661902dc431242e1c0caa571,da33ae88eb195899a34dcfb05b788d968cd22cea5a73d46ecb6bab07d4cf9f25
seed_976305_C3_COMBINED_INTERVENTION_task_051,976305,C3_COMBINED_INTERVENTION,51,dialog_trajectories/seed_976305/C3_COMBINED_INTERVENTION/task_051.json,mechanism_traces/seed_976305/C3_COMBINED_INTERVENTION/task_051.json,1,1,0.0055731,0.009388,48.65204033302143,be4cb861703f2303c740c053afc6f32eac40d73cf01c0d5cf66d328439d6a821,ac7bf368520f535c1316875f4824633e90f8db4787857c0bb0570e6378e87bfc
seed_976305_C3_COMBINED_INTERVENTION_task_053,976305,C3_COMBINED_INTERVENTION,53,dialog_trajectories/seed_976305/C3_COMBINED_INTERVENTION/task_053.json,mechanism_traces/seed_976305/C3_COMBINED_INTERVENTION/task_053.json,1,1,0.00706965,0.013448000000000002,49.659267832990736,db3fb67e443df010a1d4fef32d9008235d05024eb4d9ed643e3e5792e32643eb,4f672d61bf965d90156a2167ac2d81c4c0c167a4ce0c0ade6ab72844eef15e7e
seed_976305_C3_COMBINED_INTERVENTION_task_054,976305,C3_COMBINED_INTERVENTION,54,dialog_trajectories/seed_976305/C3_COMBINED_INTERVENTION/task_054.json,mechanism_traces/seed_976305/C3_COMBINED_INTERVENTION/task_054.json,1,1,0.013234339999999999,0.010746,65.10755420898204,69a19c9d65cbea68d97b5d9dd5c250efa00e3ee03897a78bf3dc2b9baa12bb3e,dab3bba81ea839738c1328c200955194aa58b712091700a30d8ff3f197c20c29
seed_976305_C3_COMBINED_INTERVENTION_task_055,976305,C3_COMBINED_INTERVENTION,55,dialog_trajectories/seed_976305/C3_COMBINED_INTERVENTION/task_055.json,mechanism_traces/seed_976305/C3_COMBINED_INTERVENTION/task_055.json,1,1,0.01513105,0.019013999999999996,93.50666870799614,b6d89d85fd2c912c09a661ec093afcfc505c3814b8936cc9ea54005a7522ac32,ca3d7d791b4e72b0977b558845977575728e3f481ea022d73cb3d63647089bac
seed_976305_C3_COMBINED_INTERVENTION_task_056,976305,C3_COMBINED_INTERVENTION,56,dialog_trajectories/seed_976305/C3_COMBINED_INTERVENTION/task_056.json,mechanism_traces/seed_976305/C3_COMBINED_INTERVENTION/task_056.json,1,1,0.00814311,0.013078,49.37910866699531,4cf4713c2c49dbe309003cac5b62be95afeb2f2e597f65447127c89efc48e60e,a6ca60dab9031bbec4cb75b731e1cad814c381dd5d4c45a56fd2e347fedfde64
seed_976305_C3_COMBINED_INTERVENTION_task_059,976305,C3_COMBINED_INTERVENTION,59,dialog_trajectories/seed_976305/C3_COMBINED_INTERVENTION/task_059.json,mechanism_traces/seed_976305/C3_COMBINED_INTERVENTION/task_059.json,1,1,0.00839718,0.011662,52.60028870799579,c02f73f3957378a017a7ee16b4a4b37173fb752f50238e749f41befc507262cc,701f71fb52a3e06be9f967c1d0c6438f61461605c5fc3cadb224084ad53d20b2
seed_976305_C3_COMBINED_INTERVENTION_task_060,976305,C3_COMBINED_INTERVENTION,60,dialog_trajectories/seed_976305/C3_COMBINED_INTERVENTION/task_060.json,mechanism_traces/seed_976305/C3_COMBINED_INTERVENTION/task_060.json,1,1,0.00541471,0.0055980000000000005,40.770906208024826,0efede75866df14182c0ba029dbaf06ba57ee2526ceef56039a2998e3f58f27d,362d8861a27f34bb8ee40199472bc482a25cd1a6e1c5ed5ecf765ba6587ab61a
seed_976305_C3_COMBINED_INTERVENTION_task_061,976305,C3_COMBINED_INTERVENTION,61,dialog_trajectories/seed_976305/C3_COMBINED_INTERVENTION/task_061.json,mechanism_traces/seed_976305/C3_COMBINED_INTERVENTION/task_061.json,1,1,0.00798502,0.009458,171.58723145799013,73d817936a91262ee13dc9aebba98d6702c5c142c1f35705ccaf3eea7b30d8d2,dc7b0cebe5f7692ad655bdec7fc752670a715adb60c35b77b9aa7600faa1e0fc
seed_976305_C3_COMBINED_INTERVENTION_task_062,976305,C3_COMBINED_INTERVENTION,62,dialog_trajectories/seed_976305/C3_COMBINED_INTERVENTION/task_062.json,mechanism_traces/seed_976305/C3_COMBINED_INTERVENTION/task_062.json,1,1,0.00739202,0.01506,55.83083524997346,14a32aa5753deb30a862cc55f495b67177b86fc44c53f37ad19fdc49646b7a54,9f54c7a6b96ec523fc8e734b8476c9430976cd7609a0f01b7e8e2c260f202bf2
seed_976305_C3_COMBINED_INTERVENTION_task_064,976305,C3_COMBINED_INTERVENTION,64,dialog_trajectories/seed_976305/C3_COMBINED_INTERVENTION/task_064.json,mechanism_traces/seed_976305/C3_COMBINED_INTERVENTION/task_064.json,1,0,0.01033899,0.014421999999999999,87.28190962498775,9b91e1c873ad88ea0bcd1ef39bcd93c0cb9be0ebd65b22bb206c285044fce731,946708ae1f82c951368b87671b495748bc823a20928fd1e23f15a0b8302ccb5f
seed_976305_C3_COMBINED_INTERVENTION_task_065,976305,C3_COMBINED_INTERVENTION,65,dialog_trajectories/seed_976305/C3_COMBINED_INTERVENTION/task_065.json,mechanism_traces/seed_976305/C3_COMBINED_INTERVENTION/task_065.json,1,1,0.00665781,0.01039,41.034283083019545,18be51c1fd05d36e17168f9b7fe00b952fcdf2ce89eefca7b3040be012f639ff,44177ce847574af6deb0ed6a3b47368f9af1801f99eb68108e32154c2f1d98ce
seed_976305_C3_COMBINED_INTERVENTION_task_068,976305,C3_COMBINED_INTERVENTION,68,dialog_trajectories/seed_976305/C3_COMBINED_INTERVENTION/task_068.json,mechanism_traces/seed_976305/C3_COMBINED_INTERVENTION/task_068.json,1,1,0.0018599999999999997,0.0055439999999999994,13.090045749995625,bb6c178f9c5c9f8fb571dce5168cfde76ccd7d819d6ae308d19637ea9ff0ebb0,0fc5af0adbd7f1125f083ac608696524f4e81718bf181252c84f05f71b6298d8
seed_976305_C3_COMBINED_INTERVENTION_task_070,976305,C3_COMBINED_INTERVENTION,70,dialog_trajectories/seed_976305/C3_COMBINED_INTERVENTION/task_070.json,mechanism_traces/seed_976305/C3_COMBINED_INTERVENTION/task_070.json,1,1,0.0060240599999999995,0.011141999999999999,46.08116841601441,485d2fc1c2b6a3514ba0686c97605ecd6b2c98aa98bf61043d01b4a78793cc12,e96c077d53295904a8bdc19881904e5f9a506afb4e35d2383410e714031c9fb4
seed_976305_C3_COMBINED_INTERVENTION_task_071,976305,C3_COMBINED_INTERVENTION,71,dialog_trajectories/seed_976305/C3_COMBINED_INTERVENTION/task_071.json,mechanism_traces/seed_976305/C3_COMBINED_INTERVENTION/task_071.json,0,0,0.0134006,0.014980000000000002,77.93395704199793,ae681bf596645c0a154dbef7d557012ebfbc9d8900acb23674ebe66cd6fc76b1,4994429df1248bc1eb3b9237df3efe498c0b70e64819803d17d00a1fdcd9c193
seed_976305_C3_COMBINED_INTERVENTION_task_073,976305,C3_COMBINED_INTERVENTION,73,dialog_trajectories/seed_976305/C3_COMBINED_INTERVENTION/task_073.json,mechanism_traces/seed_976305/C3_COMBINED_INTERVENTION/task_073.json,1,1,0.00522889,0.008879999999999999,36.53775312498328,9646d3964860af1121c7f31f91820cca49ac27f19bcfb6a0907e659e1f9e386f,d7134cd4a1a5a221d161324f04da3eb69dcfba6e862edac9c66218feb5443f3a
seed_976305_C3_COMBINED_INTERVENTION_task_074,976305,C3_COMBINED_INTERVENTION,74,dialog_trajectories/seed_976305/C3_COMBINED_INTERVENTION/task_074.json,mechanism_traces/seed_976305/C3_COMBINED_INTERVENTION/task_074.json,1,1,0.01094843,0.008718,60.55902845802484,05ace855c72157f3b11ac3816329ea748ee5dda8ca257c90f840dd8cc5b2118d,fe60cd31572ace8e95f99577e50f711ba59e1fd8ea5dd3e8265c38501c7c919f
seed_976305_C3_COMBINED_INTERVENTION_task_075,976305,C3_COMBINED_INTERVENTION,75,dialog_trajectories/seed_976305/C3_COMBINED_INTERVENTION/task_075.json,mechanism_traces/seed_976305/C3_COMBINED_INTERVENTION/task_075.json,1,1,0.0077743299999999994,0.011193999999999999,64.78573162501561,08362d96ee6cf3f030a29a07b3f603b00c119a1985040a0b4b3db99a8e0302d8,c5c0c0b209cee2dea443215c2a342df07786892ef22f55aba60ce2f3f5e0b9d5
seed_976305_C3_COMBINED_INTERVENTION_task_077,976305,C3_COMBINED_INTERVENTION,77,dialog_trajectories/seed_976305/C3_COMBINED_INTERVENTION/task_077.json,mechanism_traces/seed_976305/C3_COMBINED_INTERVENTION/task_077.json,1,1,0.010041500000000002,0.017953999999999998,98.93311024998548,d0a77b3ab0717f3cdcf946097519e2e870ad7cf13ab56f761475ae11cb079680,8558ee88cda65b428dfd85c7a888b6ab6fdb46c70b525324fe2aab183d2f9975
seed_976305_C3_COMBINED_INTERVENTION_task_079,976305,C3_COMBINED_INTERVENTION,79,dialog_trajectories/seed_976305/C3_COMBINED_INTERVENTION/task_079.json,mechanism_traces/seed_976305/C3_COMBINED_INTERVENTION/task_079.json,1,1,0.01150109,0.011505999999999999,94.08447266701842,2cc001fa1e6342d13b50eb8a176a8b1aa1691d04641f5f2f34d41b2f56c54989,43f6c6cb8bf38417d3877b6f3592c5c1dec24609cfcae8b0a32bd16010b52a63
seed_976305_C3_COMBINED_INTERVENTION_task_080,976305,C3_COMBINED_INTERVENTION,80,dialog_trajectories/seed_976305/C3_COMBINED_INTERVENTION/task_080.json,mechanism_traces/seed_976305/C3_COMBINED_INTERVENTION/task_080.json,0,0,0.01563868,0.022231999999999995,104.62597383299726,aba9c431a9289f673447b760de2eb4cba3b95da54d2f39f275a8aa6c5747648b,4695141656be4ffc55755b2330e91d9e859b01efd679aa0104cf2251e2f385f1
seed_976305_C3_COMBINED_INTERVENTION_task_086,976305,C3_COMBINED_INTERVENTION,86,dialog_trajectories/seed_976305/C3_COMBINED_INTERVENTION/task_086.json,mechanism_traces/seed_976305/C3_COMBINED_INTERVENTION/task_086.json,1,1,0.012284650000000003,0.011842,71.26473624998471,edd64369ab59a678b9a7e9cd1d30040767ac101140c1581a6b6b41de5c472071,3701b9a80f21415ca0e034ac6c38b55da42d16c170f3251fd58e36f2c322072e
seed_976305_C3_COMBINED_INTERVENTION_task_087,976305,C3_COMBINED_INTERVENTION,87,dialog_trajectories/seed_976305/C3_COMBINED_INTERVENTION/task_087.json,mechanism_traces/seed_976305/C3_COMBINED_INTERVENTION/task_087.json,1,1,0.00898802,0.006215999999999999,43.21799562498927,aafab3622f0bbab12937038cb8c3a31ab88f9418e4bfaee49e41adeb17009019,7a99964856d76273d81810f782c9b7f3a4aaed16c814a0cf1c470133b3f677ae
seed_976305_C3_COMBINED_INTERVENTION_task_090,976305,C3_COMBINED_INTERVENTION,90,dialog_trajectories/seed_976305/C3_COMBINED_INTERVENTION/task_090.json,mechanism_traces/seed_976305/C3_COMBINED_INTERVENTION/task_090.json,1,1,0.007379620000000001,0.01359,53.66068491700571,8cf46e0f571371ddd5cfb6453e2af9d99a6e06aa5abd958ce58aac4ad2f07134,c02536ded9a4967d2029aa9618c30edceb810d57d314dd2d136f41defd9aeee7
seed_976305_C3_COMBINED_INTERVENTION_task_091,976305,C3_COMBINED_INTERVENTION,91,dialog_trajectories/seed_976305/C3_COMBINED_INTERVENTION/task_091.json,mechanism_traces/seed_976305/C3_COMBINED_INTERVENTION/task_091.json,1,1,0.01482877,0.014294,73.39971337499446,2c31d27f3be14cf276ee3309ce4b9cb5c0a8e03df8b9a9c0811fbb5576e167f0,9fa9d7f314e3f332a0282e98ab35dde819b7fab8fb93889e36928a72333c616c
seed_976305_C3_COMBINED_INTERVENTION_task_094,976305,C3_COMBINED_INTERVENTION,94,dialog_trajectories/seed_976305/C3_COMBINED_INTERVENTION/task_094.json,mechanism_traces/seed_976305/C3_COMBINED_INTERVENTION/task_094.json,1,1,0.00742625,0.009548,72.91367258300306,72e64c5c41d4b4a8ff5bbbd638c9e9f1346b467e1f6ed7d7039c7bcb40785e6c,67c72171b70b34973fab612d3d97ae4c55a29660c44e895adaccfa4a187cae85
seed_976305_C3_COMBINED_INTERVENTION_task_095,976305,C3_COMBINED_INTERVENTION,95,dialog_trajectories/seed_976305/C3_COMBINED_INTERVENTION/task_095.json,mechanism_traces/seed_976305/C3_COMBINED_INTERVENTION/task_095.json,1,1,0.01429546,0.01526,72.92060866599786,f2c212c55381dd2e29b3ca5347935f0e73883d588841f1f08de9c10c22be00e0,47ac93fb255fc9b49d4a0c91ad81471d70f58a56893c102acacb9e71fd4839c6
seed_976305_C3_COMBINED_INTERVENTION_task_097,976305,C3_COMBINED_INTERVENTION,97,dialog_trajectories/seed_976305/C3_COMBINED_INTERVENTION/task_097.json,mechanism_traces/seed_976305/C3_COMBINED_INTERVENTION/task_097.json,0,0,0.0144943,0.026354000000000002,133.04105404095026,3d565ddbbaf391320dec114002dc2940e8f80cc0f8844026b31e5dd7a6864210,a072a096f33f1509f7ea3b41f2c897375e3a532229cc1da3917adcd094740951
seed_976305_C3_COMBINED_INTERVENTION_task_099,976305,C3_COMBINED_INTERVENTION,99,dialog_trajectories/seed_976305/C3_COMBINED_INTERVENTION/task_099.json,mechanism_traces/seed_976305/C3_COMBINED_INTERVENTION/task_099.json,0,0,0.00796304,0.013332,67.77137004199903,f1a27512a0d67abfe4a74eac641529f6862b5fee053f7439db88d7bb99fd0a18,541ef885b34b79b324243292aa8bbe640140c419f9ad4790695d2cf2e397f107
seed_976305_C3_COMBINED_INTERVENTION_task_100,976305,C3_COMBINED_INTERVENTION,100,dialog_trajectories/seed_976305/C3_COMBINED_INTERVENTION/task_100.json,mechanism_traces/seed_976305/C3_COMBINED_INTERVENTION/task_100.json,1,1,0.011475629999999999,0.010898,57.09842716701678,c76e10bf064f91bb1e6eb92f24e10bcc2dd4aa03c2c2e75133a51f0922b7515e,36a1c7d28d2a27364e64d6c2c39a8bb6ddcacfc0eb8aca5637562287f5954868
seed_976305_C3_COMBINED_INTERVENTION_task_101,976305,C3_COMBINED_INTERVENTION,101,dialog_trajectories/seed_976305/C3_COMBINED_INTERVENTION/task_101.json,mechanism_traces/seed_976305/C3_COMBINED_INTERVENTION/task_101.json,1,1,0.01706281,0.012162000000000001,110.99742179200985,5860d29f29817d8f98427d9f9b86b15e81307b8088613d37b41c6da86b7a41d8,e29944ef1b47684d98e0a925df673d4b9db21a950887e276487820b6a4964552
seed_976305_C3_COMBINED_INTERVENTION_task_102,976305,C3_COMBINED_INTERVENTION,102,dialog_trajectories/seed_976305/C3_COMBINED_INTERVENTION/task_102.json,mechanism_traces/seed_976305/C3_COMBINED_INTERVENTION/task_102.json,1,1,0.0159329,0.016551999999999997,72.6354265419941,f3a9e9d65c886f004d3924ba83eeb206df46645a548eb8f7f14c172e81cdcd98,4d57d97f8336684dc336aece8672c7c8c9dcfbd6b69fc233438c4f3a67a12f6a
seed_976305_C3_COMBINED_INTERVENTION_task_105,976305,C3_COMBINED_INTERVENTION,105,dialog_trajectories/seed_976305/C3_COMBINED_INTERVENTION/task_105.json,mechanism_traces/seed_976305/C3_COMBINED_INTERVENTION/task_105.json,0,0,0.008923500000000001,0.01149,52.06822162499884,5723994e3933ebc4a624d961fd70561f3fc5a11e2183cf9524799057e628012f,b9ea5aa32b273fb9581e243f21133ad60b80c4a6d6e361c362d039a93eb21aae
seed_976305_C3_COMBINED_INTERVENTION_task_108,976305,C3_COMBINED_INTERVENTION,108,dialog_trajectories/seed_976305/C3_COMBINED_INTERVENTION/task_108.json,mechanism_traces/seed_976305/C3_COMBINED_INTERVENTION/task_108.json,1,1,0.007916600000000001,0.015028,61.97914275000221,2ad9028d75afe61a1163077cfd3bbf14da1a2e7da147f315ab5e039f6feeb380,c3f87528a52664b2219949b6637e300d9892a0f9951898b9de8e27e31e19f7cd
seed_976305_C3_COMBINED_INTERVENTION_task_111,976305,C3_COMBINED_INTERVENTION,111,dialog_trajectories/seed_976305/C3_COMBINED_INTERVENTION/task_111.json,mechanism_traces/seed_976305/C3_COMBINED_INTERVENTION/task_111.json,0,0,0.018913990000000002,0.018001999999999997,99.16171566600678,8a2aef1864055720963fb0aef1ecb2ef02861e4bfc55a6e261e1d904e01615d9,a3020cde9e89b4be6e06b16a40affc9fee6da4ef6c51b24bca330f40c3db6c85
seed_976305_C3_COMBINED_INTERVENTION_task_113,976305,C3_COMBINED_INTERVENTION,113,dialog_trajectories/seed_976305/C3_COMBINED_INTERVENTION/task_113.json,mechanism_traces/seed_976305/C3_COMBINED_INTERVENTION/task_113.json,1,1,0.0053817100000000005,0.009260000000000001,41.125599292019615,13356480a9609099644ff1d9dd090d3642d64f9c121f356af8af41a286db2fb2,8bdf959d4db3bc462975ce3be61b44ecf5e2029620589dc380a4ecf0aafa2e76
seed_976306_C0_NATIVE_task_000,976306,C0_NATIVE,0,dialog_trajectories/seed_976306/C0_NATIVE/task_000.json,mechanism_traces/seed_976306/C0_NATIVE/task_000.json,0,0,0.00662997,0.009192,37.852124625002034,b7d56bd08408b76b1c09952da3d389a98f862fd2a865e1a6c5ee07bafd7ab9dd,0320398efd4427d530d16b3d90a488af76d256a898af8ec741da13fda968115c
seed_976306_C0_NATIVE_task_001,976306,C0_NATIVE,1,dialog_trajectories/seed_976306/C0_NATIVE/task_001.json,mechanism_traces/seed_976306/C0_NATIVE/task_001.json,1,1,0.005830749999999999,0.010809999999999998,39.188089333008975,83d7d22a7f3f6b6f2a63fbb1bc734c575ffd341e7568424da13a27b9f3d6ebaf,e53db54440c2c598b9e7dbf8c6afbae08c163b89626c066cb09433ac77e58218
seed_976306_C0_NATIVE_task_002,976306,C0_NATIVE,2,dialog_trajectories/seed_976306/C0_NATIVE/task_002.json,mechanism_traces/seed_976306/C0_NATIVE/task_002.json,1,1,0.00898769,0.01995,57.27826383296633,f7de512bdf29bb8f6b335dedf718110e1408505bad87c5c1155fa866a2b86958,2b121f6fa76b9d1bb20906add6d35d32de5d5f6c9fa48bd15124e263746cfdfb
seed_976306_C0_NATIVE_task_003,976306,C0_NATIVE,3,dialog_trajectories/seed_976306/C0_NATIVE/task_003.json,mechanism_traces/seed_976306/C0_NATIVE/task_003.json,1,1,0.00808405,0.010558,44.6126940419781,d0317a78d8a48ba3b3c43de074ce566686d47c0e6234f994fffaa963ff4e782e,615e972057438bed9d1915aad84fcf41f3af181e337f1e9d046fb0cb334a8be1
seed_976306_C0_NATIVE_task_004,976306,C0_NATIVE,4,dialog_trajectories/seed_976306/C0_NATIVE/task_004.json,mechanism_traces/seed_976306/C0_NATIVE/task_004.json,1,1,0.00899058,0.00949,55.011016458971426,4f1b6163953f2e3d61401c4019795f695ba8256a0183ac6fc3398cc9102a30fa,3d1719b5d84561cfbfcc3fd0088801f8770948ee1661d69f2bff811efb114779
seed_976306_C0_NATIVE_task_005,976306,C0_NATIVE,5,dialog_trajectories/seed_976306/C0_NATIVE/task_005.json,mechanism_traces/seed_976306/C0_NATIVE/task_005.json,1,1,0.00865174,0.013971999999999998,52.05303491704399,47d38fc6bafc9d871963c033d45157d2c57efe30bee00b8530e6a424c0b21528,d55cb0f3a41d212b97652307bd40c5bf5b4a04728019d5502b33d56c19f14207
seed_976306_C0_NATIVE_task_006,976306,C0_NATIVE,6,dialog_trajectories/seed_976306/C0_NATIVE/task_006.json,mechanism_traces/seed_976306/C0_NATIVE/task_006.json,1,1,0.01026829,0.018652,65.05830179102486,8d06966afe79198be9bdf33e1b9690c08097da0ab75ba867bdb05e0cf02c8d69,1904e82d0e72992e1b23b65a0d20c72fb88b8eac2944826ec999e5e0a526ed4d
seed_976306_C0_NATIVE_task_007,976306,C0_NATIVE,7,dialog_trajectories/seed_976306/C0_NATIVE/task_007.json,mechanism_traces/seed_976306/C0_NATIVE/task_007.json,1,1,0.009021429999999999,0.01274,55.410480834019836,fb159e715fc60141fe3cdfa5134502cbe45827b156a25a1b297f593a27b86b84,69ccd21fcab4df49d5f8778be3a2a5d329d20b4a8c0b3d185eae22a6e677ba4c
seed_976306_C0_NATIVE_task_008,976306,C0_NATIVE,8,dialog_trajectories/seed_976306/C0_NATIVE/task_008.json,mechanism_traces/seed_976306/C0_NATIVE/task_008.json,1,1,0.00673339,0.013867999999999998,41.580299749970436,bbc712ee9653fd2e0f5a4b718c7c54a0990e1dad46b7f7ae20050a32287317bc,9e16139556f0cc836a18af8d885f22ff8297136459c7eb0cfe3e0d1a643b1afd
seed_976306_C0_NATIVE_task_009,976306,C0_NATIVE,9,dialog_trajectories/seed_976306/C0_NATIVE/task_009.json,mechanism_traces/seed_976306/C0_NATIVE/task_009.json,1,1,0.008066950000000002,0.015224000000000001,50.76089924998814,3eeda6948535a6e013108d4fe61633d706144664a4c90dfe15bf2c8a029a880b,9735a081989ec71e0dcd8742bd4b32b9de88db9921737813d7653bfb4aa1ffc6
seed_976306_C0_NATIVE_task_010,976306,C0_NATIVE,10,dialog_trajectories/seed_976306/C0_NATIVE/task_010.json,mechanism_traces/seed_976306/C0_NATIVE/task_010.json,1,1,0.0041437,0.008799999999999999,45.2539374580374,46ab4b3125210e46bc39b1c628c6601a958d85f2ca546efa21197ad5c2c558d6,bd057ad6d6af6cc6f4bfc8acd1394467cfef509a2b3865976b1fd8977abea2db
seed_976306_C0_NATIVE_task_011,976306,C0_NATIVE,11,dialog_trajectories/seed_976306/C0_NATIVE/task_011.json,mechanism_traces/seed_976306/C0_NATIVE/task_011.json,1,1,0.0059078099999999995,0.013872,35.39450533298077,12e901959691e349f566e676b1bb47e349863ec06ea80f9466d5c5b8c7701558,4237c44bb64b95bc8c485960687abe295ae2aa7071e0cf505bbd6c4f32923d9a
seed_976306_C0_NATIVE_task_012,976306,C0_NATIVE,12,dialog_trajectories/seed_976306/C0_NATIVE/task_012.json,mechanism_traces/seed_976306/C0_NATIVE/task_012.json,1,1,0.00389432,0.008764000000000001,22.09223504201509,7f4c61abe698534af7bc5c676033014213f87079b30fdcdd142315278444b397,d71a38b9ed694f93300fd890d070dcb126b85fd3385e237c2c473282d516e712
seed_976306_C0_NATIVE_task_013,976306,C0_NATIVE,13,dialog_trajectories/seed_976306/C0_NATIVE/task_013.json,mechanism_traces/seed_976306/C0_NATIVE/task_013.json,1,1,0.0070831800000000006,0.018365999999999997,62.68651116703404,2a0e77169204940e3b9e4d20846d79e5c2b36c04f29644451691f69faf6262c2,ed82b4926815f01b99e36fee14030028d0c9cdb203858d315611904e6122eccf
seed_976306_C0_NATIVE_task_014,976306,C0_NATIVE,14,dialog_trajectories/seed_976306/C0_NATIVE/task_014.json,mechanism_traces/seed_976306/C0_NATIVE/task_014.json,1,1,0.0044662899999999995,0.011977999999999999,36.16670233302284,8e2ff034a45f175e486ed33347c80517132e684369c653edf71254b8ca70aaea,db3e593ef7461b1db2a85961ba3efa72939aaf5fcb1f6b5dd3dab1c1fd42657d
seed_976306_C0_NATIVE_task_015,976306,C0_NATIVE,15,dialog_trajectories/seed_976306/C0_NATIVE/task_015.json,mechanism_traces/seed_976306/C0_NATIVE/task_015.json,1,1,0.005641129999999999,0.009208,38.885941125045065,b6736ea50a47b39b705ffafcbcfd2489bf6b0a943d14215aecba595fc7fb5e09,cef2788fef653d782a3791c08348d83699e5da1cf55c2082deb98001eb625767
seed_976306_C0_NATIVE_task_016,976306,C0_NATIVE,16,dialog_trajectories/seed_976306/C0_NATIVE/task_016.json,mechanism_traces/seed_976306/C0_NATIVE/task_016.json,1,1,0.0072130599999999994,0.010392,58.26618641696405,9f44a1d25651874c3c0ae54b4497379171db7de3a28c59b0817322eac557dc1c,9461e015004e16d8f2d51a4e13d0d351873994ad54800e73ac6383603e235efd
seed_976306_C0_NATIVE_task_017,976306,C0_NATIVE,17,dialog_trajectories/seed_976306/C0_NATIVE/task_017.json,mechanism_traces/seed_976306/C0_NATIVE/task_017.json,1,1,0.00309657,0.011066,26.78860704199178,430e321f23e558856fd7bb506830bcb9ea7c266024fa6dc7465e1fcf9be42ab0,151e66a8161cb64e73b3ec6218def4a90022cd2cddc548a7d90e858bd0bcb408
seed_976306_C0_NATIVE_task_018,976306,C0_NATIVE,18,dialog_trajectories/seed_976306/C0_NATIVE/task_018.json,mechanism_traces/seed_976306/C0_NATIVE/task_018.json,1,1,0.00734708,0.020183999999999997,43.684894374979194,730572f8adbf06cca63ef83536d6f000ac989ea36e795474a87453f0c9ee47f3,8455af7297c8701cd0468b7d9c6b0b0b20d06ef8e9a50c34b39e1298ba1f524e
seed_976306_C0_NATIVE_task_019,976306,C0_NATIVE,19,dialog_trajectories/seed_976306/C0_NATIVE/task_019.json,mechanism_traces/seed_976306/C0_NATIVE/task_019.json,1,1,0.00886893,0.013538,58.46215187496273,f7e854ac13d6a286eee5fe0b9fadd828b666d87659a6d885ad2004563731b7ee,f2024008c7601c03c200745ab4e193142d5b728b69da3c5eda7b57c4871529ef
seed_976306_C0_NATIVE_task_020,976306,C0_NATIVE,20,dialog_trajectories/seed_976306/C0_NATIVE/task_020.json,mechanism_traces/seed_976306/C0_NATIVE/task_020.json,0,0,0.009543770000000002,0.011333999999999999,52.2095120830345,d07e8d045744b5b8773804aa42de0a0ecaa5ae0e9963ea5d8b44d11a911d8793,4e5e7b74dd61b2d10aec0aeaa6db8f0491ab526f80914d2aced606e7a5914ff3
seed_976306_C0_NATIVE_task_021,976306,C0_NATIVE,21,dialog_trajectories/seed_976306/C0_NATIVE/task_021.json,mechanism_traces/seed_976306/C0_NATIVE/task_021.json,0,0,0.0046982000000000005,0.00501,32.0758217080147,b6f53698e5c12f9ed6891bbbdf225eab09f7fad31a7f1a379a13e151f46c0169,409cabdb00ac934419e6d64008f126fedaabfcca932422d61aeedfd5ffc82d87
seed_976306_C0_NATIVE_task_022,976306,C0_NATIVE,22,dialog_trajectories/seed_976306/C0_NATIVE/task_022.json,mechanism_traces/seed_976306/C0_NATIVE/task_022.json,1,1,0.007037910000000001,0.013354,52.171755333954934,c192d4f6d3422aa35b15d81d583cfe21c723c73620bcfb895bafe28ff093d571,20c8646ddb4a7aa46ec3d03b006c8d1b6374f4dd5d2c54d484a7da1c6804a0b2
seed_976306_C0_NATIVE_task_023,976306,C0_NATIVE,23,dialog_trajectories/seed_976306/C0_NATIVE/task_023.json,mechanism_traces/seed_976306/C0_NATIVE/task_023.json,1,1,0.009929740000000001,0.010646,41.79837145796046,28e6f1cd773760b932c08e5ae1e9006b1903a7dbe45fff84dd0722a9e05e1a1d,3fba4c73c0ba6e253a6dbab9f78d717a4c869f559a6f68e6a5144809a32b81de
seed_976306_C0_NATIVE_task_024,976306,C0_NATIVE,24,dialog_trajectories/seed_976306/C0_NATIVE/task_024.json,mechanism_traces/seed_976306/C0_NATIVE/task_024.json,1,1,0.0031920700000000004,0.010700000000000001,23.195447042002343,0b7d87fe1f42809e8c1c1e696294e3f2abb9b0fe5f5ccff21138a2cf34820f9b,e6bb10dff615ada18895f71af73561c5a7c53ccdae0272b503952344899409f5
seed_976306_C0_NATIVE_task_025,976306,C0_NATIVE,25,dialog_trajectories/seed_976306/C0_NATIVE/task_025.json,mechanism_traces/seed_976306/C0_NATIVE/task_025.json,0,0,0.00739799,0.010844,46.397285916958936,571bf3392146ae5af4f85218bcff07b5e73d014580d7d432bd98711e878599ca,0cc612406ba75ada2cd5eb7c4e253e500b3cce824b942a88a3794b6e8618f77b
seed_976306_C0_NATIVE_task_026,976306,C0_NATIVE,26,dialog_trajectories/seed_976306/C0_NATIVE/task_026.json,mechanism_traces/seed_976306/C0_NATIVE/task_026.json,1,1,0.0042902700000000005,0.006605999999999999,26.94315900001675,7501223b10b7543ccfd48b3084c8eddfc6e43f326bc4f4f8e2836e7cb7300714,8fee88973758be20226de24c82c14e632a0b3852e63ac960191fdb7f6dd7ce13
seed_976306_C0_NATIVE_task_027,976306,C0_NATIVE,27,dialog_trajectories/seed_976306/C0_NATIVE/task_027.json,mechanism_traces/seed_976306/C0_NATIVE/task_027.json,0,0,0.0030532300000000005,0.003756,16.871750999998767,82cf27d2225ded5b220bedb3e2386a4e1cdebda101d86f6891bbc72e550d07b4,4cabee72c8b410ba044e0850f2455c77d36ae7397eb377ee8a70df20d06f4eda
seed_976306_C0_NATIVE_task_028,976306,C0_NATIVE,28,dialog_trajectories/seed_976306/C0_NATIVE/task_028.json,mechanism_traces/seed_976306/C0_NATIVE/task_028.json,1,1,0.013461019999999999,0.018114,74.37407304201042,5b58fca84380cd12187f755be9951198c57ad263ef1b7a829fb703a18e455265,8fb996869ad5a996ae45c4a884cc78b378476d64afb3fc5e8cf57dc302bc9269
seed_976306_C0_NATIVE_task_029,976306,C0_NATIVE,29,dialog_trajectories/seed_976306/C0_NATIVE/task_029.json,mechanism_traces/seed_976306/C0_NATIVE/task_029.json,1,1,0.009831429999999999,0.010259999999999998,43.06379420898156,4c0e3cb7a2b930a34626d7c98c54dadb8fe18b438caef119b3055719465c5148,db6137e71865b137df2ae70114b3dbb9fa4a41cb780b5b25c7d392880146af16
seed_976306_C0_NATIVE_task_030,976306,C0_NATIVE,30,dialog_trajectories/seed_976306/C0_NATIVE/task_030.json,mechanism_traces/seed_976306/C0_NATIVE/task_030.json,1,1,0.00961446,0.02103,70.5903903329745,cc0be13d4ddade437f680cd6714adb4c662e14081b2002fd3056ee5268953b7b,f479b865bff9fface411abaa63945dafc837785cbcedcedf66df74da0d1dbcd5
seed_976306_C0_NATIVE_task_031,976306,C0_NATIVE,31,dialog_trajectories/seed_976306/C0_NATIVE/task_031.json,mechanism_traces/seed_976306/C0_NATIVE/task_031.json,1,1,0.006946000000000002,0.016014,45.09465145901777,aea2aa734b8ccaaebdcd6a86b0beae6d0eab047091e93b4d5cf4671f0b8352d7,3012c282fe224618c695ccc1f49bd1a30be03c3134088a538386f7e531151254
seed_976306_C0_NATIVE_task_032,976306,C0_NATIVE,32,dialog_trajectories/seed_976306/C0_NATIVE/task_032.json,mechanism_traces/seed_976306/C0_NATIVE/task_032.json,0,0,0.010897220000000003,0.022459999999999997,62.136259916995186,2b96cae65dca228bb288c94246ec26f2c955fa9876fef5289e27371302f17ea8,a7b8a8daf795fca44f3c9c51279d5595b31e2c29772a92bcf2d433672b1790d8
seed_976306_C0_NATIVE_task_033,976306,C0_NATIVE,33,dialog_trajectories/seed_976306/C0_NATIVE/task_033.json,mechanism_traces/seed_976306/C0_NATIVE/task_033.json,1,1,0.00413463,0.014079999999999999,34.82560525002191,585f42b364538b5d85c7730e6606e0851978ce63447e013cc376cfc836ff0845,a6159e430fdf08a0b938e2d8bc550416aeafacd5d9971801bbc7ba2a1a658b0a
seed_976306_C0_NATIVE_task_034,976306,C0_NATIVE,34,dialog_trajectories/seed_976306/C0_NATIVE/task_034.json,mechanism_traces/seed_976306/C0_NATIVE/task_034.json,0,0,0.0052063,0.021601999999999996,37.96760758297751,71d2957fc64c5f5207755d1cd0590b8049390d95a201d8d3df993f037fc8be8d,977e8d0ef140526ad85973dfb758f4215d972f3b4909057bac21320f3c840a6c
seed_976306_C0_NATIVE_task_035,976306,C0_NATIVE,35,dialog_trajectories/seed_976306/C0_NATIVE/task_035.json,mechanism_traces/seed_976306/C0_NATIVE/task_035.json,1,1,0.01163638,0.023008,92.5843515000306,ad6b7ba3bf0643b61466b99220d4d23ed80faab8d9506e8e83eb56516c147230,27105d7976c61698748004c0c4f377fc95b319a8d12acc75c2c9fddbf7f543e8
seed_976306_C0_NATIVE_task_036,976306,C0_NATIVE,36,dialog_trajectories/seed_976306/C0_NATIVE/task_036.json,mechanism_traces/seed_976306/C0_NATIVE/task_036.json,1,1,0.011225279999999999,0.016092,69.94238983298419,a7d3eb2b1682d6157e3abd064634b2df3cf5c6c9917a82e34140ad31203397a8,a1986d62bc78fd082abac22f31b19fd201d45ea651d1c6b41d55c26e7a51ca54
seed_976306_C0_NATIVE_task_038,976306,C0_NATIVE,38,dialog_trajectories/seed_976306/C0_NATIVE/task_038.json,mechanism_traces/seed_976306/C0_NATIVE/task_038.json,0,0,0.0110196,0.014764,66.8490842920146,5250c30e040bbaa35d3f224138409647fb40648423882a593f1a64fe3c1cd4c8,658024828114e041b671c04975378784dc2b59d42db104895d605f84fafe7476
seed_976306_C0_NATIVE_task_039,976306,C0_NATIVE,39,dialog_trajectories/seed_976306/C0_NATIVE/task_039.json,mechanism_traces/seed_976306/C0_NATIVE/task_039.json,0,0,0.00485291,0.014822,35.197434542002156,6a141fa238421a3ee483c94cc42557ae7d2a70fcd2e26cefd21c4254df0ec52c,5a7bd1c23e383d68b2688941b85d34d453a3a1a0deb8bd6c215293da23f03ed1
seed_976306_C0_NATIVE_task_040,976306,C0_NATIVE,40,dialog_trajectories/seed_976306/C0_NATIVE/task_040.json,mechanism_traces/seed_976306/C0_NATIVE/task_040.json,1,1,0.0024467500000000006,0.010249999999999999,21.717936250031926,cf65dd2f980e50cd4fd71aa881dfd8a3047a7e08a0c607f93980fe9a32424994,f8e6ebb3eff636706890faebea7ef878aff667587d9ac66e52495e547d2d5970
seed_976306_C0_NATIVE_task_042,976306,C0_NATIVE,42,dialog_trajectories/seed_976306/C0_NATIVE/task_042.json,mechanism_traces/seed_976306/C0_NATIVE/task_042.json,0,0,0.010638719999999999,0.018139999999999996,54.19236304203514,448c31eeba1aea4a6bb551692f8125a0f7431e6fae45a23a22c8cf70fa225dc5,d24a37dd5b2209f546ece989b00429bce7d6bc558353233d93d444cbd7e9bbb5
seed_976306_C0_NATIVE_task_043,976306,C0_NATIVE,43,dialog_trajectories/seed_976306/C0_NATIVE/task_043.json,mechanism_traces/seed_976306/C0_NATIVE/task_043.json,1,1,0.006193730000000001,0.015924,46.89770679199137,39b17e53e1e644d5cf2ddd8893331b55b495d67b6ed210c054ccc81400e9f51e,5c7021319450293bf841cb9ba576cf9e6b4ff9b6bad878a9c169afe9888e83b0
seed_976306_C0_NATIVE_task_045,976306,C0_NATIVE,45,dialog_trajectories/seed_976306/C0_NATIVE/task_045.json,mechanism_traces/seed_976306/C0_NATIVE/task_045.json,1,1,0.007481630000000001,0.013608,49.40521037502913,6a75a0320bfaed12349c8aecbb8931cd032a9042db645941d159c7e2ea1b5cad,74b3483595f9afaf4d3f94770572196df73fbaf86735312f8abeb6ba79ae8b7e
seed_976306_C0_NATIVE_task_049,976306,C0_NATIVE,49,dialog_trajectories/seed_976306/C0_NATIVE/task_049.json,mechanism_traces/seed_976306/C0_NATIVE/task_049.json,1,1,0.008177170000000001,0.018381999999999996,67.00143320800271,720d241a81ddc6482ef8d2ff2634464fdc5f2a38347ffe1ba10e2d216b2b417f,4d86ea1ed19422a58ff745eae319063794fd8dcf616edd70a4b2d6bf1cf7d0ae
seed_976306_C0_NATIVE_task_050,976306,C0_NATIVE,50,dialog_trajectories/seed_976306/C0_NATIVE/task_050.json,mechanism_traces/seed_976306/C0_NATIVE/task_050.json,1,1,0.00198702,0.0038659999999999996,17.469984584022313,8e4df84a21907fbd43cfba4db3d4dd9291c5aa761b59da3ed09a45289a95fcf3,7b2d80bd0252f940ce9cb647adc37369c092c6336c57e3ac2a1c8832642b414b
seed_976306_C0_NATIVE_task_051,976306,C0_NATIVE,51,dialog_trajectories/seed_976306/C0_NATIVE/task_051.json,mechanism_traces/seed_976306/C0_NATIVE/task_051.json,1,1,0.00402374,0.012389999999999998,32.07459845795529,ab9a0445a9cf3b4bdd066644745051d9ee2f6e7b273c12b24f93586eb7d51717,6e8dc70f14d6ecc614d0fa00e21b4a8e5232b46403579567104b985d34fc7e8d
seed_976306_C0_NATIVE_task_053,976306,C0_NATIVE,53,dialog_trajectories/seed_976306/C0_NATIVE/task_053.json,mechanism_traces/seed_976306/C0_NATIVE/task_053.json,1,1,0.00617196,0.01572,40.49719375005225,18e3538bcb04cd324826b00ad77384bd13c90b6b07f1a8169e5392f77849b677,b6cf2445f080807c00b6ee41c497ac84a4fd76037576f8a469d39ced16756e51
seed_976306_C0_NATIVE_task_054,976306,C0_NATIVE,54,dialog_trajectories/seed_976306/C0_NATIVE/task_054.json,mechanism_traces/seed_976306/C0_NATIVE/task_054.json,0,0,0.00886441,0.011656,51.101050874975044,d9151f44a036c8316b98f2c40bd27527e6e96712f8725b2bac3dc9ebc8392692,0df104865a52bcc21183906481e002b1dc8f9a8ba3f8989c2fb99fd5549fb826
seed_976306_C0_NATIVE_task_055,976306,C0_NATIVE,55,dialog_trajectories/seed_976306/C0_NATIVE/task_055.json,mechanism_traces/seed_976306/C0_NATIVE/task_055.json,1,1,0.00588316,0.009095999999999998,35.329910665983334,f640b89201b0315ec28b25cd8b6fffb07b7f2eafc37928996ee7e21d976bbe51,c77037540a24d16fabaaab6da78ab517415604c844d4eacb6f2fb38aad06064a
seed_976306_C0_NATIVE_task_056,976306,C0_NATIVE,56,dialog_trajectories/seed_976306/C0_NATIVE/task_056.json,mechanism_traces/seed_976306/C0_NATIVE/task_056.json,0,0,0.0030732399999999997,0.006855999999999999,20.194835749978665,7899b8f4bc9da0301ae9b8f47cde1eed8fda8669aec793eb8e6dc7d09c2d0935,4d5ab9fe0ac80e4978b04fd72a07fa617c3fca91d5ac1bd893e00bb479d89b11
seed_976306_C0_NATIVE_task_059,976306,C0_NATIVE,59,dialog_trajectories/seed_976306/C0_NATIVE/task_059.json,mechanism_traces/seed_976306/C0_NATIVE/task_059.json,0,0,0.00445135,0.011856,27.574242667004,7e65af6fc0d53403f9c8b624a46df3e740cbcba128c8b99dd03933c7c57cdba9,3d1c1cfa306c0118a80ab50388abc0f553ddbaa0b30c0cd110c6ba4326231696
seed_976306_C0_NATIVE_task_060,976306,C0_NATIVE,60,dialog_trajectories/seed_976306/C0_NATIVE/task_060.json,mechanism_traces/seed_976306/C0_NATIVE/task_060.json,1,1,0.00366805,0.008116,23.23684583400609,0952275e6f329eb96b810ae74ddbb248d15b3e6077580fbdd24845be82a044d2,d867b7339934e9f174f8b100d66edb088da2546797d63dd69313aa47011aaaea
seed_976306_C0_NATIVE_task_061,976306,C0_NATIVE,61,dialog_trajectories/seed_976306/C0_NATIVE/task_061.json,mechanism_traces/seed_976306/C0_NATIVE/task_061.json,1,1,0.00402835,0.008157999999999999,29.849366707960144,3dfbe258d23a7bbd5d9c694467082a5fac4e06df5de051c5f71a3efe8240f169,73a2aadc8f2b5505741aa979528196d028f397ab25f3f286ba62aab48a113828
seed_976306_C0_NATIVE_task_062,976306,C0_NATIVE,62,dialog_trajectories/seed_976306/C0_NATIVE/task_062.json,mechanism_traces/seed_976306/C0_NATIVE/task_062.json,1,1,0.00500645,0.011346,34.531417667050846,d1af3d07dfe2b77cb7b8f44804c4b9596b9af4070463f2eadf8653c99151ceec,6c886ebf2609ab44aa5ae2453218cf1f1affaee00c94050bb5c8637754463f12
seed_976306_C0_NATIVE_task_064,976306,C0_NATIVE,64,dialog_trajectories/seed_976306/C0_NATIVE/task_064.json,mechanism_traces/seed_976306/C0_NATIVE/task_064.json,0,0,0.006582810000000001,0.011632,42.06025766598759,5428719740ecb258e532f778915403320142ffbdc6058f99e70770d6dfca4fb9,f4e0d41193d13f2086d576447de700baf6d05b4ee486f55812b2bd4b269040a6
seed_976306_C0_NATIVE_task_065,976306,C0_NATIVE,65,dialog_trajectories/seed_976306/C0_NATIVE/task_065.json,mechanism_traces/seed_976306/C0_NATIVE/task_065.json,1,1,0.00458658,0.012126,28.993508500047028,ce9e4b25f70b299ad511a585b972f45c7f534826e5cd16c8d0e74e0aef9ed5fb,0d520b95603d0b52e973da959afbfd11012725a6cbd4d453ecdf23a014636406
seed_976306_C0_NATIVE_task_068,976306,C0_NATIVE,68,dialog_trajectories/seed_976306/C0_NATIVE/task_068.json,mechanism_traces/seed_976306/C0_NATIVE/task_068.json,1,1,0.0021065,0.005412,16.784157041984145,046ed840db81e63be8d2ae81cf9d8c089a09b195a86c8945ac2aadb89a91f90d,bce044cad42f4410937b65efb74a94efc76c409b5bd19126e41eddb8d4e5a042
seed_976306_C0_NATIVE_task_070,976306,C0_NATIVE,70,dialog_trajectories/seed_976306/C0_NATIVE/task_070.json,mechanism_traces/seed_976306/C0_NATIVE/task_070.json,1,1,0.005398,0.01125,33.720420584024396,861db7bee99b9a2a42a7599d8183a5a889620b50b45396627d4b019c3fbd5770,06955836dd22a4726ff9fdbb77ad810e020ede3a52570e58a306c3ebbf693f9d
seed_976306_C0_NATIVE_task_071,976306,C0_NATIVE,71,dialog_trajectories/seed_976306/C0_NATIVE/task_071.json,mechanism_traces/seed_976306/C0_NATIVE/task_071.json,0,0,0.008133650000000003,0.019001999999999998,49.23151587496977,c5bbc4d48ce1c9f3352f4247bf66797645147775aa529b30b4726e8ad94cc5fa,f6a28d2a225979f1b0a57a5c45c9db4cad53c51dc7d5ef0652b8e7fae62f1f3c
seed_976306_C0_NATIVE_task_073,976306,C0_NATIVE,73,dialog_trajectories/seed_976306/C0_NATIVE/task_073.json,mechanism_traces/seed_976306/C0_NATIVE/task_073.json,1,1,0.00373085,0.010245999999999998,19.71672933298396,8f91878b0736aa1ecddb0faa964155a4c746843feaa4dacba164078f3d5411ec,ff95a1052157f911aced3239df7f628a5a876fecc0ba87876729857ba4c1e5f5
seed_976306_C0_NATIVE_task_074,976306,C0_NATIVE,74,dialog_trajectories/seed_976306/C0_NATIVE/task_074.json,mechanism_traces/seed_976306/C0_NATIVE/task_074.json,1,1,0.009854130000000001,0.013548,51.126417457999196,5362802f03cec20d87604f5107ca22f23b66164e68c2e75cf15f214c1d59fc5c,77f3f37ec608996da3af36970e05d12c2a55c0ac88ca932fa444984f3b3ef702
seed_976306_C0_NATIVE_task_075,976306,C0_NATIVE,75,dialog_trajectories/seed_976306/C0_NATIVE/task_075.json,mechanism_traces/seed_976306/C0_NATIVE/task_075.json,1,1,0.00323956,0.007264,57.94953629199881,280f6e9debebc77bfb8d253449f84d7f6fb4a2558f633beb89f8939f785564d5,f34409ebac88eb55d3f7dcf3d8ff3b1d3cbc80063c6bab76522f2d8a31500484
seed_976306_C0_NATIVE_task_077,976306,C0_NATIVE,77,dialog_trajectories/seed_976306/C0_NATIVE/task_077.json,mechanism_traces/seed_976306/C0_NATIVE/task_077.json,1,1,0.0062127599999999995,0.011776,44.991004750016145,4221ebbd22e4949bcd2d84f41f334ec78aca4eed8f989abfd994de96860be2a2,7b85292058c9fc0c2b0a23776c83c251ceaf660111ef63fce4d9006b9143970b
seed_976306_C0_NATIVE_task_079,976306,C0_NATIVE,79,dialog_trajectories/seed_976306/C0_NATIVE/task_079.json,mechanism_traces/seed_976306/C0_NATIVE/task_079.json,1,1,0.0077406900000000015,0.018258,53.0170709999511,110cad10d25c15516c0b7a1e42e9891b5ee27a50a3ec4445cdf5ba1bb29fbd89,461ac0b69e4fc0f43a843c855476f9e75732edc01734e76ae628ad7f2ea4bd14
seed_976306_C0_NATIVE_task_080,976306,C0_NATIVE,80,dialog_trajectories/seed_976306/C0_NATIVE/task_080.json,mechanism_traces/seed_976306/C0_NATIVE/task_080.json,1,1,0.00503522,0.011952,38.618378999992274,219c0d5f1704142bf687ba0d0085135a2ea707f093c5fc88d9f5fdd3729c2c8a,f4ea84183d78678550055400b491640d9f33a8b9cd229c7f5f0d29d1b0f5e846
seed_976306_C0_NATIVE_task_086,976306,C0_NATIVE,86,dialog_trajectories/seed_976306/C0_NATIVE/task_086.json,mechanism_traces/seed_976306/C0_NATIVE/task_086.json,1,1,0.011581570000000001,0.013659999999999999,64.96648645802634,de30169b5649f1c9946166a31fde6d913aeaab688de4d88b1633c7deb87a9f4a,9e765e2db459dd25bdf1a3cb0641ffab1832546344b4d6d8cca0be3224db3bad
seed_976306_C0_NATIVE_task_087,976306,C0_NATIVE,87,dialog_trajectories/seed_976306/C0_NATIVE/task_087.json,mechanism_traces/seed_976306/C0_NATIVE/task_087.json,1,1,0.00787563,0.011205999999999999,59.0902200419805,39e4405b6fdb3a380d495b0ca5eabd9e5c7d0f5d80d2b6f48558f570d6eb8d00,9b269d1c162586976c4e0f6a3b588088a692d16db8497b3fa39fe5b7ba4021ce
seed_976306_C0_NATIVE_task_090,976306,C0_NATIVE,90,dialog_trajectories/seed_976306/C0_NATIVE/task_090.json,mechanism_traces/seed_976306/C0_NATIVE/task_090.json,1,1,0.00642985,0.0114,39.33024583297083,fabe1770e4d7e7b392e4d8552d702336f9da327918990a6acae476dec5b38be9,895e8c4dbf846eeb6fe0f36c78fb70b3894b6cc644dd032457f22f3fbcbe0b1b
seed_976306_C0_NATIVE_task_091,976306,C0_NATIVE,91,dialog_trajectories/seed_976306/C0_NATIVE/task_091.json,mechanism_traces/seed_976306/C0_NATIVE/task_091.json,1,1,0.00942717,0.021098,56.24988245900022,4619d3ec414b3560c860b855baa1c45dbd918fe4d2736fda6262cd1ba9bb3c97,21f60cfd42db6b852130d27a9067dae91faddd2e12b435240920a33a87a004ed
seed_976306_C0_NATIVE_task_094,976306,C0_NATIVE,94,dialog_trajectories/seed_976306/C0_NATIVE/task_094.json,mechanism_traces/seed_976306/C0_NATIVE/task_094.json,0,0,0.00672208,0.012597999999999998,52.85502074996475,08f150735c615bb4718581f3e26c303b76cb809213cfad70c84d5a77a91c0cef,f855b408f759bf69de6e64cc26942df83003a6293b78fb7547a7d27d985c7374
seed_976306_C0_NATIVE_task_095,976306,C0_NATIVE,95,dialog_trajectories/seed_976306/C0_NATIVE/task_095.json,mechanism_traces/seed_976306/C0_NATIVE/task_095.json,0,0,0.0020791700000000004,0.008877999999999999,22.25964445801219,c6d1869e967f2687c671c3796a67933344fc8ee180798249bc2f34d18227a8a6,88e1ab7316e5089a2a2511920cd008ff7cba23bfff6dec63113effce7be48e25
seed_976306_C0_NATIVE_task_097,976306,C0_NATIVE,97,dialog_trajectories/seed_976306/C0_NATIVE/task_097.json,mechanism_traces/seed_976306/C0_NATIVE/task_097.json,1,1,0.00881571,0.009874,48.800458708021324,c432192913bf0cc97f200f54cfc55e570d1eeed85aed584cea019ed254fbdf86,96251c49173d7a8dfcf885e9ea793a0849c97c6ff779d690cfd9c096d0a4f1c6
seed_976306_C0_NATIVE_task_099,976306,C0_NATIVE,99,dialog_trajectories/seed_976306/C0_NATIVE/task_099.json,mechanism_traces/seed_976306/C0_NATIVE/task_099.json,0,0,0.0033834100000000003,0.013813999999999998,27.00281500001438,62f3837842c2c252e8b6782c8b9b1a22df5a23411e41040b9dca6ee43b071843,b33007b8d139a7c5e5b2d5625363eef2af20171b01385a1fb7904930ff54d7bb
seed_976306_C0_NATIVE_task_100,976306,C0_NATIVE,100,dialog_trajectories/seed_976306/C0_NATIVE/task_100.json,mechanism_traces/seed_976306/C0_NATIVE/task_100.json,1,1,0.010271770000000001,0.015441999999999999,60.80719979200512,7cf133244748be989668c00d67a9fde53c42b1d80139ce2d1efa01ec0628d211,0e588dce3f43f85d86236aa48381255888df27363ac9912721f8aef2314268b9
seed_976306_C0_NATIVE_task_101,976306,C0_NATIVE,101,dialog_trajectories/seed_976306/C0_NATIVE/task_101.json,mechanism_traces/seed_976306/C0_NATIVE/task_101.json,0,0,0.00981576,0.014834,61.899858084041625,8848310cd9c47a616c5b61bcadf00a5fc43e87eaa9db0c7b807724596fc495d2,506c7f5cdc6915d4454db57fd36dbec5daada441d47d472e16396f39e1889c0b
seed_976306_C0_NATIVE_task_102,976306,C0_NATIVE,102,dialog_trajectories/seed_976306/C0_NATIVE/task_102.json,mechanism_traces/seed_976306/C0_NATIVE/task_102.json,1,1,0.011874119999999998,0.017906,79.03224204201251,bf7c1d4461fa69d72d8a76b7193b65eec56ae9e5756f8320f7f30fd6f19c82f2,beee8a950c82d1c49d8a985e60343535c530174ceedfe9d100b3c89069d49ba2
seed_976306_C0_NATIVE_task_105,976306,C0_NATIVE,105,dialog_trajectories/seed_976306/C0_NATIVE/task_105.json,mechanism_traces/seed_976306/C0_NATIVE/task_105.json,1,0,0.00718341,0.015681999999999998,47.72694258298725,2ad7ec82e93222bd000fe7deb9a6f6aad639623015558d5aefb148b69193ab4d,d266a941768b801dcef2de7c62dd8a35c7e085360353bca5bf3cec7d71c32da0
seed_976306_C0_NATIVE_task_108,976306,C0_NATIVE,108,dialog_trajectories/seed_976306/C0_NATIVE/task_108.json,mechanism_traces/seed_976306/C0_NATIVE/task_108.json,1,1,0.0067618,0.015674,43.27448208298301,778f0a6326de5445649669b3db0c9ec6cbe843213c14729b643b3ff17b56b867,c6d60bf8ae9318cdbf71e4dde79caa7836e35a6440a0df4f1b53ee024110d262
seed_976306_C0_NATIVE_task_111,976306,C0_NATIVE,111,dialog_trajectories/seed_976306/C0_NATIVE/task_111.json,mechanism_traces/seed_976306/C0_NATIVE/task_111.json,0,0,0.00971132,0.014571999999999998,59.515767959004734,a84fbcbc56b1923e46428e34870dc6fea61fa6741b58e640b5770923ff6ef45f,d4b71e40ccb44712ed0c464c8274ba798f140f01f65f1c5ea3d37b12cbe84972
seed_976306_C0_NATIVE_task_113,976306,C0_NATIVE,113,dialog_trajectories/seed_976306/C0_NATIVE/task_113.json,mechanism_traces/seed_976306/C0_NATIVE/task_113.json,1,1,0.00424198,0.005652,27.32610616699094,8626f170c0d98610d02f06f35e138b067b4b2df906df520f1942bb93c4e5ab43,b2cfa08f943a16f6bc40315451134038e153410592e51ae3dbbec45ab03d2497
seed_976306_C1_SEMANTIC_SUPPORT_task_000,976306,C1_SEMANTIC_SUPPORT,0,dialog_trajectories/seed_976306/C1_SEMANTIC_SUPPORT/task_000.json,mechanism_traces/seed_976306/C1_SEMANTIC_SUPPORT/task_000.json,1,1,0.009495720000000001,0.012678,49.26980483299121,373aea222bd1a428a02ecc759cdbee3924d09e1cad633d2260f295b024f7c595,5f087bcfea54fb075feec137fbcfacc5cf314b385a81f5d3f061e15e397d29ed
seed_976306_C1_SEMANTIC_SUPPORT_task_001,976306,C1_SEMANTIC_SUPPORT,1,dialog_trajectories/seed_976306/C1_SEMANTIC_SUPPORT/task_001.json,mechanism_traces/seed_976306/C1_SEMANTIC_SUPPORT/task_001.json,1,1,0.00945051,0.008756,92.58492799999658,a37d01bd486de019fe546471f6c6c605b22a616991ac2fdf479ecd8bbf614381,42e1aa5c62deeba8d4307c5d0cc0e74801a36feb5b74802e9e9e1c5841b146f8
seed_976306_C1_SEMANTIC_SUPPORT_task_002,976306,C1_SEMANTIC_SUPPORT,2,dialog_trajectories/seed_976306/C1_SEMANTIC_SUPPORT/task_002.json,mechanism_traces/seed_976306/C1_SEMANTIC_SUPPORT/task_002.json,1,1,0.01140286,0.021315999999999998,61.43917170801433,0c2c2999cad0d8532d9337dfe542baefde431b3ade8668beaf866ce1ddd4e8c8,5e8a49c0c810cac3ee61eb828ff1cef6d54ca484ff102e278cd70e281b19d84f
seed_976306_C1_SEMANTIC_SUPPORT_task_003,976306,C1_SEMANTIC_SUPPORT,3,dialog_trajectories/seed_976306/C1_SEMANTIC_SUPPORT/task_003.json,mechanism_traces/seed_976306/C1_SEMANTIC_SUPPORT/task_003.json,1,1,0.01142989,0.010752,55.41338508296758,35dad617e04bdd212b32106c9dd5f356b9b43b8ca4e4547d5fd381f627bda408,c88254db1eb5ac071bf997b8e0a3ccabe0a4b2fc46c2de01d8b30c5d9b0568da
seed_976306_C1_SEMANTIC_SUPPORT_task_004,976306,C1_SEMANTIC_SUPPORT,4,dialog_trajectories/seed_976306/C1_SEMANTIC_SUPPORT/task_004.json,mechanism_traces/seed_976306/C1_SEMANTIC_SUPPORT/task_004.json,1,1,0.00981526,0.009597999999999999,50.45269629196264,421a20d93722a312ddec9e92ff2f31a61c6005712d68b02f03d9292a1f8fcb1f,9251465901543972ad44c405c92ff5190980215f1e6ab00e57bf2f7c0f175548
seed_976306_C1_SEMANTIC_SUPPORT_task_005,976306,C1_SEMANTIC_SUPPORT,5,dialog_trajectories/seed_976306/C1_SEMANTIC_SUPPORT/task_005.json,mechanism_traces/seed_976306/C1_SEMANTIC_SUPPORT/task_005.json,1,1,0.01161475,0.019545999999999997,61.6774289580062,0308313333ac9c8ba33490fbc70b57aebe62f3f1f139fb2301a4690d56efcc97,190e04aa0e9b587f8e3715d401fa45b679b938ba5d16159376023509c1ca0637
seed_976306_C1_SEMANTIC_SUPPORT_task_006,976306,C1_SEMANTIC_SUPPORT,6,dialog_trajectories/seed_976306/C1_SEMANTIC_SUPPORT/task_006.json,mechanism_traces/seed_976306/C1_SEMANTIC_SUPPORT/task_006.json,0,0,0.014988310000000001,0.012369999999999999,76.84309066599235,e403635b858c9e9224f9a5fdd0bb35dbb3c8e45fa4b635347a2e35192427355f,09da9435ede574ce85cb5486076b94576cc9ae072d5302df40aa531746399b2c
seed_976306_C1_SEMANTIC_SUPPORT_task_007,976306,C1_SEMANTIC_SUPPORT,7,dialog_trajectories/seed_976306/C1_SEMANTIC_SUPPORT/task_007.json,mechanism_traces/seed_976306/C1_SEMANTIC_SUPPORT/task_007.json,1,1,0.00882087,0.015612,59.489007624972146,308333e2d52fac08c040c403778e384ec6958688c02dbcf5ab37c80d0372ae2a,f760c9d30082a615f28ee28dfd3981ab505e5c81f198d64e958be3362544e971
seed_976306_C1_SEMANTIC_SUPPORT_task_008,976306,C1_SEMANTIC_SUPPORT,8,dialog_trajectories/seed_976306/C1_SEMANTIC_SUPPORT/task_008.json,mechanism_traces/seed_976306/C1_SEMANTIC_SUPPORT/task_008.json,1,1,0.01157309,0.012762,58.85320258297725,45dcdb0e46415c08637622f159c371f8f5decc394ed7f7a74ca11312b67ef847,bae481753fc77edede126ed6137344ab6aa4c6af2c2ce19a57b899d5764c029c
seed_976306_C1_SEMANTIC_SUPPORT_task_009,976306,C1_SEMANTIC_SUPPORT,9,dialog_trajectories/seed_976306/C1_SEMANTIC_SUPPORT/task_009.json,mechanism_traces/seed_976306/C1_SEMANTIC_SUPPORT/task_009.json,1,1,0.010366170000000001,0.016169999999999997,66.79499737505103,914aa2850e71f9196580a29d4090a671db5404151be037bc8e66630a9490ef1e,b89b19046332c1f4ef691937563ed1ad008ab99f56b6f38ccba02ed38a8ee93a
seed_976306_C1_SEMANTIC_SUPPORT_task_010,976306,C1_SEMANTIC_SUPPORT,10,dialog_trajectories/seed_976306/C1_SEMANTIC_SUPPORT/task_010.json,mechanism_traces/seed_976306/C1_SEMANTIC_SUPPORT/task_010.json,1,1,0.005479640000000001,0.007016,31.94108833296923,fc962b3b89eb99544d182680615b914c447cfb4b9325a837e27599bb2d62ef60,1c600ca139e3031b169277780f52dc444a09ea9f3a99839853478fb1b178bf3f
seed_976306_C1_SEMANTIC_SUPPORT_task_011,976306,C1_SEMANTIC_SUPPORT,11,dialog_trajectories/seed_976306/C1_SEMANTIC_SUPPORT/task_011.json,mechanism_traces/seed_976306/C1_SEMANTIC_SUPPORT/task_011.json,1,1,0.00839117,0.011099999999999999,41.8616952499724,ca56d9ed066859a832fe72e5e9a1fdb8c88ed120df0ee4e04db2733498b45269,450dc92deb8f6689ba0165a40a9e826e771305c32ec136a92801c971e978d03a
seed_976306_C1_SEMANTIC_SUPPORT_task_012,976306,C1_SEMANTIC_SUPPORT,12,dialog_trajectories/seed_976306/C1_SEMANTIC_SUPPORT/task_012.json,mechanism_traces/seed_976306/C1_SEMANTIC_SUPPORT/task_012.json,1,1,0.006123000000000001,0.006712,38.967406791984104,8b76f27b958c346f96e87d8d4e8c4600911f91e96db7e8c9b82881fb9872024e,66c5591d8798d9f5ab67e9888289a196285114e0f9ca284b3ec6506287111c4a
seed_976306_C1_SEMANTIC_SUPPORT_task_013,976306,C1_SEMANTIC_SUPPORT,13,dialog_trajectories/seed_976306/C1_SEMANTIC_SUPPORT/task_013.json,mechanism_traces/seed_976306/C1_SEMANTIC_SUPPORT/task_013.json,1,1,0.0123563,0.02124,75.72658600000432,eef169d6d8c388982886b95257f0494393f0c9c1404b84af39f278b988de03a6,0606916e535ac70228d1de8d542942fca7137bbe6c9d963ed0db1f89db3596a1
seed_976306_C1_SEMANTIC_SUPPORT_task_014,976306,C1_SEMANTIC_SUPPORT,14,dialog_trajectories/seed_976306/C1_SEMANTIC_SUPPORT/task_014.json,mechanism_traces/seed_976306/C1_SEMANTIC_SUPPORT/task_014.json,0,0,0.010777499999999999,0.01613,66.58495120803127,96c65cafb07a1ddd8e2390b92118006ec8934d99f297d29dd94e5cbfd04f6be8,6f78ebb58b7df3b84dd5bf8802cc806a0896669125a79238f59c5589f1750d45
seed_976306_C1_SEMANTIC_SUPPORT_task_015,976306,C1_SEMANTIC_SUPPORT,15,dialog_trajectories/seed_976306/C1_SEMANTIC_SUPPORT/task_015.json,mechanism_traces/seed_976306/C1_SEMANTIC_SUPPORT/task_015.json,1,1,0.008336590000000001,0.01069,44.22764204198029,c44635ed2c9d4daa4d5c4205176cda7dd48c615f9f7aa984874f253cab806fcb,8c1f8a3cd44e6c1c9f2b9083d80fa7e0fd2a58e0cd799fd3134608d91cdb61cf
seed_976306_C1_SEMANTIC_SUPPORT_task_016,976306,C1_SEMANTIC_SUPPORT,16,dialog_trajectories/seed_976306/C1_SEMANTIC_SUPPORT/task_016.json,mechanism_traces/seed_976306/C1_SEMANTIC_SUPPORT/task_016.json,1,1,0.008996969999999998,0.009138,43.060154125036206,2833e5a6de464d322098590d22b025f5cba96b016debf87158d63954cdced5f3,22891e49b537718e1acb11d44a0b9362e9c02fb085f1f911fc2ecbe42bf87177
seed_976306_C1_SEMANTIC_SUPPORT_task_017,976306,C1_SEMANTIC_SUPPORT,17,dialog_trajectories/seed_976306/C1_SEMANTIC_SUPPORT/task_017.json,mechanism_traces/seed_976306/C1_SEMANTIC_SUPPORT/task_017.json,1,1,0.00514486,0.010271999999999998,77.66328604199225,d7622ba3ba0c36df98a017ec2f37a69416c8e499e7a263a6a9ae730be88956e0,e257561cfb7a716350455b528784e230ca7dd0b8d4970e47c04eaf09905c955b
seed_976306_C1_SEMANTIC_SUPPORT_task_018,976306,C1_SEMANTIC_SUPPORT,18,dialog_trajectories/seed_976306/C1_SEMANTIC_SUPPORT/task_018.json,mechanism_traces/seed_976306/C1_SEMANTIC_SUPPORT/task_018.json,1,1,0.00944646,0.014447999999999997,49.2649120829883,c955d14601c548a870db7389f2aa6efa6ea8292288ebca61b8e675a98330aa52,61e2895a607f1f2e860bf0225d2e0634b880d0e05d9f56e891f660ce6d3bd479
seed_976306_C1_SEMANTIC_SUPPORT_task_019,976306,C1_SEMANTIC_SUPPORT,19,dialog_trajectories/seed_976306/C1_SEMANTIC_SUPPORT/task_019.json,mechanism_traces/seed_976306/C1_SEMANTIC_SUPPORT/task_019.json,1,1,0.01145331,0.011396000000000002,54.51257316599367,f98363f4d3eb4984ba0b391e74bd56cc4d5603b48973e40fce35b9fad64b9e59,00202dd876313cf38c136afc36806d5adeeb9bc371b6838323b87360d2f6bee5
seed_976306_C1_SEMANTIC_SUPPORT_task_020,976306,C1_SEMANTIC_SUPPORT,20,dialog_trajectories/seed_976306/C1_SEMANTIC_SUPPORT/task_020.json,mechanism_traces/seed_976306/C1_SEMANTIC_SUPPORT/task_020.json,1,1,0.00981666,0.011600000000000001,55.858636416029185,826d444e8a93486d9cdd30f01bf6d9db99f78aca7f139bcf8b209917ff25acb8,b69fe8fc0df1ff0c65296cf1b7af2460d066d9b6380e52dce85b6f82ee43d134
seed_976306_C1_SEMANTIC_SUPPORT_task_021,976306,C1_SEMANTIC_SUPPORT,21,dialog_trajectories/seed_976306/C1_SEMANTIC_SUPPORT/task_021.json,mechanism_traces/seed_976306/C1_SEMANTIC_SUPPORT/task_021.json,1,1,0.011643350000000002,0.014469999999999998,73.60451362497406,e0c4322e061512aec53d82ee38ab6602e4fda2b40b7b26d8c1b16476d79ebcd3,004a877fb6712febf15a5297877c29fe7e2f9952afa68b895cd0f2f89aeb05a8
seed_976306_C1_SEMANTIC_SUPPORT_task_022,976306,C1_SEMANTIC_SUPPORT,22,dialog_trajectories/seed_976306/C1_SEMANTIC_SUPPORT/task_022.json,mechanism_traces/seed_976306/C1_SEMANTIC_SUPPORT/task_022.json,1,1,0.01025446,0.012848,49.46587820799323,747730d93cb9450bec0e024c392f346fbd0066895d27fe56aec7b4d0a5ad514a,6b2e1e4a0c9a6a04aec6daae4320038e2693b299487d67d36715cd6ef0957bd4
seed_976306_C1_SEMANTIC_SUPPORT_task_023,976306,C1_SEMANTIC_SUPPORT,23,dialog_trajectories/seed_976306/C1_SEMANTIC_SUPPORT/task_023.json,mechanism_traces/seed_976306/C1_SEMANTIC_SUPPORT/task_023.json,1,1,0.014808370000000001,0.009384,66.15530304197455,63dde1c0bd01e120382afdea8037666b2bf5a9414510b2c03a9d28509a75c415,af5fada76a4d9b385752af8d65cbac575dd644e872d0eb31bbe5604801896c89
seed_976306_C1_SEMANTIC_SUPPORT_task_024,976306,C1_SEMANTIC_SUPPORT,24,dialog_trajectories/seed_976306/C1_SEMANTIC_SUPPORT/task_024.json,mechanism_traces/seed_976306/C1_SEMANTIC_SUPPORT/task_024.json,1,1,0.00446834,0.013562,36.75224004103802,9bc3b16e30ddc541c254dd5f84b6b1e6bd489d515d291a11dc24bdaf02c93fae,4e767cb1545b4f1d744353e531b8bb77ca03df60b0015ce62c13fc78465573dd
seed_976306_C1_SEMANTIC_SUPPORT_task_025,976306,C1_SEMANTIC_SUPPORT,25,dialog_trajectories/seed_976306/C1_SEMANTIC_SUPPORT/task_025.json,mechanism_traces/seed_976306/C1_SEMANTIC_SUPPORT/task_025.json,0,0,0.00674596,0.009016,40.032276374986395,5ccf2a1aadbe2d533d3cf635106629aa96295c2fbcc482324e93770a4e673dab,5fd57f4d6151f6daccba4970f42af70f333273dfc98187ba4822aceebc3c39e7
seed_976306_C1_SEMANTIC_SUPPORT_task_026,976306,C1_SEMANTIC_SUPPORT,26,dialog_trajectories/seed_976306/C1_SEMANTIC_SUPPORT/task_026.json,mechanism_traces/seed_976306/C1_SEMANTIC_SUPPORT/task_026.json,1,1,0.00585147,0.009656,30.533341166970786,23c4d4057072f27099ea355a510f4f4d23e7a202daafdcba3c213d00d112d401,f76c4cd11dd67c24ae6f2a3ba37b3ac52213c5eae065e4697653484cee856243
seed_976306_C1_SEMANTIC_SUPPORT_task_027,976306,C1_SEMANTIC_SUPPORT,27,dialog_trajectories/seed_976306/C1_SEMANTIC_SUPPORT/task_027.json,mechanism_traces/seed_976306/C1_SEMANTIC_SUPPORT/task_027.json,0,0,0.014738790000000002,0.018396,84.73825758404564,0d5401cca918514a2f014920c2334340090fb036476d62ad80f2484772b4edc0,9095b2b85ac59e0086f1d31519dffe06ba877ee268a9f276376e78bde7a97861
seed_976306_C1_SEMANTIC_SUPPORT_task_028,976306,C1_SEMANTIC_SUPPORT,28,dialog_trajectories/seed_976306/C1_SEMANTIC_SUPPORT/task_028.json,mechanism_traces/seed_976306/C1_SEMANTIC_SUPPORT/task_028.json,0,0,0.012409479999999999,0.023667999999999998,80.18555783398915,5832c65e3c1ce363234f817539ac8bbbd53641ec4e7c777961dabf6ec4126daf,bd0144d0635f2a8eac28c0f99e9a59ac133f452fd9b23087fd1ea8a38e3a3140
seed_976306_C1_SEMANTIC_SUPPORT_task_029,976306,C1_SEMANTIC_SUPPORT,29,dialog_trajectories/seed_976306/C1_SEMANTIC_SUPPORT/task_029.json,mechanism_traces/seed_976306/C1_SEMANTIC_SUPPORT/task_029.json,0,0,0.012899970000000002,0.016138,76.08380108396523,aff53372487daedfed4c1cc500c23128300fe33bcb344978edb42adb79768af9,7c3e6cced7eee7d255c38fb925996383d4e1b62e8e8ceb476ef3e54014b35d26
seed_976306_C1_SEMANTIC_SUPPORT_task_030,976306,C1_SEMANTIC_SUPPORT,30,dialog_trajectories/seed_976306/C1_SEMANTIC_SUPPORT/task_030.json,mechanism_traces/seed_976306/C1_SEMANTIC_SUPPORT/task_030.json,1,1,0.014612540000000002,0.018666,67.83750645897817,13c9893f013e1b7adfb54fe04989c401c570c999ce297a6be20e85391615bce0,eae96874342f8eb499d1b8cc8cfa3c4a5cd36743194e56d1a3e2715fbe06eb05
seed_976306_C1_SEMANTIC_SUPPORT_task_031,976306,C1_SEMANTIC_SUPPORT,31,dialog_trajectories/seed_976306/C1_SEMANTIC_SUPPORT/task_031.json,mechanism_traces/seed_976306/C1_SEMANTIC_SUPPORT/task_031.json,0,0,0.00453947,0.011306,38.84667541697854,0d4c79227d11d9fa666ed0d4bc252aec71f5cc370b9a708e20ec2034c98fc3ec,048d2d13360c86d433770c58e9974d3d32a5b8464b2be20c7ec33d95d9bb4b6c
seed_976306_C1_SEMANTIC_SUPPORT_task_032,976306,C1_SEMANTIC_SUPPORT,32,dialog_trajectories/seed_976306/C1_SEMANTIC_SUPPORT/task_032.json,mechanism_traces/seed_976306/C1_SEMANTIC_SUPPORT/task_032.json,0,0,0.01483899,0.022590000000000002,88.21936937503051,58fd5b9c343285a36d5d7c6d88d098a043792bf3a6bf2931bafad19c950d948e,7b3cb392318d12bd90e055711b068e29352268108dd42c161709329d0e9bf6c5
seed_976306_C1_SEMANTIC_SUPPORT_task_033,976306,C1_SEMANTIC_SUPPORT,33,dialog_trajectories/seed_976306/C1_SEMANTIC_SUPPORT/task_033.json,mechanism_traces/seed_976306/C1_SEMANTIC_SUPPORT/task_033.json,1,1,0.00673402,0.012924,37.387950915959664,0ce0709fede98cb50734b5b8760e9485e0d10b7e5f7d5e7304010233de329d05,7d498ecee441b9626b9caad2a821bbaaaa5d664d7d9a3b062658646492de8a65
seed_976306_C1_SEMANTIC_SUPPORT_task_034,976306,C1_SEMANTIC_SUPPORT,34,dialog_trajectories/seed_976306/C1_SEMANTIC_SUPPORT/task_034.json,mechanism_traces/seed_976306/C1_SEMANTIC_SUPPORT/task_034.json,0,0,0.00809081,0.01168,48.3190745000029,56b3fc0fa190aea655da77f57f58e8c876017407c0f4c0234e0fab8fdf3e90c6,dbd41cdc1776af6788bd5f826a3fbae9b337563e951f45e78f067a51fa97c24e
seed_976306_C1_SEMANTIC_SUPPORT_task_035,976306,C1_SEMANTIC_SUPPORT,35,dialog_trajectories/seed_976306/C1_SEMANTIC_SUPPORT/task_035.json,mechanism_traces/seed_976306/C1_SEMANTIC_SUPPORT/task_035.json,0,0,0.015321230000000002,0.018903999999999997,129.41142212500563,b626c8763a7523066899ac4f7613f3e5cc95fae907ada9ae899eedb8482d0ba7,d549958f8632f6d8e86f434b151a1756df945a4f9cd2baaa5d57460c8e744398
seed_976306_C1_SEMANTIC_SUPPORT_task_036,976306,C1_SEMANTIC_SUPPORT,36,dialog_trajectories/seed_976306/C1_SEMANTIC_SUPPORT/task_036.json,mechanism_traces/seed_976306/C1_SEMANTIC_SUPPORT/task_036.json,1,1,0.013291830000000001,0.012217999999999998,68.00399962498341,b538cb4dbafcc12bb3bbdf308f795d57edc086b8b850c7095cd380096ba5b405,dd2f6d9597d3f036ed36047c9cf8ce163693be849bbb34b9491cb53bdb6b923c
seed_976306_C1_SEMANTIC_SUPPORT_task_038,976306,C1_SEMANTIC_SUPPORT,38,dialog_trajectories/seed_976306/C1_SEMANTIC_SUPPORT/task_038.json,mechanism_traces/seed_976306/C1_SEMANTIC_SUPPORT/task_038.json,0,0,0.013926370000000002,0.014816000000000001,66.49505425000098,a43d85f8b1b8ad34d4c882e2279b5c1ae1609f42c48063773c1d626a62a7c111,8caf7e2c0f2505c419a9f8360eb9c9af11ffc31be2f78f7d346ae2fe59327538
seed_976306_C1_SEMANTIC_SUPPORT_task_039,976306,C1_SEMANTIC_SUPPORT,39,dialog_trajectories/seed_976306/C1_SEMANTIC_SUPPORT/task_039.json,mechanism_traces/seed_976306/C1_SEMANTIC_SUPPORT/task_039.json,1,1,0.0092631,0.014764000000000001,51.04385795799317,53f508165e10f17c53fc1936e07bb80c65cc8763d663c7c2d9da4086c45642cc,e80a6d1eedfac964f5ccced603e650d9eb18d5170c5ea4dbeb8624bcf4f3962d
seed_976306_C1_SEMANTIC_SUPPORT_task_040,976306,C1_SEMANTIC_SUPPORT,40,dialog_trajectories/seed_976306/C1_SEMANTIC_SUPPORT/task_040.json,mechanism_traces/seed_976306/C1_SEMANTIC_SUPPORT/task_040.json,1,1,0.005195460000000001,0.01013,32.97376141702989,cfbf9b4df92cac75a32760f8f292cdf44011d51a3785871b7a116bf28e18b90d,3cfcc5195aa2d6f46e42d1c9b730999758ee07053eec523bfbf4cf6220acd630
seed_976306_C1_SEMANTIC_SUPPORT_task_042,976306,C1_SEMANTIC_SUPPORT,42,dialog_trajectories/seed_976306/C1_SEMANTIC_SUPPORT/task_042.json,mechanism_traces/seed_976306/C1_SEMANTIC_SUPPORT/task_042.json,0,0,0.012794290000000002,0.014188000000000001,70.80446695897263,3c6dc3c6190c241296ba0cf4c3242f60dc433293ba1a314aaa479af4988519d0,ad49b8497493a680e42e15fb280a4f72fb37bcda8caee05c40e66b2b4b81f9ff
seed_976306_C1_SEMANTIC_SUPPORT_task_043,976306,C1_SEMANTIC_SUPPORT,43,dialog_trajectories/seed_976306/C1_SEMANTIC_SUPPORT/task_043.json,mechanism_traces/seed_976306/C1_SEMANTIC_SUPPORT/task_043.json,0,0,0.00787136,0.018061999999999998,64.58111383300275,eed3fdd115593d827a37df487e5619f2eb27843574f79f4ba7df166aa547ead9,5e54b4de750462823502fbe711de302b2648fec189bc5a1179b6a92222784b91
seed_976306_C1_SEMANTIC_SUPPORT_task_045,976306,C1_SEMANTIC_SUPPORT,45,dialog_trajectories/seed_976306/C1_SEMANTIC_SUPPORT/task_045.json,mechanism_traces/seed_976306/C1_SEMANTIC_SUPPORT/task_045.json,1,1,0.009305040000000002,0.013162,59.59943379095057,55b994466d3899d58e48f6e734d1b4d97c1ee0c8be21c709086ff2a4897c333e,c2e54d86579c86e4be3dcf3f56a73f30b0e08ab28ab78cc25904953da2cf01b6
seed_976306_C1_SEMANTIC_SUPPORT_task_049,976306,C1_SEMANTIC_SUPPORT,49,dialog_trajectories/seed_976306/C1_SEMANTIC_SUPPORT/task_049.json,mechanism_traces/seed_976306/C1_SEMANTIC_SUPPORT/task_049.json,1,1,0.013099010000000003,0.025307999999999997,195.4970819579903,6bb7a5729fe6e4bbb182a91a9e79377326531642f4220baaf58ad191c1728055,60849e68753448884aa04c9f0218cf6f43b362f3aa47c0e88b9e2c54fd6962b7
seed_976306_C1_SEMANTIC_SUPPORT_task_050,976306,C1_SEMANTIC_SUPPORT,50,dialog_trajectories/seed_976306/C1_SEMANTIC_SUPPORT/task_050.json,mechanism_traces/seed_976306/C1_SEMANTIC_SUPPORT/task_050.json,1,1,0.0023964900000000003,0.0040739999999999995,13.252706083003432,006bda676b047c1c30e8b990389eec5b791c21f044bf5643d61877418b52aeec,f310741c1082c9a2a997065ace8664e0d69b513900fdf07859756544904f99b5
seed_976306_C1_SEMANTIC_SUPPORT_task_051,976306,C1_SEMANTIC_SUPPORT,51,dialog_trajectories/seed_976306/C1_SEMANTIC_SUPPORT/task_051.json,mechanism_traces/seed_976306/C1_SEMANTIC_SUPPORT/task_051.json,0,0,0.00496206,0.010416,29.752969124994706,5a9a11da43d68abfa1e9ec1619ef2390f18c64d081a14002e3e6e0bddaf53c67,2268a801704d04e3be4090c0b0ee4638c93b5b6e571b2dab4cafbdd7be8a3f71
seed_976306_C1_SEMANTIC_SUPPORT_task_053,976306,C1_SEMANTIC_SUPPORT,53,dialog_trajectories/seed_976306/C1_SEMANTIC_SUPPORT/task_053.json,mechanism_traces/seed_976306/C1_SEMANTIC_SUPPORT/task_053.json,1,1,0.0061288900000000006,0.01286,35.484418542007916,46a06dc34095c56b9b51a2d55fb89ec7c997f8f85b13964b7132ad837defbca0,2fbe2e9695fb25e3b70b8f6c5fb1e7a1a1fc0f430613d2aa207c9dcd1b5d7ff3
seed_976306_C1_SEMANTIC_SUPPORT_task_054,976306,C1_SEMANTIC_SUPPORT,54,dialog_trajectories/seed_976306/C1_SEMANTIC_SUPPORT/task_054.json,mechanism_traces/seed_976306/C1_SEMANTIC_SUPPORT/task_054.json,1,1,0.015278459999999999,0.013368,69.12180587498005,930db819141c549bf50cc609d48869e6b8b7d2df27d9409d5b9a8c4752995f76,122645066f5152f95ff02a7ac7a8b2af90345474ea7a5988de44ed14753bce91
seed_976306_C1_SEMANTIC_SUPPORT_task_055,976306,C1_SEMANTIC_SUPPORT,55,dialog_trajectories/seed_976306/C1_SEMANTIC_SUPPORT/task_055.json,mechanism_traces/seed_976306/C1_SEMANTIC_SUPPORT/task_055.json,1,1,0.012196229999999999,0.013343999999999998,47.323535042,58943ad5e5c855b484c397c2cfd4ee44e5cfba45b0e7c42239a033bece74b081,c2d3c023314042e5465463119bbf1d9d8872c50d853cca3f3896e2a0e3a9371d
seed_976306_C1_SEMANTIC_SUPPORT_task_056,976306,C1_SEMANTIC_SUPPORT,56,dialog_trajectories/seed_976306/C1_SEMANTIC_SUPPORT/task_056.json,mechanism_traces/seed_976306/C1_SEMANTIC_SUPPORT/task_056.json,1,1,0.00939079,0.012343999999999997,55.46770804101834,9f2e634dacf054495abc13646dbf0ede4f335c03a279b169f5003846751a2d06,5b5396a4e2ddf8296f8adcee6d43e7b384b87f50841455996f33914d7d92723a
seed_976306_C1_SEMANTIC_SUPPORT_task_059,976306,C1_SEMANTIC_SUPPORT,59,dialog_trajectories/seed_976306/C1_SEMANTIC_SUPPORT/task_059.json,mechanism_traces/seed_976306/C1_SEMANTIC_SUPPORT/task_059.json,1,1,0.007997639999999999,0.01173,39.70558491599513,7934a467007029a270f80f8afc03411decc26d5a9a7ea7adb9327b9a9d171764,9bef692c0a2bba091e63dfdcc62417b0174ee915a64f6b3048ace4c164795bca
seed_976306_C1_SEMANTIC_SUPPORT_task_060,976306,C1_SEMANTIC_SUPPORT,60,dialog_trajectories/seed_976306/C1_SEMANTIC_SUPPORT/task_060.json,mechanism_traces/seed_976306/C1_SEMANTIC_SUPPORT/task_060.json,1,1,0.005509039999999999,0.00849,40.38255658297567,e08431788637cfce677fc91af109bb8af6e2bbb7d3828117cdfc47398d62b70d,d8d1c87d26feacd7516e0d7e1e9b6928465e6fd5e98073b2f0fb49e24aa75bca
seed_976306_C1_SEMANTIC_SUPPORT_task_061,976306,C1_SEMANTIC_SUPPORT,61,dialog_trajectories/seed_976306/C1_SEMANTIC_SUPPORT/task_061.json,mechanism_traces/seed_976306/C1_SEMANTIC_SUPPORT/task_061.json,1,1,0.00808833,0.008604,41.45515933301067,6669c67cba57e858595283dd0f0b782f9224ec5afdd1a10eb6f3b8fcdfb21eff,88ac691c664d36248c1f742d7c65a43a95f54661eaa40f5fb562415bd9b49dc6
seed_976306_C1_SEMANTIC_SUPPORT_task_062,976306,C1_SEMANTIC_SUPPORT,62,dialog_trajectories/seed_976306/C1_SEMANTIC_SUPPORT/task_062.json,mechanism_traces/seed_976306/C1_SEMANTIC_SUPPORT/task_062.json,1,1,0.00834072,0.016078,55.074552582984325,e6e173efc81eec3d8408ab13619626ab1c971dd4c509b076f11574f527619652,b48e6937eb647e66ba4b3818ac6e4f4ab0f458390a98b8ae2a086257c828beec
seed_976306_C1_SEMANTIC_SUPPORT_task_064,976306,C1_SEMANTIC_SUPPORT,64,dialog_trajectories/seed_976306/C1_SEMANTIC_SUPPORT/task_064.json,mechanism_traces/seed_976306/C1_SEMANTIC_SUPPORT/task_064.json,0,0,0.01065908,0.01498,62.2417591669946,2e1904116563d760b343358c2aae583c4e8ee0990b8823f4f5be97f53e3558cb,fae6648a1b8843b31bc104a52ce758ddaa305f9e64e7d450446407f6fc22b315
seed_976306_C1_SEMANTIC_SUPPORT_task_065,976306,C1_SEMANTIC_SUPPORT,65,dialog_trajectories/seed_976306/C1_SEMANTIC_SUPPORT/task_065.json,mechanism_traces/seed_976306/C1_SEMANTIC_SUPPORT/task_065.json,1,1,0.00571523,0.012426,34.75534991698805,57ad1a24cf84904751e85f864bf16831aea163668fffedd431dae2d86163b597,c53e7b0ccdfd6406b6f4915da25e9c87d9dc8af0f2e053158fb1a38333cb7ed1
seed_976306_C1_SEMANTIC_SUPPORT_task_068,976306,C1_SEMANTIC_SUPPORT,68,dialog_trajectories/seed_976306/C1_SEMANTIC_SUPPORT/task_068.json,mechanism_traces/seed_976306/C1_SEMANTIC_SUPPORT/task_068.json,1,1,0.00285396,0.007201999999999999,17.686279457993805,3cd82a6f567918205ce5ec8d6f6abe4ef56f257ad7347525aea4789806b5e607,e27f4303fa8c76c6fc7a167dc7be41eef99ca86ab9d1e043b2c35d292748f773
seed_976306_C1_SEMANTIC_SUPPORT_task_070,976306,C1_SEMANTIC_SUPPORT,70,dialog_trajectories/seed_976306/C1_SEMANTIC_SUPPORT/task_070.json,mechanism_traces/seed_976306/C1_SEMANTIC_SUPPORT/task_070.json,1,1,0.00536521,0.010792,33.863937166985124,3b06e533941da489ac0ff74a29e9fd186059b5b44522e18538750c373f504436,0bbce0601841c8e8109b3f693642c7aa34f4e0d141fa8214ac21810768f36f0e
seed_976306_C1_SEMANTIC_SUPPORT_task_071,976306,C1_SEMANTIC_SUPPORT,71,dialog_trajectories/seed_976306/C1_SEMANTIC_SUPPORT/task_071.json,mechanism_traces/seed_976306/C1_SEMANTIC_SUPPORT/task_071.json,0,0,0.013490990000000001,0.017315999999999998,66.44213245797437,fd76c1c1bd1163323171416d71a433a23513ce0115bb0015d5761877ad705d02,5a5e224dbea0620926d870ed333a9685b98be59dc4e7236bcb49e5eaabcda762
seed_976306_C1_SEMANTIC_SUPPORT_task_073,976306,C1_SEMANTIC_SUPPORT,73,dialog_trajectories/seed_976306/C1_SEMANTIC_SUPPORT/task_073.json,mechanism_traces/seed_976306/C1_SEMANTIC_SUPPORT/task_073.json,0,0,0.0036135100000000003,0.009402,23.541076708002947,05290efbc16fefbbf8103c0519506cfeda30945a822bd58ac167651ddd9588ed,84689f611dbd25152ea03421319a5166f7a2e0c3e3f1d80ea370b5bc6840ca89
seed_976306_C1_SEMANTIC_SUPPORT_task_074,976306,C1_SEMANTIC_SUPPORT,74,dialog_trajectories/seed_976306/C1_SEMANTIC_SUPPORT/task_074.json,mechanism_traces/seed_976306/C1_SEMANTIC_SUPPORT/task_074.json,1,1,0.013367790000000001,0.015164,63.86117024999112,391b123381be66dec558b4758a4b3ef2295903de1bc164c27fb61c84e04537d2,902f95cab44ee64734bfb3946ac08d819550a2ff7209bdbd9f2dcd6cea3aefab
seed_976306_C1_SEMANTIC_SUPPORT_task_075,976306,C1_SEMANTIC_SUPPORT,75,dialog_trajectories/seed_976306/C1_SEMANTIC_SUPPORT/task_075.json,mechanism_traces/seed_976306/C1_SEMANTIC_SUPPORT/task_075.json,1,1,0.007017350000000001,0.008288,37.76219983299961,9bbcbd306d8a21aef37978f333001bc2e5e7dbe910ad9e62ef8a9dd979ba0f75,0e7112629a496364aec01924dae5c6a0732d357bcff6241cebb6a52cd7caed98
seed_976306_C1_SEMANTIC_SUPPORT_task_077,976306,C1_SEMANTIC_SUPPORT,77,dialog_trajectories/seed_976306/C1_SEMANTIC_SUPPORT/task_077.json,mechanism_traces/seed_976306/C1_SEMANTIC_SUPPORT/task_077.json,1,1,0.004452590000000001,0.006618,32.73070737498347,ffbba3e71badce113b0f600a87234693ef043c6fb88378a62171cbaed0c4df1a,c84e07157107be827b4a3b9cd0f1ceef00f7a9a4838c011023bb95cd6bb7833d
seed_976306_C1_SEMANTIC_SUPPORT_task_079,976306,C1_SEMANTIC_SUPPORT,79,dialog_trajectories/seed_976306/C1_SEMANTIC_SUPPORT/task_079.json,mechanism_traces/seed_976306/C1_SEMANTIC_SUPPORT/task_079.json,0,0,0.01183821,0.010982000000000002,57.45775408402551,a5df60613b85fbfcb4161aa3c0acb3fb0dd89ee383fa99af2e99cb05ea084bfa,95bf9f3859f67442096839f2eceb9157b321823db719f45f5bdf4ff82ceb07af
seed_976306_C1_SEMANTIC_SUPPORT_task_080,976306,C1_SEMANTIC_SUPPORT,80,dialog_trajectories/seed_976306/C1_SEMANTIC_SUPPORT/task_080.json,mechanism_traces/seed_976306/C1_SEMANTIC_SUPPORT/task_080.json,1,1,0.00925533,0.014957999999999999,60.040983583952766,6e4e5e02218d110fce210cbc36db4c8133b80f8afe98b65b3a3852498d87dc14,722539375544d09c953386db4b0ace41fb730cb019b65508f76148e45513b471
seed_976306_C1_SEMANTIC_SUPPORT_task_086,976306,C1_SEMANTIC_SUPPORT,86,dialog_trajectories/seed_976306/C1_SEMANTIC_SUPPORT/task_086.json,mechanism_traces/seed_976306/C1_SEMANTIC_SUPPORT/task_086.json,1,1,0.01603638,0.011764,85.27595037501305,c2cd14554352e47a5e66ab6327e8b2520e5c5b58a527591a0958827295d38d5c,967ad3f3c4fd293816d972e279cfdfe95e5248a439ac54840f35383265e265e0
seed_976306_C1_SEMANTIC_SUPPORT_task_087,976306,C1_SEMANTIC_SUPPORT,87,dialog_trajectories/seed_976306/C1_SEMANTIC_SUPPORT/task_087.json,mechanism_traces/seed_976306/C1_SEMANTIC_SUPPORT/task_087.json,1,1,0.01123584,0.011998,56.27241666702321,94624f7d308847f782cb5c509b7a1f59b0c9e868e10be9c2a17b049d33ab0e06,ed83c0038dde09a1191de25d0910245a5c3e4cf2a2fb571bcba21a8e1b08904b
seed_976306_C1_SEMANTIC_SUPPORT_task_090,976306,C1_SEMANTIC_SUPPORT,90,dialog_trajectories/seed_976306/C1_SEMANTIC_SUPPORT/task_090.json,mechanism_traces/seed_976306/C1_SEMANTIC_SUPPORT/task_090.json,0,0,0.00856995,0.012564,54.705967833986506,6f81d9e02dace2adcc914bbbe5c48950bbea4f7435d2de0b706a9ce904fec65d,908f25d8045c4148ac5f479c9f460b36ab40176af90e4bc8907464767d5e27d5
seed_976306_C1_SEMANTIC_SUPPORT_task_091,976306,C1_SEMANTIC_SUPPORT,91,dialog_trajectories/seed_976306/C1_SEMANTIC_SUPPORT/task_091.json,mechanism_traces/seed_976306/C1_SEMANTIC_SUPPORT/task_091.json,0,0,0.0064442,0.016,44.720615083002485,16dd7e16aa6b7a0a6960a470da2893553a4d9987d0c8f1fdf356354e11fa1a80,b5fb2da4e981c32482239d006e0ac7c752c51466adbf4433173dc8ae3d62fbf0
seed_976306_C1_SEMANTIC_SUPPORT_task_094,976306,C1_SEMANTIC_SUPPORT,94,dialog_trajectories/seed_976306/C1_SEMANTIC_SUPPORT/task_094.json,mechanism_traces/seed_976306/C1_SEMANTIC_SUPPORT/task_094.json,0,0,0.0034481299999999998,0.00761,29.953935833007563,17336c9a62a19ba5ab35baff92451b64a6bb5841370d7764436e32025672cbbd,2fda4ec2213b75d37a43e5b07bd12d319ec3cdf0ee4be7b2196d56935dd267e3
seed_976306_C1_SEMANTIC_SUPPORT_task_095,976306,C1_SEMANTIC_SUPPORT,95,dialog_trajectories/seed_976306/C1_SEMANTIC_SUPPORT/task_095.json,mechanism_traces/seed_976306/C1_SEMANTIC_SUPPORT/task_095.json,1,1,0.012601049999999999,0.015467999999999997,78.27745391696226,5e9febc6d4798de67c56c6840793d5c47e9165ac151516c82688f45b96953e93,9624a7e7f48e23680ffc59dcae443b2764b0c3816a230a0557b605fb0045905f
seed_976306_C1_SEMANTIC_SUPPORT_task_097,976306,C1_SEMANTIC_SUPPORT,97,dialog_trajectories/seed_976306/C1_SEMANTIC_SUPPORT/task_097.json,mechanism_traces/seed_976306/C1_SEMANTIC_SUPPORT/task_097.json,1,1,0.01031315,0.012360000000000001,59.69744299998274,5f096ba1871ece6acee3d527a136db741470e1f7f472477336e332689671aa7a,2549eb66f43d9a626073da6a29b0e3797464dd725c13d13fe5e1e337f40e61a8
seed_976306_C1_SEMANTIC_SUPPORT_task_099,976306,C1_SEMANTIC_SUPPORT,99,dialog_trajectories/seed_976306/C1_SEMANTIC_SUPPORT/task_099.json,mechanism_traces/seed_976306/C1_SEMANTIC_SUPPORT/task_099.json,0,0,0.00712286,0.00514,37.96030687500024,5c18c5efa0720b598346fc17727da950b6d09447c112bfabe08aa9f715b36785,5e5e52d5b4761aeaacd53a64066b17e0561d5372c29c729ce72a71e3cc75600e
seed_976306_C1_SEMANTIC_SUPPORT_task_100,976306,C1_SEMANTIC_SUPPORT,100,dialog_trajectories/seed_976306/C1_SEMANTIC_SUPPORT/task_100.json,mechanism_traces/seed_976306/C1_SEMANTIC_SUPPORT/task_100.json,0,0,0.016501380000000003,0.015252,90.89684250002028,739f1ca8edbcdffe3ece97ba64df815dafd7b75a523b51c61ee65d3cef0f095f,8c02b773d92650a155be5a468689d8b7c577fc096e51b5a9e621652c363cca7b
seed_976306_C1_SEMANTIC_SUPPORT_task_101,976306,C1_SEMANTIC_SUPPORT,101,dialog_trajectories/seed_976306/C1_SEMANTIC_SUPPORT/task_101.json,mechanism_traces/seed_976306/C1_SEMANTIC_SUPPORT/task_101.json,0,0,0.019646220000000002,0.02097,83.68809545895783,5e199f9f20dc02ad435df711b1033d2a231a0f768f3128f3bc26d6260c2d967d,e28105200700150740d497957c2af95dc4c897b0c4c8201fa23092e67ab332b4
seed_976306_C1_SEMANTIC_SUPPORT_task_102,976306,C1_SEMANTIC_SUPPORT,102,dialog_trajectories/seed_976306/C1_SEMANTIC_SUPPORT/task_102.json,mechanism_traces/seed_976306/C1_SEMANTIC_SUPPORT/task_102.json,1,1,0.02313275,0.029467999999999998,150.82829874998424,d14c10e7b90fe16cb35cb44e719d7ac1f2b08f7eea5ff704023796a7c43b522e,a605ab2e8f0c78223ce0bc7fbc3422e618c285f541699ec1cb927d7376715117
seed_976306_C1_SEMANTIC_SUPPORT_task_105,976306,C1_SEMANTIC_SUPPORT,105,dialog_trajectories/seed_976306/C1_SEMANTIC_SUPPORT/task_105.json,mechanism_traces/seed_976306/C1_SEMANTIC_SUPPORT/task_105.json,0,0,0.007936829999999999,0.01949,53.130177874991205,31c59d1103135f753cb53d0f4aa0179b83963b033a74728f6633813d07880a2e,26744da5b3321c22e8c5bd01c2e82278ef0f91edb51a08f354dd114fbcf82db5
seed_976306_C1_SEMANTIC_SUPPORT_task_108,976306,C1_SEMANTIC_SUPPORT,108,dialog_trajectories/seed_976306/C1_SEMANTIC_SUPPORT/task_108.json,mechanism_traces/seed_976306/C1_SEMANTIC_SUPPORT/task_108.json,1,1,0.009938740000000001,0.014332,55.03717958298512,493892ad5984e8203b4e1bd35422b77501cfe8eb616d12456c8e630f391a215b,97813c583f26c9b37ee8906ce5b5a4611a574c8425a3a36feb85ab21cbe92821
seed_976306_C1_SEMANTIC_SUPPORT_task_111,976306,C1_SEMANTIC_SUPPORT,111,dialog_trajectories/seed_976306/C1_SEMANTIC_SUPPORT/task_111.json,mechanism_traces/seed_976306/C1_SEMANTIC_SUPPORT/task_111.json,1,1,0.01978006,0.01208,89.50464912498137,65fc5d065e6b8016f129da46104cc969476583e1ec61f52cf8f0ade205c61d60,096e7e1c925525de4cc3a3f3bd137d2aa9acac626be7b0fcb3cf7bf45a3848ab
seed_976306_C1_SEMANTIC_SUPPORT_task_113,976306,C1_SEMANTIC_SUPPORT,113,dialog_trajectories/seed_976306/C1_SEMANTIC_SUPPORT/task_113.json,mechanism_traces/seed_976306/C1_SEMANTIC_SUPPORT/task_113.json,1,1,0.00555614,0.01004,35.028473582991865,4f2fb6098f780fc4fff73b4f7b8db6448dd640b0e653e76997070140a43a322c,6f80528e17e57f63a54c0bd67e0c49b91fb0e0282542fdd7e832b3291bc0285c
seed_976306_C2_PREWRITE_CONTROL_task_000,976306,C2_PREWRITE_CONTROL,0,dialog_trajectories/seed_976306/C2_PREWRITE_CONTROL/task_000.json,mechanism_traces/seed_976306/C2_PREWRITE_CONTROL/task_000.json,0,0,0.00524756,0.008234,111.4187211249955,f5959a4f7089bf13cfb15256876822de89f884bbe379f5e4e812f23ca3dc6590,c43eacf11b2c7ea72f35c2a838fca79bec71d7f86de0eb83feb2b15a8a74a818
seed_976306_C2_PREWRITE_CONTROL_task_001,976306,C2_PREWRITE_CONTROL,1,dialog_trajectories/seed_976306/C2_PREWRITE_CONTROL/task_001.json,mechanism_traces/seed_976306/C2_PREWRITE_CONTROL/task_001.json,1,1,0.006542040000000001,0.011319999999999998,40.19233329198323,d50abdac02806207adbba9998e1e19e00a4a455164058f36b8431e992a6bce22,12905a4179947285b779eb1aceed34fda05df0e8f96989f9c05bd9dfdc2c5227
seed_976306_C2_PREWRITE_CONTROL_task_002,976306,C2_PREWRITE_CONTROL,2,dialog_trajectories/seed_976306/C2_PREWRITE_CONTROL/task_002.json,mechanism_traces/seed_976306/C2_PREWRITE_CONTROL/task_002.json,1,1,0.00648643,0.014734,42.52924191602506,55cbd332f023a6b46b965a2eac59d167d07f42e360fcdb59c5ab68659cd306a2,69aa399ddc6e475737113f4d7bf8f597b29363e27471e539230fd0732344cb02
seed_976306_C2_PREWRITE_CONTROL_task_003,976306,C2_PREWRITE_CONTROL,3,dialog_trajectories/seed_976306/C2_PREWRITE_CONTROL/task_003.json,mechanism_traces/seed_976306/C2_PREWRITE_CONTROL/task_003.json,0,0,0.007687790000000002,0.008749999999999999,37.74723249999806,75f35064bc706197a98af819a73d189ca498eeb11fdd14b4ec75fbcfc8532df5,684a47c50faf2fee9cf8832b1b1eb7ced41ef93318f88a7165ea09144e4f726c
seed_976306_C2_PREWRITE_CONTROL_task_004,976306,C2_PREWRITE_CONTROL,4,dialog_trajectories/seed_976306/C2_PREWRITE_CONTROL/task_004.json,mechanism_traces/seed_976306/C2_PREWRITE_CONTROL/task_004.json,1,1,0.0074216399999999984,0.011711999999999998,37.063403207983356,921be99522f1dbbf29073ec97b12b8e87e52888bf9c73d9d8466b43110fd2ce7,85c8d2470025a92b4769bb393c4f6920e693e4edb376dd9e5b80d5e98a6ee19d
seed_976306_C2_PREWRITE_CONTROL_task_005,976306,C2_PREWRITE_CONTROL,5,dialog_trajectories/seed_976306/C2_PREWRITE_CONTROL/task_005.json,mechanism_traces/seed_976306/C2_PREWRITE_CONTROL/task_005.json,1,1,0.007660590000000001,0.015339999999999998,47.86071887501748,ca66587934c6d8befe9fff576e57fe85f6df2603e95d4b807e619cd75422ab6c,0c76af658a2078b73de9965d24b3b6830caa3e4deb8e7ead707905f2637a61da
seed_976306_C2_PREWRITE_CONTROL_task_006,976306,C2_PREWRITE_CONTROL,6,dialog_trajectories/seed_976306/C2_PREWRITE_CONTROL/task_006.json,mechanism_traces/seed_976306/C2_PREWRITE_CONTROL/task_006.json,1,1,0.00795508,0.014667999999999999,59.56086579198018,80f4f5aa8b8643da37adf709726b0c676cf45183e99dd66a0b30fe9638b83f2e,7a0618fdfd99703288f248454898cbc6d25955b7add44e3af00ad4f33da31fbd
seed_976306_C2_PREWRITE_CONTROL_task_007,976306,C2_PREWRITE_CONTROL,7,dialog_trajectories/seed_976306/C2_PREWRITE_CONTROL/task_007.json,mechanism_traces/seed_976306/C2_PREWRITE_CONTROL/task_007.json,1,1,0.00679609,0.010346,38.671371625037864,e683d09196a5d2a5d503cb46d20409354f7103803a0117c8f87cef3dd057dbfb,f2f12639f56b15cdd904b1f1fd280cf260c09ee82a5db036a86558c9bea14034
seed_976306_C2_PREWRITE_CONTROL_task_008,976306,C2_PREWRITE_CONTROL,8,dialog_trajectories/seed_976306/C2_PREWRITE_CONTROL/task_008.json,mechanism_traces/seed_976306/C2_PREWRITE_CONTROL/task_008.json,1,1,0.00886497,0.019676000000000003,51.988768958020955,089ea1c96f8971b7526cf8a331bec83f0b010a02c92704ba8dd36b2639542c74,fda9787105e27609941c82d7ef4bf94229db660bfa2e7b3159e849a2d0c09343
seed_976306_C2_PREWRITE_CONTROL_task_009,976306,C2_PREWRITE_CONTROL,9,dialog_trajectories/seed_976306/C2_PREWRITE_CONTROL/task_009.json,mechanism_traces/seed_976306/C2_PREWRITE_CONTROL/task_009.json,1,1,0.005637630000000001,0.012098000000000001,38.040087459026836,2fa6f1cbfd3b0d7ae937f781460dd42650de13ab98baccedbac18b75c4334c89,da00d918ea2e288899f2f9d7df26587978db472887ce604cb21c4976f66421c6
seed_976306_C2_PREWRITE_CONTROL_task_010,976306,C2_PREWRITE_CONTROL,10,dialog_trajectories/seed_976306/C2_PREWRITE_CONTROL/task_010.json,mechanism_traces/seed_976306/C2_PREWRITE_CONTROL/task_010.json,1,1,0.0027110100000000002,0.00674,61.74866070802091,94a55465d623b50edc951035f099fc05985a2c3fc9ab40e5f52984d7423151f8,7af8c6a6abc9301db1f9241f26f24578c5486dbcf15af8a62b7d3888c1fa6f5f
seed_976306_C2_PREWRITE_CONTROL_task_011,976306,C2_PREWRITE_CONTROL,11,dialog_trajectories/seed_976306/C2_PREWRITE_CONTROL/task_011.json,mechanism_traces/seed_976306/C2_PREWRITE_CONTROL/task_011.json,0,0,0.006159690000000001,0.011188,36.330570540972985,adecb21097b7533bfc09c3cefcda67f872a32b36243316750d297a8980876778,efbf41f2f3c6c6a301d79e5122f7e47e6781d8163126a0a65abcd8f1319750b9
seed_976306_C2_PREWRITE_CONTROL_task_012,976306,C2_PREWRITE_CONTROL,12,dialog_trajectories/seed_976306/C2_PREWRITE_CONTROL/task_012.json,mechanism_traces/seed_976306/C2_PREWRITE_CONTROL/task_012.json,1,1,0.00357074,0.006567999999999999,18.99278112500906,dc18a8def2354fc3dad0301f7436c79362901b1ab4e9690d790ffc7531976f77,3199469cf56b36a0ae8b21b3fc990b07022a1a925ae9c170551fef82ea2bce73
seed_976306_C2_PREWRITE_CONTROL_task_013,976306,C2_PREWRITE_CONTROL,13,dialog_trajectories/seed_976306/C2_PREWRITE_CONTROL/task_013.json,mechanism_traces/seed_976306/C2_PREWRITE_CONTROL/task_013.json,1,1,0.00501575,0.011131999999999998,33.096161084016785,ab3cfe4cfdc94b8aa771e1357ab03c339ad796c5b2e9a561f786ff5ae1eefd9f,b1b9867bd397f3017c62bddfab25d4803448dfde78ff44415a82a473034e0ae1
seed_976306_C2_PREWRITE_CONTROL_task_014,976306,C2_PREWRITE_CONTROL,14,dialog_trajectories/seed_976306/C2_PREWRITE_CONTROL/task_014.json,mechanism_traces/seed_976306/C2_PREWRITE_CONTROL/task_014.json,0,0,0.00388294,0.01141,85.7737289579818,82e20713e74f16aa9765ee012ed50e8f4824354fc3b90fb460feca7ebc36bc74,9480f4d3278a61528e3a93fdf440c366b811a9bb83a2efb57db6bbd19d3759c3
seed_976306_C2_PREWRITE_CONTROL_task_015,976306,C2_PREWRITE_CONTROL,15,dialog_trajectories/seed_976306/C2_PREWRITE_CONTROL/task_015.json,mechanism_traces/seed_976306/C2_PREWRITE_CONTROL/task_015.json,1,1,0.00622767,0.011845999999999999,50.95208579103928,31bf17cc6a038ed3aaf521106fc83f1d4fc2421c00aaadc2ffedd76c54215817,71da11c5eb07203768078c542290db36a81b9b34f1155f528d68d6fb22e4f29b
seed_976306_C2_PREWRITE_CONTROL_task_016,976306,C2_PREWRITE_CONTROL,16,dialog_trajectories/seed_976306/C2_PREWRITE_CONTROL/task_016.json,mechanism_traces/seed_976306/C2_PREWRITE_CONTROL/task_016.json,1,1,0.006010989999999999,0.008811999999999999,36.0670215410064,c9651c9f3d6461a6e3b4e55e4bfb05ebc82a30b56ba040252d00db867ed9f7d9,7215e507114179ac76c1841808e0563152cfad7049a931bd6beb1e538a934dfe
seed_976306_C2_PREWRITE_CONTROL_task_017,976306,C2_PREWRITE_CONTROL,17,dialog_trajectories/seed_976306/C2_PREWRITE_CONTROL/task_017.json,mechanism_traces/seed_976306/C2_PREWRITE_CONTROL/task_017.json,1,1,0.00280072,0.010646,42.08945208397927,1c50d17ad94c88205d24c1dc03699b317757eb2f0e8c358f971b57a0f3bbd22f,f2118f888db4b9f109caa8b3c973a262a8dcae9b8b785ad772134cb1fab9be60
seed_976306_C2_PREWRITE_CONTROL_task_018,976306,C2_PREWRITE_CONTROL,18,dialog_trajectories/seed_976306/C2_PREWRITE_CONTROL/task_018.json,mechanism_traces/seed_976306/C2_PREWRITE_CONTROL/task_018.json,1,1,0.005082350000000001,0.011932000000000002,34.227214417012874,89243be60457a6ecf6ae9d9ef058ab27b34b9f8fa8a90b6795d97f17d697935a,db4f40209ec7a7417ced78df35648286134d41057fd4e75e45b35707fabefe1f
seed_976306_C2_PREWRITE_CONTROL_task_019,976306,C2_PREWRITE_CONTROL,19,dialog_trajectories/seed_976306/C2_PREWRITE_CONTROL/task_019.json,mechanism_traces/seed_976306/C2_PREWRITE_CONTROL/task_019.json,1,1,0.00874745,0.011293999999999998,51.20675858401228,34c4be192b14cec2e46093c07881e58e3e76d092d427b58e3ff8cdb3f68f6c72,82011758d53354c5f56011b822ed63e230cb626185d63178a04a61ef3f69ed01
seed_976306_C2_PREWRITE_CONTROL_task_020,976306,C2_PREWRITE_CONTROL,20,dialog_trajectories/seed_976306/C2_PREWRITE_CONTROL/task_020.json,mechanism_traces/seed_976306/C2_PREWRITE_CONTROL/task_020.json,0,0,0.00336272,0.011576,23.93890950002242,8e0e397788580d8e4badfdcbefc67fb69d7bb6be4e6788498744504f7a975ad3,b3885483333fa9598e8a9051a842e7786de17b33512fcaa6238fe29222e85815
seed_976306_C2_PREWRITE_CONTROL_task_021,976306,C2_PREWRITE_CONTROL,21,dialog_trajectories/seed_976306/C2_PREWRITE_CONTROL/task_021.json,mechanism_traces/seed_976306/C2_PREWRITE_CONTROL/task_021.json,1,1,0.012078440000000001,0.011832,68.85572670801776,9d4cbaf6400f56c791f97c37a6e2a3363ac59fde46a57a5f7e684853323fb47f,82ae8d972d3c397f2fa275f7f96f499f8a22bda80a6d715c7cdfbc361e4c6adf
seed_976306_C2_PREWRITE_CONTROL_task_022,976306,C2_PREWRITE_CONTROL,22,dialog_trajectories/seed_976306/C2_PREWRITE_CONTROL/task_022.json,mechanism_traces/seed_976306/C2_PREWRITE_CONTROL/task_022.json,1,1,0.006273510000000001,0.015006,38.904363417008426,a34eea652e03c7edbb835efcecb9fa10e1b5c8918d5ae94d45127c696f4c337d,2470c896ba47a29322daf220bce8821bd08fb90f9c0a993b4a93d844be907091
seed_976306_C2_PREWRITE_CONTROL_task_023,976306,C2_PREWRITE_CONTROL,23,dialog_trajectories/seed_976306/C2_PREWRITE_CONTROL/task_023.json,mechanism_traces/seed_976306/C2_PREWRITE_CONTROL/task_023.json,0,0,0.0051387,0.017514,85.72369091701694,32d2bd9afe9be41cfa1bb02369122ec18218d36bbe15476ae2d75b1e98b1fe26,f685eb7cb9a2d5ac9465453dbf723e84ffe15f8434651c4573fcce4b942acd7a
seed_976306_C2_PREWRITE_CONTROL_task_024,976306,C2_PREWRITE_CONTROL,24,dialog_trajectories/seed_976306/C2_PREWRITE_CONTROL/task_024.json,mechanism_traces/seed_976306/C2_PREWRITE_CONTROL/task_024.json,1,1,0.005583480000000001,0.012741999999999998,42.48206825001398,8cd558315f10d7cfd006aa8da9769397aa6a60472414313ed9aa8d566674fd41,23e6d557b099cd247067c917af6760f5867967aa1c13a2854162f4133e79ca4d
seed_976306_C2_PREWRITE_CONTROL_task_025,976306,C2_PREWRITE_CONTROL,25,dialog_trajectories/seed_976306/C2_PREWRITE_CONTROL/task_025.json,mechanism_traces/seed_976306/C2_PREWRITE_CONTROL/task_025.json,1,1,0.00516552,0.008038,33.521003583970014,210c107be87781f94e0f006d15a458df6b1106d551782acaef74f6d32a26019a,b7a102c7e2457724adcf15c21c7645686b5faa72f133546b7974b99045420a26
seed_976306_C2_PREWRITE_CONTROL_task_026,976306,C2_PREWRITE_CONTROL,26,dialog_trajectories/seed_976306/C2_PREWRITE_CONTROL/task_026.json,mechanism_traces/seed_976306/C2_PREWRITE_CONTROL/task_026.json,1,1,0.0038345,0.006278,23.13938833400607,cd53c2a54ec98e708ce4db8fc866ad5ef85e140eeaf7c060b7638eb97b56c357,42701f913327f033ef68433fa61a127f5b9a770b2844ce4d5cf34e5e585b08f2
seed_976306_C2_PREWRITE_CONTROL_task_027,976306,C2_PREWRITE_CONTROL,27,dialog_trajectories/seed_976306/C2_PREWRITE_CONTROL/task_027.json,mechanism_traces/seed_976306/C2_PREWRITE_CONTROL/task_027.json,0,0,0.00423517,0.0047,24.475364957994316,36de371ee062704b7d0db162bca013285bde302160d61596aaf0926de5a9e559,cc55ddfd409476d55c2b2a528fe1680972f397f9548622db23e92f2ecc188fa4
seed_976306_C2_PREWRITE_CONTROL_task_028,976306,C2_PREWRITE_CONTROL,28,dialog_trajectories/seed_976306/C2_PREWRITE_CONTROL/task_028.json,mechanism_traces/seed_976306/C2_PREWRITE_CONTROL/task_028.json,1,1,0.00802934,0.020498000000000002,56.98782120895339,0efffe4c990db343240eea64c4d615772fc2d87f4c6196179a0efb62f7903c64,30530762d7012b60a61f7b17ede20ab06198abb83e2be7a54d780450ca9e3aed
seed_976306_C2_PREWRITE_CONTROL_task_029,976306,C2_PREWRITE_CONTROL,29,dialog_trajectories/seed_976306/C2_PREWRITE_CONTROL/task_029.json,mechanism_traces/seed_976306/C2_PREWRITE_CONTROL/task_029.json,0,0,0.010327919999999999,0.011912,51.813988458015956,9b8afddf095408049381ab9592f08118a4986b34802766e1c0b4c0a8e3603fa1,9f8bd4fad9195ae32278f95cbbda1c3405369e69717770ac5786f3611ddc3505
seed_976306_C2_PREWRITE_CONTROL_task_030,976306,C2_PREWRITE_CONTROL,30,dialog_trajectories/seed_976306/C2_PREWRITE_CONTROL/task_030.json,mechanism_traces/seed_976306/C2_PREWRITE_CONTROL/task_030.json,1,1,0.011205729999999999,0.022949999999999995,67.27051574998768,cecbf8e17e6e0dc797468bd7d8fa6ca23e769d793f873cc0aa1541afd8c061ea,5da0de95d002752ea317a0715097874b55a63e0d1fe0a32e69dde4887b4a6928
seed_976306_C2_PREWRITE_CONTROL_task_031,976306,C2_PREWRITE_CONTROL,31,dialog_trajectories/seed_976306/C2_PREWRITE_CONTROL/task_031.json,mechanism_traces/seed_976306/C2_PREWRITE_CONTROL/task_031.json,1,1,0.007820740000000001,0.017981999999999998,61.93754529202124,f53e7057bd7e69b2385bf189b3c52d5898c7faf52856567e4cafd5289683d713,483fe91e330b56a407002fec4c4fa3faf0a61356426dfbe0f041ac98204bad51
seed_976306_C2_PREWRITE_CONTROL_task_032,976306,C2_PREWRITE_CONTROL,32,dialog_trajectories/seed_976306/C2_PREWRITE_CONTROL/task_032.json,mechanism_traces/seed_976306/C2_PREWRITE_CONTROL/task_032.json,1,1,0.0105557,0.022469999999999997,61.28486804198474,d0fc244dee9801ac4ce24e1b95c10b2ec8e3b8b2138f07399902487a1fc879bc,f835ad0d7fcce4bcdbafa9768af62a3bc2ec2ec7a2aa0e6096f534ee29f0e0d1
seed_976306_C2_PREWRITE_CONTROL_task_033,976306,C2_PREWRITE_CONTROL,33,dialog_trajectories/seed_976306/C2_PREWRITE_CONTROL/task_033.json,mechanism_traces/seed_976306/C2_PREWRITE_CONTROL/task_033.json,1,1,0.00415871,0.016008,28.322734499990474,fd4c7b82b0b09114434e5a68293db97f0a4a14e26b560b2c6d3e98c49e3668b0,7c27bdd1e9b222773ec9b709a3523010e96767d623e4139d2ad744473d4af7d4
seed_976306_C2_PREWRITE_CONTROL_task_034,976306,C2_PREWRITE_CONTROL,34,dialog_trajectories/seed_976306/C2_PREWRITE_CONTROL/task_034.json,mechanism_traces/seed_976306/C2_PREWRITE_CONTROL/task_034.json,0,0,0.0031505699999999992,0.010676,23.625996958988253,8179eec8a0ac46f746cf38ab8efa688ef3ebff9c98b46a53b1b148805c566660,d9694e69c11c9e0876993c57bf9c518f3b7a6892188974df3817b901f32bdcd0
seed_976306_C2_PREWRITE_CONTROL_task_035,976306,C2_PREWRITE_CONTROL,35,dialog_trajectories/seed_976306/C2_PREWRITE_CONTROL/task_035.json,mechanism_traces/seed_976306/C2_PREWRITE_CONTROL/task_035.json,0,0,0.006815520000000001,0.010418,37.05514133296674,43a170f38fc9bb7d618cfcd19ee722b1d757970a0f3086b4d8b4b7acb9368c26,46bd7de57dabb9209dde6548331b2f1ad93d7fb42152c5688044e1953511db65
seed_976306_C2_PREWRITE_CONTROL_task_036,976306,C2_PREWRITE_CONTROL,36,dialog_trajectories/seed_976306/C2_PREWRITE_CONTROL/task_036.json,mechanism_traces/seed_976306/C2_PREWRITE_CONTROL/task_036.json,1,1,0.00922286,0.015346,56.614172417030204,ee23527fe69bf696c5784f797bbd8d1da94ae5a20fe1660f7f806e785c740b5b,bd2a76126fe1ac6431c51bb5e331e97d9745bddc980f39b184096b8ccc605fec
seed_976306_C2_PREWRITE_CONTROL_task_038,976306,C2_PREWRITE_CONTROL,38,dialog_trajectories/seed_976306/C2_PREWRITE_CONTROL/task_038.json,mechanism_traces/seed_976306/C2_PREWRITE_CONTROL/task_038.json,1,1,0.010515730000000001,0.014772,53.56642045796616,742401698b0cfd0cbc3cc8747e7931a916d14c387926be3b2b8cb0ea33e466e2,c55b5a5a38220d30f3ddf540e62722f0b6bb81bdbeffbdcae42a521e9efcda09
seed_976306_C2_PREWRITE_CONTROL_task_039,976306,C2_PREWRITE_CONTROL,39,dialog_trajectories/seed_976306/C2_PREWRITE_CONTROL/task_039.json,mechanism_traces/seed_976306/C2_PREWRITE_CONTROL/task_039.json,0,0,0.0053066599999999995,0.012812,39.660243417019956,59f6deb02b86a2f577acf6990c134415a9e55f3639363503a09178899915f5c4,356912640519bded1240b6ef58eb0ce68d3f8e6f0a568da7568e3a9502f1a139
seed_976306_C2_PREWRITE_CONTROL_task_040,976306,C2_PREWRITE_CONTROL,40,dialog_trajectories/seed_976306/C2_PREWRITE_CONTROL/task_040.json,mechanism_traces/seed_976306/C2_PREWRITE_CONTROL/task_040.json,1,1,0.00459936,0.011505999999999999,34.83012800000142,6ecb1106693efc6d39535cfe7d63fa5682e9cecb8919e8ff0c204efd9345530f,347843fed9638178e0898099a13df84f29ff1226e70b89da507b159628e94533
seed_976306_C2_PREWRITE_CONTROL_task_042,976306,C2_PREWRITE_CONTROL,42,dialog_trajectories/seed_976306/C2_PREWRITE_CONTROL/task_042.json,mechanism_traces/seed_976306/C2_PREWRITE_CONTROL/task_042.json,0,0,0.0079853,0.015733999999999998,50.71028495801147,01d8bcc7982d9d61e23e09ae85d27958eee74f9c45ec7e5f7dcf32305fca7619,94e7d6a6c69ff5d0407899d8bb7a8a8bb50e9358fa29c527c81683bda9fef84a
seed_976306_C2_PREWRITE_CONTROL_task_043,976306,C2_PREWRITE_CONTROL,43,dialog_trajectories/seed_976306/C2_PREWRITE_CONTROL/task_043.json,mechanism_traces/seed_976306/C2_PREWRITE_CONTROL/task_043.json,1,1,0.00473656,0.016604,46.352097666997,4c857aeefe859df23bb18603309b1e07a7ee168ea431ceecdf793c0d12edc507,4940c5a40b030f7494a187be8777bdd5708ee861f6d836840516f6d7c3ab31ef
seed_976306_C2_PREWRITE_CONTROL_task_045,976306,C2_PREWRITE_CONTROL,45,dialog_trajectories/seed_976306/C2_PREWRITE_CONTROL/task_045.json,mechanism_traces/seed_976306/C2_PREWRITE_CONTROL/task_045.json,1,1,0.007073340000000001,0.014768,47.18896341702202,2fc51a68ecbd54453f4d66b099129499d5baeb4557e61fad2c2f4e7b3e9048c8,6083fcc3336dbaaf5ab96e367ec5b1cac5eb370bf62f30fe9e46f8232cd8a173
seed_976306_C2_PREWRITE_CONTROL_task_049,976306,C2_PREWRITE_CONTROL,49,dialog_trajectories/seed_976306/C2_PREWRITE_CONTROL/task_049.json,mechanism_traces/seed_976306/C2_PREWRITE_CONTROL/task_049.json,0,0,0.00803946,0.010466,48.70210287498776,274733008266531f7cb5f50cdce69337d9e27d2eb02b5541f5554667ec6154db,b8d91a9492bb9e97db88bf5d849a47632ee2f9731699c6d678194a55cec29a9c
seed_976306_C2_PREWRITE_CONTROL_task_050,976306,C2_PREWRITE_CONTROL,50,dialog_trajectories/seed_976306/C2_PREWRITE_CONTROL/task_050.json,mechanism_traces/seed_976306/C2_PREWRITE_CONTROL/task_050.json,1,1,0.0034465299999999997,0.008721999999999999,26.00949845899595,63585e926fad6e7e1d849f9cdf128e40d2d8827b08c46662d4b2dc73a52ca7fa,8e4dc91bda2018d3991987da71e216010f219ffc1d476170ff168edb170fe08c
seed_976306_C2_PREWRITE_CONTROL_task_051,976306,C2_PREWRITE_CONTROL,51,dialog_trajectories/seed_976306/C2_PREWRITE_CONTROL/task_051.json,mechanism_traces/seed_976306/C2_PREWRITE_CONTROL/task_051.json,1,1,0.00428788,0.00904,26.072599457984325,e707728227298a255f65720324eaf41eb4715b754ec1acabd776eb10fe0514b5,aedda51cb2002e4eb678cd5d94f940282f79b2d370ef1fb6bddc57c9de5f0d36
seed_976306_C2_PREWRITE_CONTROL_task_053,976306,C2_PREWRITE_CONTROL,53,dialog_trajectories/seed_976306/C2_PREWRITE_CONTROL/task_053.json,mechanism_traces/seed_976306/C2_PREWRITE_CONTROL/task_053.json,1,1,0.00552651,0.013951999999999999,42.387013000028674,c488901deabdb40f2f84ca9166f3c0e4228a24ac10e36f5920a510442851fd4e,d837fb093052f241141470ee9e6d468a56d8e27f245db23c90907dd40e741788
seed_976306_C2_PREWRITE_CONTROL_task_054,976306,C2_PREWRITE_CONTROL,54,dialog_trajectories/seed_976306/C2_PREWRITE_CONTROL/task_054.json,mechanism_traces/seed_976306/C2_PREWRITE_CONTROL/task_054.json,0,0,0.009704540000000001,0.013061999999999999,62.899991833022796,1858a2adc5427ab68f4de0f877384035ea10d9b6ac70fff4ca5d60dfdbe3f983,012c5246106e114c1aef4a75df0c641371d435d9d84e037f9faf095f015ac169
seed_976306_C2_PREWRITE_CONTROL_task_055,976306,C2_PREWRITE_CONTROL,55,dialog_trajectories/seed_976306/C2_PREWRITE_CONTROL/task_055.json,mechanism_traces/seed_976306/C2_PREWRITE_CONTROL/task_055.json,1,1,0.007034430000000001,0.014781999999999998,46.57279025000753,2ff652144c48182fee4e5c0750c741de8f605ccaf594d7355b925f704d25748f,2c602480dc7671ac3698f926b8d23f73febe401da482292b394cdc9d64f0ac86
seed_976306_C2_PREWRITE_CONTROL_task_056,976306,C2_PREWRITE_CONTROL,56,dialog_trajectories/seed_976306/C2_PREWRITE_CONTROL/task_056.json,mechanism_traces/seed_976306/C2_PREWRITE_CONTROL/task_056.json,0,0,0.0038034300000000004,0.00751,24.94193983299192,cb6d12ca2cb2d584c17e5d623aece799db512c1e42d2ddfb57e98e5248bd74bf,f9db868a7caab7d90cbd0a9d7eaafc83f8fdc95656a4a1b5316a418dfe35c179
seed_976306_C2_PREWRITE_CONTROL_task_059,976306,C2_PREWRITE_CONTROL,59,dialog_trajectories/seed_976306/C2_PREWRITE_CONTROL/task_059.json,mechanism_traces/seed_976306/C2_PREWRITE_CONTROL/task_059.json,0,0,0.00496705,0.011536,30.960204542032443,4539cd4aee20d03be4b29de8be1189ea7095947877aa746996df3a58762ce2bf,180ebbbeb7451e55f01995ba9ea82c6dd0c9127138becd1ecb838995b08ec0ac
seed_976306_C2_PREWRITE_CONTROL_task_060,976306,C2_PREWRITE_CONTROL,60,dialog_trajectories/seed_976306/C2_PREWRITE_CONTROL/task_060.json,mechanism_traces/seed_976306/C2_PREWRITE_CONTROL/task_060.json,1,1,0.005040569999999999,0.008246,29.05851400003303,b4b31c983274b22a9895d0c9d8fbdf5fb23f2991b0801e1defdfd66daf5defcd,4d4e8dfb7eff57c14ce97347367eb3126395f3b09c9dd044fc9dd542f03a9737
seed_976306_C2_PREWRITE_CONTROL_task_061,976306,C2_PREWRITE_CONTROL,61,dialog_trajectories/seed_976306/C2_PREWRITE_CONTROL/task_061.json,mechanism_traces/seed_976306/C2_PREWRITE_CONTROL/task_061.json,1,1,0.004717480000000001,0.008272000000000002,34.231634208001196,8a5798b89d24dd259b1cf1cacc361073e2e5bdf05dd643bcabb0c01738b2d05b,ddec33fbceabf680b36c703503d2fb5643edbe513316e7c35328668daa30985f
seed_976306_C2_PREWRITE_CONTROL_task_062,976306,C2_PREWRITE_CONTROL,62,dialog_trajectories/seed_976306/C2_PREWRITE_CONTROL/task_062.json,mechanism_traces/seed_976306/C2_PREWRITE_CONTROL/task_062.json,1,1,0.005009540000000001,0.008626,31.607026208017487,95e5e046ae699aad2cab9c50699eb0ccf7d4727311310c23a5292d9a89772683,eedb395bb3936a926ff3b72f95f134f7265b4c4a1cdbb2f48b1fc719702d5fa7
seed_976306_C2_PREWRITE_CONTROL_task_064,976306,C2_PREWRITE_CONTROL,64,dialog_trajectories/seed_976306/C2_PREWRITE_CONTROL/task_064.json,mechanism_traces/seed_976306/C2_PREWRITE_CONTROL/task_064.json,0,0,0.0032511200000000006,0.00802,27.686154666997027,70223d97994bacbe2e32ffc876eeb6c529633b5690112409c2fe23369d9f66e0,ac4ed9a4326fe841037cb55315cb92b09e40e9e977f80dce7023ab8fbb1b69f0
seed_976306_C2_PREWRITE_CONTROL_task_065,976306,C2_PREWRITE_CONTROL,65,dialog_trajectories/seed_976306/C2_PREWRITE_CONTROL/task_065.json,mechanism_traces/seed_976306/C2_PREWRITE_CONTROL/task_065.json,1,1,0.0030973999999999997,0.013904,25.61649916699389,97e3fcb4d6a4d7bfdce832979ca12e61fdfdcb1e4aab63c00ae56ccf6df9c3b1,501bdca5dfea4bf6ef4002a2fa76ba10068631a9dc208a5d5cdf22eb5423940d
seed_976306_C2_PREWRITE_CONTROL_task_068,976306,C2_PREWRITE_CONTROL,68,dialog_trajectories/seed_976306/C2_PREWRITE_CONTROL/task_068.json,mechanism_traces/seed_976306/C2_PREWRITE_CONTROL/task_068.json,1,1,0.0022320300000000003,0.00701,18.523252958024386,d61871e2787bd8499f651894935fa1fa6f36c023db34214a7acb5b0432255fa4,9c4a15b65cd2c779a850762a2a4e9a056d950fc75f081fe8a2b2fe283fa5f08d
seed_976306_C2_PREWRITE_CONTROL_task_070,976306,C2_PREWRITE_CONTROL,70,dialog_trajectories/seed_976306/C2_PREWRITE_CONTROL/task_070.json,mechanism_traces/seed_976306/C2_PREWRITE_CONTROL/task_070.json,1,1,0.00632992,0.012584,42.39932141598547,0769e06a045777b8dd171c61d2c2d1f75c0292ddffea2caec9e32cd3cf1ebb9b,0e5bf7834ab82a4ca0b010793c77886400ba23722ecf4570c6d2de4b67489282
seed_976306_C2_PREWRITE_CONTROL_task_071,976306,C2_PREWRITE_CONTROL,71,dialog_trajectories/seed_976306/C2_PREWRITE_CONTROL/task_071.json,mechanism_traces/seed_976306/C2_PREWRITE_CONTROL/task_071.json,0,0,0.007996760000000002,0.019348,62.68410412501544,116cb268a24043f89677b4a466f2c6e34d90151d789b26ad7d0f270ee52a8c9f,173c342cecce8b9801d7b7b8912624ecdaab700b992e3bd1b994ebfd0ec06f43
seed_976306_C2_PREWRITE_CONTROL_task_073,976306,C2_PREWRITE_CONTROL,73,dialog_trajectories/seed_976306/C2_PREWRITE_CONTROL/task_073.json,mechanism_traces/seed_976306/C2_PREWRITE_CONTROL/task_073.json,1,1,0.00285233,0.006214000000000001,16.528374166984577,91158aafc9fd2ac6211d0bd907d5e523359440d316eb8829f7d084d649688b78,b37ab4c44352d48cfba564cb4e6f6c333c0ec7fd7a58e54e0b58cac2a5660406
seed_976306_C2_PREWRITE_CONTROL_task_074,976306,C2_PREWRITE_CONTROL,74,dialog_trajectories/seed_976306/C2_PREWRITE_CONTROL/task_074.json,mechanism_traces/seed_976306/C2_PREWRITE_CONTROL/task_074.json,0,0,0.01092738,0.022515999999999998,60.36673204100225,90f938a6be22050992fc83fbf9b58c0885a7efc3b0bfa50e0e6c90cc9d5140bf,6161fcad0cbeb39024f1ee77dc7a96ab66dedc4619e3912c5de46b1fe3579db0
seed_976306_C2_PREWRITE_CONTROL_task_075,976306,C2_PREWRITE_CONTROL,75,dialog_trajectories/seed_976306/C2_PREWRITE_CONTROL/task_075.json,mechanism_traces/seed_976306/C2_PREWRITE_CONTROL/task_075.json,1,1,0.00415129,0.006682,23.837358292017598,f924c29bb2e07e3d98cd9a864dd51a6792ebefd1cfcce06376f250bd70fa9eea,264bf66153d5861ae64c41f584685f2177d3f70159bd0c62b21bec1baef74ac9
seed_976306_C2_PREWRITE_CONTROL_task_077,976306,C2_PREWRITE_CONTROL,77,dialog_trajectories/seed_976306/C2_PREWRITE_CONTROL/task_077.json,mechanism_traces/seed_976306/C2_PREWRITE_CONTROL/task_077.json,1,1,0.0039962700000000006,0.008436,23.79359104199102,6ff8689d9d60e1eefccb72f42df2543ceaa50381d18bc4b5296b297d8d506aec,98d79336bdcf2a868f7b1ba0cc84349a5e59d86dd133ba869e507f4112c9ec77
seed_976306_C2_PREWRITE_CONTROL_task_079,976306,C2_PREWRITE_CONTROL,79,dialog_trajectories/seed_976306/C2_PREWRITE_CONTROL/task_079.json,mechanism_traces/seed_976306/C2_PREWRITE_CONTROL/task_079.json,1,1,0.00613941,0.012367999999999999,39.86977587500587,ac70758c74a60c6180ef50ca42dab20c4dc8323d5821163a9d30581b85fc1c48,2a9daf38884de9628d76fb92c7f46d957b470db3f74f464d29c84d2eee401693
seed_976306_C2_PREWRITE_CONTROL_task_080,976306,C2_PREWRITE_CONTROL,80,dialog_trajectories/seed_976306/C2_PREWRITE_CONTROL/task_080.json,mechanism_traces/seed_976306/C2_PREWRITE_CONTROL/task_080.json,1,1,0.0059477900000000005,0.013565999999999998,38.25889779202407,087acaabb2f695d171740b73dac57a84f5258fb6aa4bcf1607d6c79336e4d841,898f4b36c66edce278dc8b9918f7776a7901c405326b3c9f60faa757aa208c4d
seed_976306_C2_PREWRITE_CONTROL_task_086,976306,C2_PREWRITE_CONTROL,86,dialog_trajectories/seed_976306/C2_PREWRITE_CONTROL/task_086.json,mechanism_traces/seed_976306/C2_PREWRITE_CONTROL/task_086.json,1,1,0.0074629200000000005,0.010419999999999999,54.10931749996962,42a55fd40057445310a8bd2adf9239dee5fc33943746ac90f796d99ff7c86c87,de51450ec8443eac2ad1341e7e42c505bfa9037c0587f471625b5ae1d3818bd6
seed_976306_C2_PREWRITE_CONTROL_task_087,976306,C2_PREWRITE_CONTROL,87,dialog_trajectories/seed_976306/C2_PREWRITE_CONTROL/task_087.json,mechanism_traces/seed_976306/C2_PREWRITE_CONTROL/task_087.json,0,0,0.00836666,0.012833999999999998,115.72939408302773,7eae72967a63c00c4431061400dc2b9ae9923e6b7fa1e2973fc82e86ca162854,ed2223c57f80b3e80ce90312982597a9bc7f2cc0e912e0c8daa0e3d32d7931b8
seed_976306_C2_PREWRITE_CONTROL_task_090,976306,C2_PREWRITE_CONTROL,90,dialog_trajectories/seed_976306/C2_PREWRITE_CONTROL/task_090.json,mechanism_traces/seed_976306/C2_PREWRITE_CONTROL/task_090.json,0,0,0.00599713,0.012165999999999998,33.636549666989595,d0dc8070f2e5e78ae0c3f0a1522ee82d63d480f67a3ac5964340f20eca110774,2fa68f220b3bd96397dc7e508fb9638d43a78e53fe3db91b500a95ede038cf69
seed_976306_C2_PREWRITE_CONTROL_task_091,976306,C2_PREWRITE_CONTROL,91,dialog_trajectories/seed_976306/C2_PREWRITE_CONTROL/task_091.json,mechanism_traces/seed_976306/C2_PREWRITE_CONTROL/task_091.json,0,0,0.004280170000000001,0.012823999999999999,28.259788333030883,8d8d02f5aa6859569cb0d07b9be69a32d0c86f6ec1002ca88898c4ddc5fee16f,9d8e2889b7d91ededa88d27107766e976f1e1344236ea5bc44b0518cebcfbf6e
seed_976306_C2_PREWRITE_CONTROL_task_094,976306,C2_PREWRITE_CONTROL,94,dialog_trajectories/seed_976306/C2_PREWRITE_CONTROL/task_094.json,mechanism_traces/seed_976306/C2_PREWRITE_CONTROL/task_094.json,0,0,0.005529460000000001,0.011931999999999998,34.40921512496425,049fb75cea4b87984810743aea9fc227a125a422a5fcfeb5983708450c6117b0,f1dbbaf1b257257238e80be98e1e2f20a79462bb33d946a3455c9ec8fcfac277
seed_976306_C2_PREWRITE_CONTROL_task_095,976306,C2_PREWRITE_CONTROL,95,dialog_trajectories/seed_976306/C2_PREWRITE_CONTROL/task_095.json,mechanism_traces/seed_976306/C2_PREWRITE_CONTROL/task_095.json,1,1,0.00973101,0.017292000000000002,66.82965729100397,4f84921c6c758e2c909c31867f1d147e9c90958af27b5b184a23f00b4f384c01,c97c8d0d25432ea299b590aa97af7355cdaee74f89fbeba611fcac1fa428efcd
seed_976306_C2_PREWRITE_CONTROL_task_097,976306,C2_PREWRITE_CONTROL,97,dialog_trajectories/seed_976306/C2_PREWRITE_CONTROL/task_097.json,mechanism_traces/seed_976306/C2_PREWRITE_CONTROL/task_097.json,1,1,0.01147119,0.022864,69.22295341698918,f6c255fd5bb56a4cb624f7631cb6ca1c95176cba44b9e2d6ef25abe09879f315,849247d87fe2831aa535a0e227c29e53c75d41782e2dde4cf06c02a805e6e06d
seed_976306_C2_PREWRITE_CONTROL_task_099,976306,C2_PREWRITE_CONTROL,99,dialog_trajectories/seed_976306/C2_PREWRITE_CONTROL/task_099.json,mechanism_traces/seed_976306/C2_PREWRITE_CONTROL/task_099.json,1,1,0.012112680000000002,0.012669999999999999,68.13311754202005,f6de3e8ccebbb4cf3065947a43d33abf37b77e402f18404e5de028860a408bde,a361eb81bd7052c15d87cc6f6d6f3222cdaf0911fa3c32373c7eb254b98166a7
seed_976306_C2_PREWRITE_CONTROL_task_100,976306,C2_PREWRITE_CONTROL,100,dialog_trajectories/seed_976306/C2_PREWRITE_CONTROL/task_100.json,mechanism_traces/seed_976306/C2_PREWRITE_CONTROL/task_100.json,1,1,0.012411680000000001,0.017024,74.7232102919952,6e18b65db8a7e310b8289ca83f34720cf7436932e3532a3f54e093512da5d495,e09c8728a9e38666b44919d8ca0d0be0d2c7737fc7e610e95625b9e182f06626
seed_976306_C2_PREWRITE_CONTROL_task_101,976306,C2_PREWRITE_CONTROL,101,dialog_trajectories/seed_976306/C2_PREWRITE_CONTROL/task_101.json,mechanism_traces/seed_976306/C2_PREWRITE_CONTROL/task_101.json,1,1,0.013819950000000003,0.018123999999999998,83.56946345901815,86bcb820ef8ca5d33e1b0c01ae5cc059ad703904516900cc373fba4ca90e3f57,03344817801f590a53dc2fcaf6307623835c445d5913ca42a365a4d9aab2b963
seed_976306_C2_PREWRITE_CONTROL_task_102,976306,C2_PREWRITE_CONTROL,102,dialog_trajectories/seed_976306/C2_PREWRITE_CONTROL/task_102.json,mechanism_traces/seed_976306/C2_PREWRITE_CONTROL/task_102.json,1,1,0.010531240000000002,0.014298000000000002,57.69500095798867,f146a8af9afbf740fcb752ef35cd773790f01282e89e85c72599f29ecd983650,57793d68ed6e0543baf31757473e18b99cc57a67a0427817dcd2ecceb596e1fd
seed_976306_C2_PREWRITE_CONTROL_task_105,976306,C2_PREWRITE_CONTROL,105,dialog_trajectories/seed_976306/C2_PREWRITE_CONTROL/task_105.json,mechanism_traces/seed_976306/C2_PREWRITE_CONTROL/task_105.json,0,0,0.0062558299999999996,0.012865999999999999,49.268510541995056,0528b1a45c375d5f4ea2ab3ca56f3d144c4acfac10b0e271d4e71ba262ab8884,3866386e0b35de2a2ac461024b654aa732444ace3604f3466e847b222157bf28
seed_976306_C2_PREWRITE_CONTROL_task_108,976306,C2_PREWRITE_CONTROL,108,dialog_trajectories/seed_976306/C2_PREWRITE_CONTROL/task_108.json,mechanism_traces/seed_976306/C2_PREWRITE_CONTROL/task_108.json,1,1,0.00752215,0.018684,53.54248158400878,e2618a243cb79fb857b3e3bc4d6b13c78a2a42be91872fea11f7dced640ce510,08fce64fad5ba483742a6d5c38f56b0991a1e7c122dbdc8ee7f7e0c48271db41
seed_976306_C2_PREWRITE_CONTROL_task_111,976306,C2_PREWRITE_CONTROL,111,dialog_trajectories/seed_976306/C2_PREWRITE_CONTROL/task_111.json,mechanism_traces/seed_976306/C2_PREWRITE_CONTROL/task_111.json,0,0,0.011042799999999998,0.012939999999999998,58.86073829198722,33648291214773155ea609003096d4f5f1d32d3bdbfc51042f88987c203c4d93,ac0081258f1acd80ca89217339715dbe430bc5c388f9c76ff6666c37e81ae75b
seed_976306_C2_PREWRITE_CONTROL_task_113,976306,C2_PREWRITE_CONTROL,113,dialog_trajectories/seed_976306/C2_PREWRITE_CONTROL/task_113.json,mechanism_traces/seed_976306/C2_PREWRITE_CONTROL/task_113.json,1,1,0.004487720000000001,0.0074800000000000005,35.234582583012525,daf6b3000d06fa1c8522832a607320ebf38973e1d57e9db749dcfc0627ac1a5e,bec0230411395ba9eb9d9f02acdebd1f995834e07fdf22f5d7c2c0f56bfcf633
seed_976306_C3_COMBINED_INTERVENTION_task_000,976306,C3_COMBINED_INTERVENTION,0,dialog_trajectories/seed_976306/C3_COMBINED_INTERVENTION/task_000.json,mechanism_traces/seed_976306/C3_COMBINED_INTERVENTION/task_000.json,0,0,0.00799622,0.009222000000000001,51.46401804196648,2c773a3f0002cca37b69ca33b0c87478b0fa1d491bbb9cc61a5ea4e4c9cf0f46,7a9738da5866cc74d12ec1b728e465de2ce7e2e450aab0468f13945f0ceec255
seed_976306_C3_COMBINED_INTERVENTION_task_001,976306,C3_COMBINED_INTERVENTION,1,dialog_trajectories/seed_976306/C3_COMBINED_INTERVENTION/task_001.json,mechanism_traces/seed_976306/C3_COMBINED_INTERVENTION/task_001.json,1,1,0.008744990000000001,0.008341999999999999,42.61098904203391,99b9cd3b8f48564a90a63a1b133c4fd10941435dd9890b8e4674dbdf331db01e,ff885ce4bf74e298670450899c595ff56dd6ef015493112e6a75a0988ac71811
seed_976306_C3_COMBINED_INTERVENTION_task_002,976306,C3_COMBINED_INTERVENTION,2,dialog_trajectories/seed_976306/C3_COMBINED_INTERVENTION/task_002.json,mechanism_traces/seed_976306/C3_COMBINED_INTERVENTION/task_002.json,0,0,0.00613238,0.010038,37.07034804101568,284876e8f0a8d18987aa083dfb87e51d3f0e65caf2d415bb1b86d7aa19c9208b,0088cae350ed7feb25c13cb32e6510c57133e659cab96502170015841b2a3c83
seed_976306_C3_COMBINED_INTERVENTION_task_003,976306,C3_COMBINED_INTERVENTION,3,dialog_trajectories/seed_976306/C3_COMBINED_INTERVENTION/task_003.json,mechanism_traces/seed_976306/C3_COMBINED_INTERVENTION/task_003.json,1,1,0.0071975699999999995,0.010178,38.28929204196902,125d93ee6a45784bbc37ac6e147e09b0b4393d4ad7bdc23be0d238514b3fa8a2,8baadea39b04c8534d27d6a16f47e8e4c02bbc9cf156d9b37d400e7f161011d9
seed_976306_C3_COMBINED_INTERVENTION_task_004,976306,C3_COMBINED_INTERVENTION,4,dialog_trajectories/seed_976306/C3_COMBINED_INTERVENTION/task_004.json,mechanism_traces/seed_976306/C3_COMBINED_INTERVENTION/task_004.json,1,1,0.01354191,0.011856,55.54058262502076,e14ded766568845edc76cf77b43830a641df39a9994fac6e5d93b82e71f2b189,48612a10e6a2127e146e269f7d3af5511957817aaeafaa7b14bbd90ba7a564ec
seed_976306_C3_COMBINED_INTERVENTION_task_005,976306,C3_COMBINED_INTERVENTION,5,dialog_trajectories/seed_976306/C3_COMBINED_INTERVENTION/task_005.json,mechanism_traces/seed_976306/C3_COMBINED_INTERVENTION/task_005.json,1,1,0.01269177,0.015119999999999998,64.92063691699877,eff930982a5e63d488f9faeb4ddba3bba953f0e1bc7c9bd70722bd0f176ccd8f,7838e7065dadc5e98619fcf347fa180f36b79c8fdde0b371772c3ab89410186d
seed_976306_C3_COMBINED_INTERVENTION_task_006,976306,C3_COMBINED_INTERVENTION,6,dialog_trajectories/seed_976306/C3_COMBINED_INTERVENTION/task_006.json,mechanism_traces/seed_976306/C3_COMBINED_INTERVENTION/task_006.json,1,1,0.012551710000000002,0.01974,76.47390224999981,3c0922fb467f700a2d338aab12157203130d80099e3448e7004a37d4b29be014,85715df8fde090337988c807da5efe1f2f051a30f03d7f4c89c1789ac98afd80
seed_976306_C3_COMBINED_INTERVENTION_task_007,976306,C3_COMBINED_INTERVENTION,7,dialog_trajectories/seed_976306/C3_COMBINED_INTERVENTION/task_007.json,mechanism_traces/seed_976306/C3_COMBINED_INTERVENTION/task_007.json,1,1,0.01027811,0.012321999999999998,56.263157707988285,8ee130a433e776d9bdbf69f3602e3e84af4454e15eb3f97458ce0422e3307684,22c4a75312b9ced45bc17c2dc1659e284d56fd86e3f60019d64b99d8ae14042f
seed_976306_C3_COMBINED_INTERVENTION_task_008,976306,C3_COMBINED_INTERVENTION,8,dialog_trajectories/seed_976306/C3_COMBINED_INTERVENTION/task_008.json,mechanism_traces/seed_976306/C3_COMBINED_INTERVENTION/task_008.json,1,1,0.01404418,0.017152,76.36805154103786,ddb70237d7fc18f350a70b3b131ecd5cd42d53ba19443f5810f567a42ffde53e,56a343cfbf5873b071292038aa9c1124d4b60bbffda03203b1507e221b0be8fe
seed_976306_C3_COMBINED_INTERVENTION_task_009,976306,C3_COMBINED_INTERVENTION,9,dialog_trajectories/seed_976306/C3_COMBINED_INTERVENTION/task_009.json,mechanism_traces/seed_976306/C3_COMBINED_INTERVENTION/task_009.json,1,1,0.008922570000000001,0.01209,42.54649525001878,710dc4e8eaee37df78e03cae213364af5eed18df0ad6b2d52803becbcc9dce91,2584a5d2b03cdc1616748dd45dc7bf61f818f31acfe4ea08a9f9db93bca60f6f
seed_976306_C3_COMBINED_INTERVENTION_task_010,976306,C3_COMBINED_INTERVENTION,10,dialog_trajectories/seed_976306/C3_COMBINED_INTERVENTION/task_010.json,mechanism_traces/seed_976306/C3_COMBINED_INTERVENTION/task_010.json,1,1,0.004941930000000001,0.003866,33.3496852919925,2f88eb1790415bc8374595cf7c5f44d09c94fff93e693b9f7498024285ddb3e2,4f4269554d9cee232e001b1334297ee31319a228ccac0c9904866dcb5721f337
seed_976306_C3_COMBINED_INTERVENTION_task_011,976306,C3_COMBINED_INTERVENTION,11,dialog_trajectories/seed_976306/C3_COMBINED_INTERVENTION/task_011.json,mechanism_traces/seed_976306/C3_COMBINED_INTERVENTION/task_011.json,1,1,0.007908839999999999,0.011806,49.08482874999754,f3d3743e9165c6d71264923b0b1f3ebc3ac120d7639c3f291185dbbe19d65df1,dcad534f88dcd9821340876ff15888d74d14a1500b6713b984bca9d4718da762
seed_976306_C3_COMBINED_INTERVENTION_task_012,976306,C3_COMBINED_INTERVENTION,12,dialog_trajectories/seed_976306/C3_COMBINED_INTERVENTION/task_012.json,mechanism_traces/seed_976306/C3_COMBINED_INTERVENTION/task_012.json,1,1,0.009871780000000002,0.013174,51.47787841700483,c0d4feb69029a5e9d22fa3d7e6c5c467fbb455bbec2fc664efaeabf05151162b,c7468b6e1c27b7243ad97c1ee268199706f0437b93ee6b32d1af564a86e92478
seed_976306_C3_COMBINED_INTERVENTION_task_013,976306,C3_COMBINED_INTERVENTION,13,dialog_trajectories/seed_976306/C3_COMBINED_INTERVENTION/task_013.json,mechanism_traces/seed_976306/C3_COMBINED_INTERVENTION/task_013.json,1,1,0.00945901,0.011721999999999998,55.70617654197849,929aa657b9c1acd5c10991a0cd33501aa34960a66ca164fbd1c9215e078dacc0,72fdb7263f2a46e96799afe50dadf6de150cc06dfab19c2e319f338194059818
seed_976306_C3_COMBINED_INTERVENTION_task_014,976306,C3_COMBINED_INTERVENTION,14,dialog_trajectories/seed_976306/C3_COMBINED_INTERVENTION/task_014.json,mechanism_traces/seed_976306/C3_COMBINED_INTERVENTION/task_014.json,1,1,0.00887236,0.008778,48.10539687494747,6a99583e612419202a06e866c31a0c1d488fe7cb77013ffbf40d280654dd4c86,530a11eda43444633dd27ce7dbe033f7422b7b262055d744d0cd7455bcda2e0f
seed_976306_C3_COMBINED_INTERVENTION_task_015,976306,C3_COMBINED_INTERVENTION,15,dialog_trajectories/seed_976306/C3_COMBINED_INTERVENTION/task_015.json,mechanism_traces/seed_976306/C3_COMBINED_INTERVENTION/task_015.json,1,1,0.00784375,0.009833999999999999,42.3334274579538,1756e5791497315ba5da81e7210c0f15304f8c53af0314714b309cfa8fcb306b,cf912a3ca63ad01fd024cf82a7295dfd031eb78db159ef2701f3ec18f9550b47
seed_976306_C3_COMBINED_INTERVENTION_task_016,976306,C3_COMBINED_INTERVENTION,16,dialog_trajectories/seed_976306/C3_COMBINED_INTERVENTION/task_016.json,mechanism_traces/seed_976306/C3_COMBINED_INTERVENTION/task_016.json,1,1,0.01121151,0.011804,53.54105504101608,f8e02e4eb7d67d7759f5a274a8d6a11f3d239a662e7c41ceff986ebe9cd8c5f5,ee5647387d497f3887aed254ad6ee49757c856668a8eac567b3371ec35c0d1b0
seed_976306_C3_COMBINED_INTERVENTION_task_017,976306,C3_COMBINED_INTERVENTION,17,dialog_trajectories/seed_976306/C3_COMBINED_INTERVENTION/task_017.json,mechanism_traces/seed_976306/C3_COMBINED_INTERVENTION/task_017.json,1,1,0.00499377,0.008308,39.93395354098175,d67048cb74543820205acbd673bd3d085cd7c40c1a32d17c8596e61256249a4f,c7e31c802f1399c037612bc033f4bdc2c9271524ac7d80fe33aba59b657f4827
seed_976306_C3_COMBINED_INTERVENTION_task_018,976306,C3_COMBINED_INTERVENTION,18,dialog_trajectories/seed_976306/C3_COMBINED_INTERVENTION/task_018.json,mechanism_traces/seed_976306/C3_COMBINED_INTERVENTION/task_018.json,1,1,0.00990524,0.018995999999999996,64.31693491700571,ca7d3fe700a802a8678b83b318a29070a7b45a1a46c6590ebb74814e7e8564ca,105f4dad147bc642bbbeee73f953ffe06e8563a120bda1d271d424a36d908980
seed_976306_C3_COMBINED_INTERVENTION_task_019,976306,C3_COMBINED_INTERVENTION,19,dialog_trajectories/seed_976306/C3_COMBINED_INTERVENTION/task_019.json,mechanism_traces/seed_976306/C3_COMBINED_INTERVENTION/task_019.json,1,1,0.012486470000000001,0.017002,63.67237662500702,1ab5a2e3e0878022901b89d819db4e8351e2c1a1e17008d23598ca880ba62139,d6610161440a4c98c353261ae370c4076fabe5e600fb32ed014efce5bdcc1372
seed_976306_C3_COMBINED_INTERVENTION_task_020,976306,C3_COMBINED_INTERVENTION,20,dialog_trajectories/seed_976306/C3_COMBINED_INTERVENTION/task_020.json,mechanism_traces/seed_976306/C3_COMBINED_INTERVENTION/task_020.json,0,0,0.00298582,0.005814,22.180810375022702,b9e493998ad3af15390b30bf6675a7cbe8b9d2a480d0cea7c3d7702d05b88b56,f4aa71f2549509413e78c3c3e34e5a3ae03202ae41cf5968b27f472f125bb51d
seed_976306_C3_COMBINED_INTERVENTION_task_021,976306,C3_COMBINED_INTERVENTION,21,dialog_trajectories/seed_976306/C3_COMBINED_INTERVENTION/task_021.json,mechanism_traces/seed_976306/C3_COMBINED_INTERVENTION/task_021.json,1,1,0.01771003,0.01664,100.99305995798204,494e8a2442d78452943dcc24f7f0bb20bfa1a2a69a0450ec5e84bb6a72d30037,43c1582e5d4aad37e201951fd152aa3aca557962558e864d903baac014c453de
seed_976306_C3_COMBINED_INTERVENTION_task_022,976306,C3_COMBINED_INTERVENTION,22,dialog_trajectories/seed_976306/C3_COMBINED_INTERVENTION/task_022.json,mechanism_traces/seed_976306/C3_COMBINED_INTERVENTION/task_022.json,1,1,0.00996841,0.011571999999999999,59.71943849994568,284b017332bd741e5c236d4a699a6d10d734417602143999904a57ab6cdfbf6a,cbabb28467d69b597ba8822ee0203f4f3bcbd8a74476cb4db6c31d19a772da3d
seed_976306_C3_COMBINED_INTERVENTION_task_023,976306,C3_COMBINED_INTERVENTION,23,dialog_trajectories/seed_976306/C3_COMBINED_INTERVENTION/task_023.json,mechanism_traces/seed_976306/C3_COMBINED_INTERVENTION/task_023.json,1,1,0.01677116,0.011874,81.25553754199063,8f73f7289d54c1851846dbd671f57abad7c3f793029cb479db923d415fcde9cc,7b8395c968431560e0f25176398a071dd06d19e1c23d56e1717c168d20d20814
seed_976306_C3_COMBINED_INTERVENTION_task_024,976306,C3_COMBINED_INTERVENTION,24,dialog_trajectories/seed_976306/C3_COMBINED_INTERVENTION/task_024.json,mechanism_traces/seed_976306/C3_COMBINED_INTERVENTION/task_024.json,1,1,0.00437003,0.013381999999999998,45.226279375026934,94ecc0c6005aebc39f6215a4b0d1c2cfe9201e9744dead7d654ded469adc3612,fe750e8463f7c81840557f43563a581aaa01059ca48df4eb7b037ad9ea4ddfc3
seed_976306_C3_COMBINED_INTERVENTION_task_025,976306,C3_COMBINED_INTERVENTION,25,dialog_trajectories/seed_976306/C3_COMBINED_INTERVENTION/task_025.json,mechanism_traces/seed_976306/C3_COMBINED_INTERVENTION/task_025.json,0,0,0.005189770000000001,0.008072,28.727843667031266,abbfdcaa7695b124013d161f7e4de9d4b4466d3421bbb3b64045dc5bf71d7b86,49f14ebf2e69c07640389009811fb28ca08f545cfa7bfd4478aad5ea35f6edfa
seed_976306_C3_COMBINED_INTERVENTION_task_026,976306,C3_COMBINED_INTERVENTION,26,dialog_trajectories/seed_976306/C3_COMBINED_INTERVENTION/task_026.json,mechanism_traces/seed_976306/C3_COMBINED_INTERVENTION/task_026.json,1,1,0.00753716,0.010407999999999999,43.69052983401343,6e51b9829c39dc0e2e09edb77baaa829835b21dea1131fd15936a1e3c77e0861,8871445c8520fd4232a8021466f6825ce8b08497f1728c1bd4a2bdd01164a522
seed_976306_C3_COMBINED_INTERVENTION_task_027,976306,C3_COMBINED_INTERVENTION,27,dialog_trajectories/seed_976306/C3_COMBINED_INTERVENTION/task_027.json,mechanism_traces/seed_976306/C3_COMBINED_INTERVENTION/task_027.json,0,0,0.015251419999999998,0.010034,79.50600154098356,88c021edfce3d924bb129183d90fb921d247a894a8909745035c8ea296337e69,45edb8407ce24ae91972bd37ff6a45bdb849f8bb0a6354ae0c77d295e5a95575
seed_976306_C3_COMBINED_INTERVENTION_task_028,976306,C3_COMBINED_INTERVENTION,28,dialog_trajectories/seed_976306/C3_COMBINED_INTERVENTION/task_028.json,mechanism_traces/seed_976306/C3_COMBINED_INTERVENTION/task_028.json,1,1,0.011463069999999999,0.022437999999999996,115.56646350002848,255ab43fe4cbb5eafdf7c57e59a7cfdf09e6b77eae76640dd411e403ec9d9ac1,d2c1ac1951c38aeea20f20997120eff9d380f1f3ed767f5b01c929a940649ad3
seed_976306_C3_COMBINED_INTERVENTION_task_029,976306,C3_COMBINED_INTERVENTION,29,dialog_trajectories/seed_976306/C3_COMBINED_INTERVENTION/task_029.json,mechanism_traces/seed_976306/C3_COMBINED_INTERVENTION/task_029.json,1,1,0.014764800000000002,0.008917999999999999,79.08598699996946,a09497772a1b3ebf5624d16d219f165f161bfbefdd0f7dd463c930b1b42bde46,76ffc69c597a3a8dc4b2189605a0644c5201b2f37f87b46ba49ecce55e770c32
seed_976306_C3_COMBINED_INTERVENTION_task_030,976306,C3_COMBINED_INTERVENTION,30,dialog_trajectories/seed_976306/C3_COMBINED_INTERVENTION/task_030.json,mechanism_traces/seed_976306/C3_COMBINED_INTERVENTION/task_030.json,1,1,0.01904861,0.0263,209.94374108396005,daeb718bebe414cc7443866f7e0e5302a4865a216a000e58747100a45b27a070,1f091494bfe8cdfe6a46a861133a34e295f6fbad865cb11bdf2e487f97807487
seed_976306_C3_COMBINED_INTERVENTION_task_031,976306,C3_COMBINED_INTERVENTION,31,dialog_trajectories/seed_976306/C3_COMBINED_INTERVENTION/task_031.json,mechanism_traces/seed_976306/C3_COMBINED_INTERVENTION/task_031.json,0,0,0.00394214,0.00754,23.197617000027094,c41d96d86a7bc0e3eab268d339503161bfc9f28f5a06a760505fd93529dfda36,6da3fadb42832bf4e90b3c62c41700a73948251779930ff947bc7d0b608d38ad
seed_976306_C3_COMBINED_INTERVENTION_task_032,976306,C3_COMBINED_INTERVENTION,32,dialog_trajectories/seed_976306/C3_COMBINED_INTERVENTION/task_032.json,mechanism_traces/seed_976306/C3_COMBINED_INTERVENTION/task_032.json,0,0,0.016768909999999998,0.025011999999999996,82.62288341700332,8911eb3ca64a876e9953ebe8543f833c2700f65ae7ea2956a086a0762841c6ba,d7ecbdb14d3ee0e81d2d563e8860c2537f0e183995c63317ea019e24f343e6b1
seed_976306_C3_COMBINED_INTERVENTION_task_033,976306,C3_COMBINED_INTERVENTION,33,dialog_trajectories/seed_976306/C3_COMBINED_INTERVENTION/task_033.json,mechanism_traces/seed_976306/C3_COMBINED_INTERVENTION/task_033.json,1,1,0.01200439,0.019218,59.51301716599846,b150b73e260cb3b962249308ad2888fa1ed5e8a2dc4560b11786760800f67b05,6c9398a7565b16ff82150f8bd1270d4c23f8ba92132d7a02368ab52e19548c6b
seed_976306_C3_COMBINED_INTERVENTION_task_034,976306,C3_COMBINED_INTERVENTION,34,dialog_trajectories/seed_976306/C3_COMBINED_INTERVENTION/task_034.json,mechanism_traces/seed_976306/C3_COMBINED_INTERVENTION/task_034.json,1,1,0.00794452,0.012024,40.84037966700271,c1ffa25c44270e246d567f05cc2606800eb75217181023b4106c36e746e37748,ec5ffee53a80f67c15ad5f9d55d92e4f0e1993662305186f8f9a449ae3a51a3e
seed_976306_C3_COMBINED_INTERVENTION_task_035,976306,C3_COMBINED_INTERVENTION,35,dialog_trajectories/seed_976306/C3_COMBINED_INTERVENTION/task_035.json,mechanism_traces/seed_976306/C3_COMBINED_INTERVENTION/task_035.json,1,1,0.02123881,0.026590000000000003,114.58785900002113,caa8af0ae6ad4f9b22c3ea1de796ec255ad4bff07d16c93702ea1b466cde12ff,5ef8b06eba5e0fac2410480dfd38e19bd27349f363cf0773d4b3e1e15320b9c1
seed_976306_C3_COMBINED_INTERVENTION_task_036,976306,C3_COMBINED_INTERVENTION,36,dialog_trajectories/seed_976306/C3_COMBINED_INTERVENTION/task_036.json,mechanism_traces/seed_976306/C3_COMBINED_INTERVENTION/task_036.json,0,0,0.016234610000000003,0.016064,85.42214937502285,401050803c25dbdf1cfa51a8999154c55f15cecdcc1897b82868c32765230e58,bc9a63eb143571ea8c06d517e99b12f67ed76a222ef13bf4786f27bd5e86487f
seed_976306_C3_COMBINED_INTERVENTION_task_038,976306,C3_COMBINED_INTERVENTION,38,dialog_trajectories/seed_976306/C3_COMBINED_INTERVENTION/task_038.json,mechanism_traces/seed_976306/C3_COMBINED_INTERVENTION/task_038.json,0,0,0.015196010000000001,0.018851999999999997,80.50421120802639,3bcf8180aa327859adb378cd828d82c0b391e749343b0938a51792a964fc50b5,3d94b566cd1489889ee829d02abc1b26941b6c5d656ee8784dc590777465a899
seed_976306_C3_COMBINED_INTERVENTION_task_039,976306,C3_COMBINED_INTERVENTION,39,dialog_trajectories/seed_976306/C3_COMBINED_INTERVENTION/task_039.json,mechanism_traces/seed_976306/C3_COMBINED_INTERVENTION/task_039.json,1,1,0.00910591,0.013125999999999999,57.02998645900516,de86134285805d6a1fb1175fd1675c9581fe7d558d2e9d19876b01e950819ac6,741d2c21bb099dd9c350246459d3127d0452658de2ff279542d23215016853dc
seed_976306_C3_COMBINED_INTERVENTION_task_040,976306,C3_COMBINED_INTERVENTION,40,dialog_trajectories/seed_976306/C3_COMBINED_INTERVENTION/task_040.json,mechanism_traces/seed_976306/C3_COMBINED_INTERVENTION/task_040.json,1,1,0.005431100000000001,0.010818,37.5527977499878,b2b8c099eea72171f34c54227c72968f9c9aecf5ee10e676f208893d3d11f0c8,675f941727c82c5ab23d35cbf3a1ef331a6b621ab63d0ebd486858d409407e50
seed_976306_C3_COMBINED_INTERVENTION_task_042,976306,C3_COMBINED_INTERVENTION,42,dialog_trajectories/seed_976306/C3_COMBINED_INTERVENTION/task_042.json,mechanism_traces/seed_976306/C3_COMBINED_INTERVENTION/task_042.json,0,0,0.013755639999999998,0.012207999999999998,71.31166358303744,0a372973e1ee6c79dc84e57316c7651056fd43922a417b6681604e2f4b501a8a,ef53f3aed20696823c058172919bf7e2a1bda0610159b81ede34831fd0518221
seed_976306_C3_COMBINED_INTERVENTION_task_043,976306,C3_COMBINED_INTERVENTION,43,dialog_trajectories/seed_976306/C3_COMBINED_INTERVENTION/task_043.json,mechanism_traces/seed_976306/C3_COMBINED_INTERVENTION/task_043.json,1,1,0.00696204,0.019011999999999998,52.775858042004984,ee1e1e5f49b2e2684230022c0cd877d33294d67fa056d3b2fa451842b2bc3506,02b9dba9b5b39785b4c709ab73530a7680f674962065ba341f7759c3ab6d11d7
seed_976306_C3_COMBINED_INTERVENTION_task_045,976306,C3_COMBINED_INTERVENTION,45,dialog_trajectories/seed_976306/C3_COMBINED_INTERVENTION/task_045.json,mechanism_traces/seed_976306/C3_COMBINED_INTERVENTION/task_045.json,1,1,0.00791006,0.014216,47.785816374991555,358c6f59da4400cea2ab654b6bedcabd5662335498cde2dcf73293c717b288a8,f7e207a1f9d14006b0ee00dc4358bca3938dd177e2b7b59180dfa9f3ed6cccc1
seed_976306_C3_COMBINED_INTERVENTION_task_049,976306,C3_COMBINED_INTERVENTION,49,dialog_trajectories/seed_976306/C3_COMBINED_INTERVENTION/task_049.json,mechanism_traces/seed_976306/C3_COMBINED_INTERVENTION/task_049.json,0,0,0.009141980000000001,0.013315999999999996,52.38618245802354,7935ef26a9e73e7ee6268d0957272a041524ae1ceffab55269207864a5fb5a34,bfd31e23028e18620b19551c906ce61f9ab6ca95079299c2fb2b95e54fc40590
seed_976306_C3_COMBINED_INTERVENTION_task_050,976306,C3_COMBINED_INTERVENTION,50,dialog_trajectories/seed_976306/C3_COMBINED_INTERVENTION/task_050.json,mechanism_traces/seed_976306/C3_COMBINED_INTERVENTION/task_050.json,1,1,0.00194892,0.003706,17.922952958964743,8bb1e8a82b3087f726adffb69df4a29c7a1d780652cf552afe9691f36ed047d8,f06cf61817b5c5690515ca1ea7ccfbabefbdb73a7e87872d9bc6fceb5e1458ea
seed_976306_C3_COMBINED_INTERVENTION_task_051,976306,C3_COMBINED_INTERVENTION,51,dialog_trajectories/seed_976306/C3_COMBINED_INTERVENTION/task_051.json,mechanism_traces/seed_976306/C3_COMBINED_INTERVENTION/task_051.json,1,1,0.00810102,0.01348,48.69782295799814,704c25f2d6bd5e352d6e6b3558c4d41328f78c44da49a678c067e762fc8507de,a400e97f142a299c6f03e64c5b9fff6377c5a0ec39de30a24ed098e79e3dea70
seed_976306_C3_COMBINED_INTERVENTION_task_053,976306,C3_COMBINED_INTERVENTION,53,dialog_trajectories/seed_976306/C3_COMBINED_INTERVENTION/task_053.json,mechanism_traces/seed_976306/C3_COMBINED_INTERVENTION/task_053.json,1,1,0.00870769,0.011989999999999999,48.380805415974464,ab81b93dbae7d4571320b318c94bc45d34cf3be73b61db7b1e58455bc16068a0,9c55c81bf5f870db5fd0ac1841c21c3174d19dae9e8d7bcc34223d867434aacd
seed_976306_C3_COMBINED_INTERVENTION_task_054,976306,C3_COMBINED_INTERVENTION,54,dialog_trajectories/seed_976306/C3_COMBINED_INTERVENTION/task_054.json,mechanism_traces/seed_976306/C3_COMBINED_INTERVENTION/task_054.json,1,1,0.01436888,0.015095999999999998,64.28482079104288,7f80eedb4595a1ce37380a3f22b1bb253f302af4705b2c403636e0f7fd78e4a7,614efaebd1d696f109650215bcf374c4d8cfe2feeea1617204b019820efe876a
seed_976306_C3_COMBINED_INTERVENTION_task_055,976306,C3_COMBINED_INTERVENTION,55,dialog_trajectories/seed_976306/C3_COMBINED_INTERVENTION/task_055.json,mechanism_traces/seed_976306/C3_COMBINED_INTERVENTION/task_055.json,1,1,0.012960870000000001,0.017158,59.31737141602207,f2628c7fae4098482ad0dba034a22dd9109c7513c28c2f69b209768e40e7445a,51ee604bb0a33bf38bbba2f6a0c7da4647551f137199d619a67febf80bde3c55
seed_976306_C3_COMBINED_INTERVENTION_task_056,976306,C3_COMBINED_INTERVENTION,56,dialog_trajectories/seed_976306/C3_COMBINED_INTERVENTION/task_056.json,mechanism_traces/seed_976306/C3_COMBINED_INTERVENTION/task_056.json,0,0,0.00340107,0.005131999999999999,19.329310750006698,60c0de5b8b3615434a97ce754ece00e3b224cb4beef0ddd7a9e4a61d4c99b7f1,674289a363956290f7359e0f497a3382956acd62854d25dc2fd8194d59449aac
seed_976306_C3_COMBINED_INTERVENTION_task_059,976306,C3_COMBINED_INTERVENTION,59,dialog_trajectories/seed_976306/C3_COMBINED_INTERVENTION/task_059.json,mechanism_traces/seed_976306/C3_COMBINED_INTERVENTION/task_059.json,1,1,0.00869355,0.011302000000000001,47.241668207978364,7bc8fe6611f0211d7d2654ab87b7c6b5a99994d5e532c5c28480d5d1b4005f9c,5da97d0a59cf89711b950bf082e02937198c4c48c918536310bcee848e7f4645
seed_976306_C3_COMBINED_INTERVENTION_task_060,976306,C3_COMBINED_INTERVENTION,60,dialog_trajectories/seed_976306/C3_COMBINED_INTERVENTION/task_060.json,mechanism_traces/seed_976306/C3_COMBINED_INTERVENTION/task_060.json,0,0,0.0071112300000000005,0.009916,41.132729000004474,a459f04e574950aff9726f8e7d235664c764ef34f8bba3190c93d5b11bdf7dc1,946a385906f82a3a08622a714654c9466c7379207005c87c28957a19f949b86b
seed_976306_C3_COMBINED_INTERVENTION_task_061,976306,C3_COMBINED_INTERVENTION,61,dialog_trajectories/seed_976306/C3_COMBINED_INTERVENTION/task_061.json,mechanism_traces/seed_976306/C3_COMBINED_INTERVENTION/task_061.json,1,1,0.00832421,0.009232,44.48047858400969,e64fba2aad932993f261666199ae6b0b7ecf252b196a628dedeafca6ca551fc4,1dccfe0ea904744d4d7e83cb6ff69eb2fc9dcacfc5953994be27aa77980e89eb
seed_976306_C3_COMBINED_INTERVENTION_task_062,976306,C3_COMBINED_INTERVENTION,62,dialog_trajectories/seed_976306/C3_COMBINED_INTERVENTION/task_062.json,mechanism_traces/seed_976306/C3_COMBINED_INTERVENTION/task_062.json,1,1,0.007978220000000001,0.014163999999999998,49.135846916004084,51a9d6fcffdfbea786e217529a0bd658d24520cc255ce8910ea309c38eb5e3e5,f97dc7b2210d012abfe6d3e7aa2cb391f7e54999a4cae7572de979935e902c93
seed_976306_C3_COMBINED_INTERVENTION_task_064,976306,C3_COMBINED_INTERVENTION,64,dialog_trajectories/seed_976306/C3_COMBINED_INTERVENTION/task_064.json,mechanism_traces/seed_976306/C3_COMBINED_INTERVENTION/task_064.json,0,0,0.009480849999999999,0.013344,56.73734020796837,53c3b27f13fc54b77b27229e79d61546205a3c51a2f8a2e223cf06e7162def51,57b2cb9fd9b9a554ecdff88bbed4bfdc8e9af7a0839921d9a35b40bb2d66a8a2
seed_976306_C3_COMBINED_INTERVENTION_task_065,976306,C3_COMBINED_INTERVENTION,65,dialog_trajectories/seed_976306/C3_COMBINED_INTERVENTION/task_065.json,mechanism_traces/seed_976306/C3_COMBINED_INTERVENTION/task_065.json,1,1,0.00256207,0.003176,15.67096641700482,2d4bdb7ff32e99dba7c100f62725444e93c374fd82caf342b0a923527b957028,264c69fa06af0c7286a393fcfe773df3f6732f832a17be5e6c25128428943fa4
seed_976306_C3_COMBINED_INTERVENTION_task_068,976306,C3_COMBINED_INTERVENTION,68,dialog_trajectories/seed_976306/C3_COMBINED_INTERVENTION/task_068.json,mechanism_traces/seed_976306/C3_COMBINED_INTERVENTION/task_068.json,1,1,0.00201458,0.0067399999999999995,14.402050999982748,9e0b5b1e48e1f257d9a87e85b8d9240d31b078c17e91174772ee72411a27539b,2464c01a2f36bbbc7b99b5f5ff7d8c7006c902dabbc8766d9727a5b19707f495
seed_976306_C3_COMBINED_INTERVENTION_task_070,976306,C3_COMBINED_INTERVENTION,70,dialog_trajectories/seed_976306/C3_COMBINED_INTERVENTION/task_070.json,mechanism_traces/seed_976306/C3_COMBINED_INTERVENTION/task_070.json,1,1,0.005530060000000001,0.011117999999999998,38.552888082980644,c1ec0ac6e8f29fa8670817ebc83de3512749c00faf3e3cb082343d74420116cf,3f7cf01d5ae278cc222a28bc20a45b5ad8b361091368deb754553e29b15dd64f
seed_976306_C3_COMBINED_INTERVENTION_task_071,976306,C3_COMBINED_INTERVENTION,71,dialog_trajectories/seed_976306/C3_COMBINED_INTERVENTION/task_071.json,mechanism_traces/seed_976306/C3_COMBINED_INTERVENTION/task_071.json,0,0,0.01438805,0.018776,79.87356133299181,cd29f6953cc17157cd7ec96d69f19f7e570adb7634e2dfa75206f89407651203,98996f4508b3299ad0f3a3dba065ba4d89c6a0c8f4508cbd0b29b6014c8bfac6
seed_976306_C3_COMBINED_INTERVENTION_task_073,976306,C3_COMBINED_INTERVENTION,73,dialog_trajectories/seed_976306/C3_COMBINED_INTERVENTION/task_073.json,mechanism_traces/seed_976306/C3_COMBINED_INTERVENTION/task_073.json,1,1,0.0042045,0.0056159999999999995,26.511599290999584,90ad0b8b0a2fd32d59de62e04e4d503c34bd0413c781ab66de7eef799f00d149,965ac7227f74287aba6ee7eb7e12e630740a0fde1b7085aa4a2694b5cd2aed29
seed_976306_C3_COMBINED_INTERVENTION_task_074,976306,C3_COMBINED_INTERVENTION,74,dialog_trajectories/seed_976306/C3_COMBINED_INTERVENTION/task_074.json,mechanism_traces/seed_976306/C3_COMBINED_INTERVENTION/task_074.json,1,1,0.01570798,0.013581999999999999,81.16199033299927,01bfa4e194e8c3e2f4d23496324f684bba32ddc4f7cd96494fc6eeaccae6c7f5,b21a8e22543320ea12d710f36fb7ad8a1218c29ace436580cab29c9580fa4198
seed_976306_C3_COMBINED_INTERVENTION_task_075,976306,C3_COMBINED_INTERVENTION,75,dialog_trajectories/seed_976306/C3_COMBINED_INTERVENTION/task_075.json,mechanism_traces/seed_976306/C3_COMBINED_INTERVENTION/task_075.json,1,1,0.007294160000000001,0.00828,38.93937012500828,ef67a76f5e1403fd6fae27442fa3f99628cbeba5e213de8f1bd60cbdc48806de,7b3896ecf0659c8f26977a58ef98c1568b7673a6b17f0ee9d93fe3492e996ee5
seed_976306_C3_COMBINED_INTERVENTION_task_077,976306,C3_COMBINED_INTERVENTION,77,dialog_trajectories/seed_976306/C3_COMBINED_INTERVENTION/task_077.json,mechanism_traces/seed_976306/C3_COMBINED_INTERVENTION/task_077.json,1,1,0.00736373,0.010896,46.42451941699255,c63d822f6f24f4167a210df467eefafe7cda4ba4d6b0c7c622f81f00cb2a2b15,da549db1111705e5562311e50e9a437fc46c512b838c98a69689ebfce32df9c0
seed_976306_C3_COMBINED_INTERVENTION_task_079,976306,C3_COMBINED_INTERVENTION,79,dialog_trajectories/seed_976306/C3_COMBINED_INTERVENTION/task_079.json,mechanism_traces/seed_976306/C3_COMBINED_INTERVENTION/task_079.json,1,1,0.01024387,0.010676,56.28799345798325,97562be6055d68b8b7b642c8f5a62ad30ff23229dcea5b77bcd61d7e2ebee33f,0dd5be1a0295a775b8056d4a10135cff7d30cb0d777e8c426f19dfff202ee446
seed_976306_C3_COMBINED_INTERVENTION_task_080,976306,C3_COMBINED_INTERVENTION,80,dialog_trajectories/seed_976306/C3_COMBINED_INTERVENTION/task_080.json,mechanism_traces/seed_976306/C3_COMBINED_INTERVENTION/task_080.json,1,1,0.010206880000000002,0.015566,63.827398833003826,92c235a3c406f44a0c14ea96ca3b6ab71bfa2ae275aaf9299c352affeea37e88,821d41dcb2e2d63727442f9ff1d0373955b9dd4f340e212263ffc3ea91b2c6da
seed_976306_C3_COMBINED_INTERVENTION_task_086,976306,C3_COMBINED_INTERVENTION,86,dialog_trajectories/seed_976306/C3_COMBINED_INTERVENTION/task_086.json,mechanism_traces/seed_976306/C3_COMBINED_INTERVENTION/task_086.json,1,1,0.016346779999999998,0.011607999999999999,76.9226933750324,0e02d190cfd26a88850d7e7c8a4b5a8f1a3ea36bd02ff4703ec7c7bd4c3ab099,46f4e3046a6e9670f81af532951bf25491f8e288f473cd9293706b8476bb4357
seed_976306_C3_COMBINED_INTERVENTION_task_087,976306,C3_COMBINED_INTERVENTION,87,dialog_trajectories/seed_976306/C3_COMBINED_INTERVENTION/task_087.json,mechanism_traces/seed_976306/C3_COMBINED_INTERVENTION/task_087.json,1,1,0.012164059999999999,0.009751999999999999,57.714824167022016,ed712bb50ec399fb998495695a324989502267bec210672b82e75ecde54565a8,12b0a26252773ab6c4325a42e590b8ca8b89a2f3d70aa11ca2a2b4dbaca12791
seed_976306_C3_COMBINED_INTERVENTION_task_090,976306,C3_COMBINED_INTERVENTION,90,dialog_trajectories/seed_976306/C3_COMBINED_INTERVENTION/task_090.json,mechanism_traces/seed_976306/C3_COMBINED_INTERVENTION/task_090.json,1,1,0.0089357,0.017169999999999998,48.646810416015796,6680be0b3a3f9e205638318f6e4ddd9fc5fd70a284c2a39ce788d3b2162b0a96,8ab96b16425333286df13757cc5d6ad2c04eacf83780fff81058e1f49a16d62a
seed_976306_C3_COMBINED_INTERVENTION_task_091,976306,C3_COMBINED_INTERVENTION,91,dialog_trajectories/seed_976306/C3_COMBINED_INTERVENTION/task_091.json,mechanism_traces/seed_976306/C3_COMBINED_INTERVENTION/task_091.json,1,1,0.012676700000000003,0.016087999999999998,71.26329287496628,90e9cf5d8b018491e71c89e1ec1ce73620dd56073c81bfd876c718801241c295,f3dda4c4dcd02d6d2967293a607bb5b821671b55a51f495eb3b9e4b3a8210596
seed_976306_C3_COMBINED_INTERVENTION_task_094,976306,C3_COMBINED_INTERVENTION,94,dialog_trajectories/seed_976306/C3_COMBINED_INTERVENTION/task_094.json,mechanism_traces/seed_976306/C3_COMBINED_INTERVENTION/task_094.json,0,0,0.01308162,0.016752,72.43305120797595,6d878c7cbc42402a7612369e2a70328fa421c814024bea8d2fa8ac63c89cef8b,a78c22ebfbf4bf01a607ee895df4c45216ce2d2c3ad751af2d745c9fa3056f6c
seed_976306_C3_COMBINED_INTERVENTION_task_095,976306,C3_COMBINED_INTERVENTION,95,dialog_trajectories/seed_976306/C3_COMBINED_INTERVENTION/task_095.json,mechanism_traces/seed_976306/C3_COMBINED_INTERVENTION/task_095.json,1,1,0.01258466,0.015058,73.85397558304248,c02ef6cbf298938f30414929f43f4b3c1fd3154cd47a43ec3d25a599a27b5363,30a598b2a4a538e733d05c3f20a3f0715a66b77ff9368568b5bbf08b733219ab
seed_976306_C3_COMBINED_INTERVENTION_task_097,976306,C3_COMBINED_INTERVENTION,97,dialog_trajectories/seed_976306/C3_COMBINED_INTERVENTION/task_097.json,mechanism_traces/seed_976306/C3_COMBINED_INTERVENTION/task_097.json,1,1,0.010859910000000002,0.00808,69.70241283299401,31822e20df5c7a48c12f653c5c53e373314633beb2c333d1ef264e3e7e37bcd4,afbf3dda9c617ffc4e6f6f7b008b4651683baca095777313eefa9bbfe1e85a1d
seed_976306_C3_COMBINED_INTERVENTION_task_099,976306,C3_COMBINED_INTERVENTION,99,dialog_trajectories/seed_976306/C3_COMBINED_INTERVENTION/task_099.json,mechanism_traces/seed_976306/C3_COMBINED_INTERVENTION/task_099.json,0,0,0.00506936,0.009498,39.764492207963485,dd8d43f79e95d26dbd8010b661c3d56ca088f46d01c9975b03fa50d3507a2832,8ee9c426c725edf1da27da998b9eeac9e862445a8c4c0873e8b89dc6fd7910e4
seed_976306_C3_COMBINED_INTERVENTION_task_100,976306,C3_COMBINED_INTERVENTION,100,dialog_trajectories/seed_976306/C3_COMBINED_INTERVENTION/task_100.json,mechanism_traces/seed_976306/C3_COMBINED_INTERVENTION/task_100.json,1,1,0.01481841,0.018757999999999997,77.7445074999705,58bcec2bdf1707d793c3a3ec7a5fe05465eeedf263b3859ba93c220f5251a7af,f444b8e44ddfe4dc3bbf861157ddc0e1bd239a938759df2fb2f626f4fdf5be16
seed_976306_C3_COMBINED_INTERVENTION_task_101,976306,C3_COMBINED_INTERVENTION,101,dialog_trajectories/seed_976306/C3_COMBINED_INTERVENTION/task_101.json,mechanism_traces/seed_976306/C3_COMBINED_INTERVENTION/task_101.json,1,1,0.015525980000000002,0.018324,78.43657716701273,23eac968aea970c777d4b845174bdfc01ebbb7d77278c04131166904c21ff938,3a69e7c48443322ca6fbb0ac23bc0332d9cec915c311a597a9872841034a07ce
seed_976306_C3_COMBINED_INTERVENTION_task_102,976306,C3_COMBINED_INTERVENTION,102,dialog_trajectories/seed_976306/C3_COMBINED_INTERVENTION/task_102.json,mechanism_traces/seed_976306/C3_COMBINED_INTERVENTION/task_102.json,0,0,0.00939699,0.009606000000000002,44.5634872080409,7eb5b16ccb90788552ff61381c5c338412c68d2754223f5fdbdc1349b5f8d7bc,697dbe9ceb888342a197ff38359e1f23b0ad4846357c66c27029a4ed1165b336
seed_976306_C3_COMBINED_INTERVENTION_task_105,976306,C3_COMBINED_INTERVENTION,105,dialog_trajectories/seed_976306/C3_COMBINED_INTERVENTION/task_105.json,mechanism_traces/seed_976306/C3_COMBINED_INTERVENTION/task_105.json,0,0,0.009038349999999999,0.015983999999999998,50.224031417048536,d104e88ce4a2743b7f848cdf8be06e48ec3df003fb1d247b5c70fb30626e73fa,0ef740ab8a4ec73be8f4c3d7b2d79ad34c8ecf372875f0fbe1c3d3bc46098101
seed_976306_C3_COMBINED_INTERVENTION_task_108,976306,C3_COMBINED_INTERVENTION,108,dialog_trajectories/seed_976306/C3_COMBINED_INTERVENTION/task_108.json,mechanism_traces/seed_976306/C3_COMBINED_INTERVENTION/task_108.json,0,0,0.007718050000000001,0.016194,48.36389204196166,f0808b75e12fb37080976b61f8784c86d020a8de08384b437463d945910eedac,78bcb08e954e2ac1c90f903c254f79798200e3f6daa5e256c8b5d55c809ff647
seed_976306_C3_COMBINED_INTERVENTION_task_111,976306,C3_COMBINED_INTERVENTION,111,dialog_trajectories/seed_976306/C3_COMBINED_INTERVENTION/task_111.json,mechanism_traces/seed_976306/C3_COMBINED_INTERVENTION/task_111.json,1,1,0.021875310000000002,0.022483999999999997,104.09579345799284,96356935e9b7e15aa29cf7a1f63c1863af6bde8d970675f5500f6c1b6d7e1526,cd528d53bcecee50b179264c19f78b3f37930edc39ac4a43e81510e8e189d10c
seed_976306_C3_COMBINED_INTERVENTION_task_113,976306,C3_COMBINED_INTERVENTION,113,dialog_trajectories/seed_976306/C3_COMBINED_INTERVENTION/task_113.json,mechanism_traces/seed_976306/C3_COMBINED_INTERVENTION/task_113.json,1,1,0.00559833,0.007167999999999999,34.052832833025604,e8863003ce465abcdb4a492e1b1d4339740602a644e67d76b8455c99babeee2d,6d118b6fb77cdd2d3771c92db67c7a1ac62c0c9438c242ab384feecd1e178a2c
